accid;accversion;acccreated;accchanged;fournisseurid;fournisseurname;accname;accshortname;accdescription;accprivatecode;accxespg2154;accyespg2154;accisentry;accisexit;accgeopoint
50147941;1824338;2021-10-22T08:25:55+00:00;2026-07-24T11:44:37+00:00;59;RATP;r. de l'Église;3;;50147941;645856;6865163;true;true;48.88420501418019, 2.261677427117712
50211181;1824326;2026-07-24T11:44:31+00:00;2026-07-24T11:44:30+00:00;59;RATP;r. du Château;1;;50211181;645739;6865261;true;true;48.885076438936345, 2.2600695538575843
50148414;1606962;2021-10-22T08:24:11+00:00;2026-07-24T08:33:04+00:00;59;RATP;terre-plein central / du bd de la Villette;4;;50148414;654282;6863752;true;true;48.872169624689874, 2.3767233529317426
50148876;1572166;2021-10-22T08:22:38+00:00;2026-07-24T08:27:09+00:00;59;RATP;rue de Chaumont;6;;50148876;653932;6864815;true;true;48.881703988125956, 2.3718366951566034
50147924;1572973;2021-10-22T08:25:58+00:00;2026-07-24T08:27:09+00:00;59;RATP;quai de la Loire;2;;50147924;653867;6864970;true;true;48.8830932053477, 2.37093358350565
50148023;1661262;2021-10-22T08:25:38+00:00;2026-07-23T08:33:48+00:00;59;RATP;av. du Pdt Kennedy;2;;50148023;647585;6862180;true;true;48.857522780863256, 2.2856212390158057
50148049;1572879;2021-10-22T08:25:32+00:00;2026-07-23T08:30:38+00:00;59;RATP;bd de Picpus;1;;50148049;656041;6860350;true;true;48.84169807953678, 2.401054774523901
50148051;1572877;2021-10-22T08:25:32+00:00;2026-07-23T08:30:38+00:00;59;RATP;r. Dagorno;3;;50148051;656027;6860354;true;true;48.84173309665, 2.4008636170981648
50148767;1572269;2021-10-22T08:23:00+00:00;2026-07-23T08:28:47+00:00;59;RATP;r. Bruant;1;;50148767;653574;6859604;true;true;48.83481624043922, 2.3675244957236505
50148086;1572855;2021-10-22T08:25:24+00:00;2026-07-23T08:28:26+00:00;59;RATP;av. de Flandre;5;;50148086;653814;6865195;true;true;48.88511276338574, 2.370186438911667
50148036;1572890;2021-10-22T08:25:35+00:00;2026-07-23T08:26:08+00:00;59;RATP;bd Auguste Blanqui;2;;50148036;652278;6859032;true;true;48.829577526547006, 2.3499336322601176
50148037;1572889;2021-10-22T08:25:35+00:00;2026-07-23T08:26:08+00:00;59;RATP;r. Corvisart;1;;50148037;652274;6859045;true;true;48.8296941409611, 2.3498776889855013
50245429;1821366;2026-07-08T13:29:58+00:00;2026-07-08T15:33:03+00:00;59;RATP;bd de Magenta;8;;;652890;6864197;true;true;48.876071092405724, 2.3576975983479107
50147777;1573106;2021-10-22T08:26:30+00:00;2026-07-08T15:33:03+00:00;59;RATP;r. du Faubourg Saint-Martin;4;;50147777;652985;6864178;true;true;48.87590717241035, 2.3589948836522865
50148489;1572495;2021-10-22T08:23:55+00:00;2026-06-16T09:18:36+00:00;59;RATP;rue Intérieure;5;;50148489;650549;6864224;true;true;48.87613839458703, 2.3257785441463854
50148663;1806069;2021-10-22T08:23:20+00:00;2026-06-16T09:18:36+00:00;59;RATP;passage du Havre;3;;50148663;650623;6864138;true;true;48.87537069804031, 2.3267974173071004
50147833;1805355;2021-10-22T08:26:17+00:00;2026-06-15T09:36:43+00:00;59;RATP;Tour Montparnasse;4;;50147833;650136;6860359;true;true;48.841349151180346, 2.320601312857724
50147832;1573055;2021-10-22T08:26:18+00:00;2026-06-15T09:36:43+00:00;59;RATP;r. d'Odessa;6;;50147832;650414;6860579;true;true;48.84334906126419, 2.324363239546925
50148732;1572301;2021-10-22T08:23:08+00:00;2026-04-13T12:36:58+00:00;59;RATP;bd Ornano;4;;50148732;651913;6869047;true;true;48.919612810410975, 2.343828206170764
50148862;1572177;2021-10-22T08:22:40+00:00;2026-04-03T09:24:02+00:00;59;RATP;Université;1;;50148862;653426;6871956;true;true;48.94588267252467, 2.3641533249858857
50148498;1572488;2021-10-22T08:23:53+00:00;2026-04-03T09:23:49+00:00;59;RATP;r. de la Jonquière;2;;50148498;650658;6866100;true;true;48.89301697541353, 2.3270466137930073
50148497;1572489;2021-10-22T08:23:53+00:00;2026-04-03T09:23:49+00:00;59;RATP;av. de Saint-Ouen;3;;50148497;650685;6866086;true;true;48.892893147935325, 2.3274164631955103
50147986;1661267;2021-10-22T08:25:45+00:00;2026-04-03T09:23:45+00:00;59;RATP;rue de Rivoli;1;;50147986;653056;6861887;true;true;48.85530975399, 2.36021593656261
50147971;1572945;2021-10-22T08:25:49+00:00;2026-04-03T09:23:32+00:00;59;RATP;pl. Clemenceau;1;;50147971;649618;6863269;true;true;48.86747816163801, 2.313199049609146
50147958;1661273;2021-10-22T08:25:51+00:00;2026-04-03T09:23:25+00:00;59;RATP;av. de Malakoff;2;;50147958;647494;6864347;true;true;48.87700266641618, 2.2841132836493285
50148509;1572477;2021-10-22T08:23:51+00:00;2026-04-03T09:23:21+00:00;59;RATP;La Plaine;1;;50148509;652869;6870101;true;true;48.929161482005796, 2.356755574794523
50148001;1572918;2021-10-22T08:25:42+00:00;2026-04-03T09:23:01+00:00;59;RATP;pl. Bérault;2;;50148001;658015;6860774;true;true;48.84564277819281, 2.427907879615322
50148898;1572144;2021-10-22T08:22:33+00:00;2026-04-03T09:22:45+00:00;59;RATP;r. de la Jonquière;8;;50148898;649923;6866269;true;true;48.894479969322276, 2.317002838869153
50148514;1572472;2021-10-22T08:23:50+00:00;2026-04-03T09:22:45+00:00;59;RATP;bd Bessières;2;;50148514;649711;6866260;true;true;48.894382511072216, 2.3141125950940045
50148704;1572328;2021-10-22T08:23:15+00:00;2026-04-03T09:22:31+00:00;59;RATP;passage de l'Aqueduc;1;;50148704;653034;6870934;true;true;48.93666412237004, 2.3589150979893097
50148486;1572497;2021-10-22T08:23:56+00:00;2026-04-03T09:22:25+00:00;59;RATP;Centre Commercial;2;;50148486;650223;6860050;true;true;48.838577036624535, 2.321822790744817
50148524;1606943;2021-10-22T08:23:48+00:00;2026-04-03T09:21:54+00:00;59;RATP;Entrée / Sortie;0;;50148524;648280;6868720;true;true;48.916390572036285, 2.294296481318167
50147943;1572964;2021-10-22T08:25:54+00:00;2026-04-03T09:21:49+00:00;59;RATP;Puteaux;2;;50147943;644939;6865590;true;true;48.88796707883622, 2.2491183404250896
50147942;1572965;2021-10-22T08:25:55+00:00;2026-04-03T09:21:49+00:00;59;RATP;Courbevoie;1;;50147942;644962;6865645;true;true;48.8884636352799, 2.2494248493525597
50147974;1572942;2021-10-22T08:25:48+00:00;2026-04-03T09:21:44+00:00;59;RATP;av. George V;2;;50147974;648685;6863759;true;true;48.8718109549029, 2.3004219955517975
50148812;1572225;2021-10-22T08:22:51+00:00;2026-04-03T09:21:30+00:00;59;RATP;r. Niepce;2;;50148812;650008;6859600;false;true;48.834513527910275, 2.318946587566331
50148888;1572154;2021-10-22T08:22:35+00:00;2026-04-03T09:21:20+00:00;59;RATP;esplanade Jean Moulin;4;;50148888;651198;6868280;true;true;48.91266181038636, 2.334160375241325
50148506;1572480;2021-10-22T08:23:52+00:00;2026-04-03T09:21:20+00:00;59;RATP;Mairie de Saint-Ouen;1;;50148506;651201;6868212;false;true;48.91205055239875, 2.3342091269270853
50208149;1572028;2024-05-29T15:57:04+00:00;2026-04-03T09:21:15+00:00;59;RATP;r. Louis-Philippe;1;;50208149;646573;6864848;true;true;48.881432231579154, 2.2714937074571804
50147984;1572933;2021-10-22T08:25:46+00:00;2026-04-03T09:21:09+00:00;59;RATP;r. Legraverend;10;;50147984;654143;6860853;true;true;48.8460893061079, 2.375141182963182
50148559;1572432;2021-10-22T08:23:40+00:00;2026-04-03T09:21:09+00:00;59;RATP;bd Diderot;1;;50148559;653977;6860803;true;true;48.84562782047798, 2.3728847317023467
50148561;1572430;2021-10-22T08:23:40+00:00;2026-04-03T09:21:09+00:00;59;RATP;Maison de la Ratp;15;;50148561;654000;6860546;true;true;48.843318255716476, 2.3732259157543023
50148698;1572334;2021-10-22T08:23:17+00:00;2026-04-03T09:21:09+00:00;59;RATP;r. de Bercy;7;;50148698;654012;6860598;true;true;48.84378674984897, 2.373383792686522
50148495;1661206;2021-10-22T08:23:54+00:00;2026-04-03T09:16:20+00:00;59;RATP;Rue de Liège;1;;50148495;650618;6864606;true;true;48.879578904079686, 2.326674843238437
50148476;1572507;2021-10-22T08:23:58+00:00;2026-04-03T09:15:50+00:00;59;RATP;bd Lefebvre;4;;50148476;648970;6858873;true;true;48.82789421859234, 2.304893562902539
50147966;1661270;2021-10-22T08:25:50+00:00;2026-04-03T09:12:34+00:00;59;RATP;rue de Rivoli;1;;50147966;650852;6862905;true;false;48.86430011985234, 2.330062059518777
50148788;1572249;2021-10-22T08:22:56+00:00;2026-04-03T09:11:35+00:00;59;RATP;av. de Clichy;1;;50148788;650520;6865509;true;true;48.88769175425137, 2.3252334628482125
50210169;1571982;2024-05-29T15:56:51+00:00;2026-04-03T09:02:10+00:00;59;RATP;r. Martre;1;;50210169;649162;6867209;true;true;48.90287329369322, 2.306511541577717
50148520;1572466;2021-10-22T08:23:49+00:00;2026-04-03T09:02:10+00:00;59;RATP;r. Villeneuve;3;;50148520;649078;6867289;true;true;48.90358605243748, 2.3053561445869626
50148518;1572468;2021-10-22T08:23:49+00:00;2026-04-03T09:02:10+00:00;59;RATP;r. Charles et René Auffray;2;;50148518;649131;6867193;true;true;48.9027269648572, 2.3060906058597537
50148844;1572192;2021-10-22T08:22:44+00:00;2026-04-03T08:54:13+00:00;59;RATP;Grande Arche;1;;50148844;644102;6866081;true;true;48.89231028393414, 2.23764000536301
50148547;1572442;2021-10-22T08:23:43+00:00;2026-04-03T08:54:13+00:00;59;RATP;salle des Colonnes;8;;50148547;644102;6866081;true;true;48.89231028393414, 2.23764000536301
50147945;1572962;2021-10-22T08:25:54+00:00;2026-04-03T08:54:13+00:00;59;RATP;pl. Carpeaux;7;;50147945;644122;6866163;true;true;48.893049404759196, 2.23790196337428
50148363;1572602;2021-10-22T08:24:22+00:00;2026-04-03T08:51:58+00:00;59;RATP;r. de Sèvres;2;;50148363;649862;6860995;true;true;48.84704742193906, 2.3167932645780613
50147988;1572931;2021-10-22T08:25:45+00:00;2026-04-03T08:51:08+00:00;59;RATP;pl. du Palais Royal;2;;50147988;651298;6862707;true;true;48.86255341345821, 2.33616390128029
50147969;1572947;2021-10-22T08:25:49+00:00;2026-04-03T08:48:31+00:00;59;RATP;av. Gabriel;7;;50147969;650234;6863209;true;true;48.86698648288327, 2.321602893521072
50147998;1572921;2021-10-22T08:25:43+00:00;2026-04-03T08:42:18+00:00;59;RATP;Fort Neuf;4;;50147998;658939;6860595;false;true;48.84409255977396, 2.4405152583821352
50148551;1572439;2021-10-22T08:23:42+00:00;2026-04-03T08:41:12+00:00;59;RATP;av. Foch;8;;50148551;648101;6863943;true;true;48.87341882047002, 2.2924382632148212
50148558;1572433;2021-10-22T08:23:41+00:00;2026-04-03T08:39:33+00:00;59;RATP;Forum - Pte Lescot;3;;50148558;652152;6862603;true;true;48.86168215645291, 2.3478155834385595
50148652;1661194;2021-10-22T08:23:22+00:00;2026-04-03T08:39:33+00:00;59;RATP;Porte Marguerite de Navarre;1;;50148652;652043;6862465;true;true;48.860433035639524, 2.3463455149117345
50148697;1572335;2021-10-22T08:23:17+00:00;2026-04-03T08:39:33+00:00;59;RATP;Théâtre du Châtelet;15;;50148697;652070;6862176;true;true;48.857836102563994, 2.3467460955207637
50148010;1572909;2021-10-22T08:25:41+00:00;2026-04-03T08:36:53+00:00;59;RATP;av. du Docteur Arnold Netter;3;;50148010;656501;6860956;true;true;48.84717908509189, 2.407260098772811
50149891;1785194;2024-05-29T15:57:20+00:00;2026-04-02T14:44:33+00:00;59;RATP;Rue Veuve Aublet;4;;50149891;658989;6865062;true;true;48.88426712638703, 2.4407654574978546
50208226;1785193;2024-02-20T08:22:31+00:00;2026-04-02T14:44:32+00:00;59;RATP;av. Jean Jaurès;3;;50208226;655438;6867273;false;true;48.90391389361236, 2.3921130173047027
50208227;1785192;2024-02-20T08:22:30+00:00;2026-04-02T14:44:31+00:00;59;RATP;av. Édouard Vaillant;4;;50208227;655453;6867248;false;true;48.90369011795515, 2.3923202543416613
50148889;1766998;2021-10-22T08:22:35+00:00;2026-03-20T14:29:04+00:00;59;RATP;r. Emmy Noether;6;;50148889;650353;6867403;false;true;48.90471079898841, 2.3227346396888646
50148596;1572401;2021-10-22T08:23:33+00:00;2026-03-12T14:39:01+00:00;59;RATP;av. du Pavé Neuf;4;;50148596;667096;6860163;true;true;48.84067565461115, 2.5516908026896745
50148651;1711748;2021-10-22T08:23:22+00:00;2026-01-06T10:54:35+00:00;59;RATP;Place du Grand Ouest;2;test;50148651;645588;6847445;true;true;48.72484040660311, 2.2602864111772063
50211321;1711737;2026-01-06T10:54:30+00:00;2026-01-06T10:54:30+00:00;59;RATP;r. Henri Barbusse;2;;50211321;651375;6860150;false;true;48.8395642902059, 2.3375058184984647
50208207;1606680;2024-02-22T14:34:44+00:00;2025-09-03T07:55:13+00:00;59;RATP;r. Carnot;3;;50208207;659650;6867550;false;true;48.90668265779297, 2.449542191981127
50208204;1606683;2024-02-22T14:34:46+00:00;2025-09-03T07:55:13+00:00;59;RATP;Entrée / Sortie;0;;50208204;659656;6867574;true;true;48.906898855833774, 2.449621759741554
50147772;1607041;2021-10-22T08:26:31+00:00;2025-09-03T07:55:13+00:00;59;RATP;Entrée / Sortie;0;;50147772;659661;6867576;true;true;48.90691715437559, 2.449689778052872
50147771;1573111;2021-10-22T08:26:31+00:00;2025-09-03T07:55:13+00:00;59;RATP;Palais de Justice;2;;50147771;659628;6867591;true;true;48.90704997401073, 2.4492381747979803
50147773;1573110;2021-10-22T08:26:31+00:00;2025-09-03T07:55:13+00:00;59;RATP;r. Carnot;3;;50147773;659627;6867562;true;true;48.90678912649145, 2.4492272925404968
50210259;1661173;2024-03-06T16:54:30+00:00;2025-09-03T07:51:19+00:00;59;RATP;Boulevard des Maréchaux;1;;50210259;651475;6858028;false;true;48.820488452471466, 2.339110183197702
50148656;1572348;2021-10-22T08:23:21+00:00;2025-09-03T07:50:26+00:00;59;RATP;bd Sérurier;4;;50148656;656454;6864302;true;true;48.87726618492566, 2.406276856730521
50147810;1661298;2021-10-22T08:26:22+00:00;2025-08-05T11:53:28+00:00;59;RATP;Fontaine Saint-Michel;3;;50147810;651829;6861668;true;true;48.85324973051884, 2.3435191385641225
50147814;1661296;2021-10-22T08:26:22+00:00;2025-08-05T11:53:28+00:00;59;RATP;Rue de Turbigo;1;;50147814;652232;6862826;true;true;48.863693500110394, 2.348880897536838
50147903;1661291;2021-10-22T08:26:03+00:00;2025-08-05T11:53:26+00:00;59;RATP;r. des champeaux;2;;50147903;657202;6862896;true;true;48.86467238684475, 2.4166166330704923
50147921;1661289;2021-10-22T08:25:59+00:00;2025-08-05T11:53:25+00:00;59;RATP;Entrée / Sortie;1;;50147921;653154;6863139;true;true;48.86657597283237, 2.361413497606076
50147937;1661281;2021-10-22T08:25:56+00:00;2025-08-05T11:53:21+00:00;59;RATP;pl de la République-Dominicaine;1;;50147937;649352;6864703;true;true;48.88035286735808, 2.309402194768258
50147952;1661277;2021-10-22T08:25:53+00:00;2025-08-05T11:53:20+00:00;59;RATP;bd de la Chapelle;1;;50147952;654542;6863403;true;true;48.86904953464416, 2.380305144296481
50148041;1661256;2021-10-22T08:25:34+00:00;2025-08-05T11:53:10+00:00;59;RATP;bd de Bercy;2;;50148041;654476;6860198;true;true;48.8402224772534, 2.379748641998759
50148136;1661238;2021-10-22T08:25:11+00:00;2025-08-05T11:53:02+00:00;59;RATP;av. de la Porte d'Ivry;3;;50148136;653724;6858074;false;true;48.82106750357728, 2.369734271514429
50148144;1661237;2021-10-22T08:25:10+00:00;2025-08-05T11:53:01+00:00;59;RATP;avenue de Fontainebleau;1;;50148144;653170;6856892;true;true;48.81039748233223, 2.362319282544066
50148145;1661236;2021-10-22T08:25:10+00:00;2025-08-05T11:53:01+00:00;59;RATP;avenue de Fontainebleau / avenue Eugène Thomas;2;;50148145;653142;6856864;true;true;48.81014363605798, 2.361941105994454
50148382;1661225;2021-10-22T08:24:18+00:00;2025-08-05T11:52:56+00:00;59;RATP;bd Jean Jaurès / rue du Château / côté des n° pairs;2;;50148382;644126;6860502;true;true;48.84214207093818, 2.23870087658547
50148440;1661215;2021-10-22T08:24:06+00:00;2025-08-05T11:52:52+00:00;59;RATP;Place Pierre Lafue;1;;50148440;650729;6860734;true;true;48.844767136156094, 2.3286371257104297
50170425;1821461;2021-10-22T09:21:09+00:00;2026-07-08T15:52:24+00:00;1;SNCF;Rue de Dunkerque;6;Source IDFM - Accès principal Gare (verrière);475327;652783;6864628;true;true;48.87993912562665, 2.356190903858436
50170864;1821456;2021-10-22T09:19:26+00:00;2026-07-08T15:40:59+00:00;1;SNCF;r. de Maubeuge;9;Source IDFM;475328;652672;6864872;true;true;48.882125198505776, 2.3546502834548124
50170731;1342601;2021-10-22T09:19:53+00:00;2026-04-22T15:07:30+00:00;1;SNCF;pl. Marcel Cachin;;Source IDFM;475487;655270;6857322;true;true;48.8144137011053, 2.390868501587512
50170773;1342517;2021-10-22T09:19:45+00:00;2026-04-16T09:54:12+00:00;1;SNCF;r. Budapest;;Source IDFM;475334;650625;6864332;true;true;48.87711543955626, 2.3268021344824814
50170068;1672750;2021-10-22T09:22:23+00:00;2025-12-22T17:37:11+00:00;1;SNCF;av. Carnot;3;Source IDFM;475907;645517;6847371;true;false;48.72416887499348, 2.2593306817366496
50234653;1702253;2025-12-22T17:37:10+00:00;2025-12-22T17:37:11+00:00;1;SNCF;Place Sémard;;;;645347;6847482;true;true;48.72515282843859, 2.2570055540198455
50234648;1702224;2025-12-22T17:16:18+00:00;2025-12-22T17:21:27+00:00;1;SNCF;Rue Joseph Frantz - Mail Félix Amiot;;;;646069;6859330;true;true;48.831767841644776, 2.265321819959432
50234649;1702227;2025-12-22T17:19:21+00:00;2025-12-22T17:21:27+00:00;1;SNCF;Côté Centre Ville;;;;645928;6859073;true;true;48.82944482005126, 2.263433807095983
50234642;1702198;2025-12-22T16:57:15+00:00;2025-12-22T16:57:48+00:00;1;SNCF;Entrée / Sortie;;;;682344;6782999;true;true;48.14711732797872, 2.762600206678377
50234640;1702185;2025-12-22T16:54:09+00:00;2025-12-22T16:54:10+00:00;1;SNCF;Entrée / Sortie;;;;662778;6893362;true;true;49.13896308741486, 2.4899388159419913
50234636;1702168;2025-12-22T16:45:04+00:00;2025-12-22T16:45:05+00:00;1;SNCF;Entrée / Sortie;;;;655603;6799388;true;true;48.29330663855344, 2.4013839845221576
50229051;1678138;2025-10-07T14:33:58+00:00;2025-10-07T14:35:05+00:00;1;SNCF;Entrée / Sortie;;Source IDFM;;590739;6853064;true;true;48.76841919411335, 1.5133257611343502
50229052;1678140;2025-10-07T14:35:01+00:00;2025-10-07T14:35:05+00:00;1;SNCF;Entrée / Sortie;;Source IDFM;;590686;6853010;true;true;48.76792463257221, 1.5126186188409836
50229048;1678132;2025-10-07T14:22:23+00:00;2025-10-07T14:24:20+00:00;1;SNCF;Entrée / Sortie;;Source IDFM;;723592;6874374;true;true;48.968879629913, 3.322227207188009
50229045;1678126;2025-10-07T14:16:10+00:00;2025-10-07T14:18:39+00:00;1;SNCF;Entrée / Sortie;;Source IDFM;;681312;6888423;true;true;49.095365187293304, 2.7441309078509453
50229041;1678118;2025-10-07T13:54:23+00:00;2025-10-07T13:54:27+00:00;1;SNCF;Rue de Montigny;;Source IDFM;;588840;6889009;true;true;49.09127408808321, 1.4780674416322563
50229036;1678108;2025-10-07T13:41:20+00:00;2025-10-07T13:43:46+00:00;1;SNCF;Entrée / Sortie;;Source IDFM;;726684;6876937;true;true;48.99180545872055, 3.364619828393663
50229034;1678101;2025-10-07T12:35:01+00:00;2025-10-07T12:35:04+00:00;1;SNCF;Parking;;Source IDFM;;684980;6893651;true;true;49.142466280055196, 2.7941649441714516
50229032;1678097;2025-10-07T12:14:32+00:00;2025-10-07T12:14:36+00:00;1;SNCF;Place Jean Monnet;;Source IDFM;;729891;6882092;true;true;49.038016875680476, 3.4088053744726974
50229030;1676373;2025-09-30T15:56:42+00:00;2025-09-30T15:56:45+00:00;1;SNCF;Entrée / Sortie;;Source IDFM;;613974;6909897;true;true;49.282906798903284, 1.817846402595836
50229028;1676369;2025-09-30T15:39:40+00:00;2025-09-30T15:39:43+00:00;1;SNCF;Entrée / Sortie;;Source IDFM;;661359;6907254;true;true;49.263768783808814, 2.469214909530585
50229027;1676367;2025-09-30T15:37:52+00:00;2025-09-30T15:37:56+00:00;1;SNCF;Parking Sud;;Source IDFM;;691794;6903437;true;true;49.230569524240586, 2.88735294692537
50229020;1676346;2025-09-30T14:07:09+00:00;2025-09-30T14:11:36+00:00;1;SNCF;Gare routière;;Source IDFM;;680879;6767431;true;true;48.006985665409836, 2.7435819279874485
50229019;1676344;2025-09-30T14:06:01+00:00;2025-09-30T14:11:36+00:00;1;SNCF;Centre Ville;;Source IDFM;;680810;6767417;true;true;48.00685765910441, 2.742657236682764
50148460;1661212;2021-10-22T08:24:02+00:00;2025-08-05T11:52:50+00:00;59;RATP;Place Pigalle;1;;50148460;651445;6864900;true;true;48.882285642979824, 2.3379168705488924
50148462;1661210;2021-10-22T08:24:01+00:00;2025-08-05T11:52:49+00:00;59;RATP;Lamarck;1;;50148462;651498;6865735;true;true;48.889798503137506, 2.3385441555954753
50148549;1661205;2021-10-22T08:23:42+00:00;2025-08-05T11:52:47+00:00;59;RATP;av. de la Grande Armée;6;;50148549;648174;6864069;true;true;48.87455778009648, 2.2934180797973616
50148629;1661198;2021-10-22T08:23:26+00:00;2025-08-05T11:52:44+00:00;59;RATP;r. Velpeau;2;;50148629;648893;6851594;true;true;48.7624255110804, 2.304717784598016
50148636;1661196;2021-10-22T08:23:25+00:00;2025-08-05T11:52:43+00:00;59;RATP;r. Pierre Picard;1;;50148636;646569;6848530;true;true;48.73468062506387, 2.273486321082852
50149898;1661185;2024-05-29T15:57:16+00:00;2025-08-05T11:52:38+00:00;59;RATP;Centre Commercial Rosny 2;1;;50149898;661904;6864871;true;true;48.88272856204782, 2.480530948220049
50210192;1661175;2024-02-22T14:34:40+00:00;2025-08-05T11:52:33+00:00;59;RATP;bd de Bercy;2;;50210192;654496;6860198;true;true;48.84022388978512, 2.3800211250238
50148583;1648111;2021-10-22T08:23:36+00:00;2025-04-25T10:00:08+00:00;59;RATP;av. Pierre Semard;3;;50148583;664046;6856397;true;true;48.806643931394206, 2.510454405409258
50210360;1571912;2024-05-29T15:56:33+00:00;2025-04-23T12:48:10+00:00;59;RATP;Orly 1-2-3;0;;50210360;653081;6847703;true;true;48.727748708827455, 2.362118210540045
50210361;1595553;2024-05-29T15:56:32+00:00;2025-04-23T12:48:10+00:00;59;RATP;Orly 4 - T7 - Cœur d'Orly;0;;50210361;653148;6847722;true;true;48.72792445816213, 2.3630269779741617
50170635;1606768;2021-10-22T09:20:13+00:00;2025-02-10T14:58:29+00:00;1;SNCF;Rue Gabriel Péri;;Source IDFM;475144;648926;6872919;true;true;48.95420046411743, 2.302604484705665
50210372;1629209;2025-01-29T14:14:30+00:00;2025-01-29T14:14:30+00:00;59;RATP;pl. du Cardinal Lavigerie;4;;50210372;656080;6859390;true;true;48.833067357085305, 2.401685241162954
50210368;1615512;2024-11-06T17:06:31+00:00;2024-11-06T17:06:31+00:00;59;RATP;Parc des Hautes-Bruyères;3;;50210368;652188;6854941;true;true;48.79277939691467, 2.3491670246245513
50170336;1343389;2021-10-22T09:21:27+00:00;2024-09-05T05:14:51+00:00;1;SNCF;Entrée / Sortie;;Source IDFM;476609;634538;6883184;true;true;49.04519405128226, 2.1045675363742116
50148148;1606983;2021-10-22T08:25:09+00:00;2024-09-03T10:29:19+00:00;59;RATP;boulevard Maxime Gorki;0;;50148148;653597;6855344;true;true;48.796506651727256, 2.3683020892693576
50148352;1606970;2021-10-22T08:24:24+00:00;2024-09-03T10:29:09+00:00;59;RATP;Entrée / Sortie;0;;50148352;652628;6860854;true;true;48.84598870099897, 2.3544982120854057
50148864;1606928;2021-10-22T08:22:40+00:00;2024-09-03T10:28:37+00:00;59;RATP;boulevard Maxime Gorki / côté des n° pairs;0;;50148864;653572;6855329;true;true;48.79636995148353, 2.367963405760214
50149620;1606926;2023-04-12T20:48:35+00:00;2024-09-03T10:28:35+00:00;59;RATP;r. de l'Équerre;5;;50149620;654806;6863957;true;true;48.87405013168135, 2.3838449818166847
50149621;1606925;2023-04-12T20:48:34+00:00;2024-09-03T10:28:34+00:00;59;RATP;sq. Simon Bolivar;6;;50149621;654842;6863958;true;true;48.87406164971263, 2.3843356637062194
50170110;1343841;2021-10-22T09:22:13+00:00;2024-09-01T12:50:22+00:00;1;SNCF;av. de la Gare;;Source IDFM;475978;641314;6878918;true;true;49.007492200548306, 2.197840163807177
50208191;1606687;2024-03-06T16:54:35+00:00;2024-08-30T08:25:16+00:00;59;RATP;r. du Château d'Eau;1;;50208191;652756;6863810;true;true;48.87258107582517, 2.3559137479173398
50210085;1606671;2024-03-18T15:56:38+00:00;2024-08-30T08:25:05+00:00;59;RATP;r. de Tolbiac;1;;50210085;652795;6858677;true;true;48.82642303198136, 2.3570152403608264
50210093;1606670;2024-03-18T15:56:37+00:00;2024-08-30T08:25:04+00:00;59;RATP;r. René Thibert;1;;50210093;653271;6856245;true;true;48.80458613753443, 2.363765518271295
50210101;1606668;2024-03-06T16:54:33+00:00;2024-08-30T08:25:03+00:00;59;RATP;Sortie;0;;50210101;646972;6859692;false;true;48.835098240414375, 2.2775771821801953
50210194;1606649;2024-03-06T16:54:30+00:00;2024-08-30T08:24:48+00:00;59;RATP;r. de l'Ambroisie;2;;50210194;654933;6859470;true;true;48.83370762514164, 2.3860520017250266
50210195;1606648;2024-02-22T14:34:39+00:00;2024-08-30T08:24:47+00:00;59;RATP;av. de France;2;;50210195;654309;6859062;true;true;48.82999449334071, 2.377595406178241
50210217;1606646;2024-02-22T14:34:38+00:00;2024-08-30T08:24:46+00:00;59;RATP;pl. de la Gare;1;;50210217;663987;6856477;true;true;48.8073601137055, 2.5096443244545408
50210313;1606637;2024-02-22T14:34:33+00:00;2024-08-30T08:24:40+00:00;59;RATP;Imp. de la Station;1;;50210313;638412;6844296;true;true;48.69587425338656, 2.163191548301197
50210315;1606635;2024-02-22T14:34:32+00:00;2024-08-30T08:24:39+00:00;59;RATP;Imp. de la Station;1;;50210315;638434;6844310;true;true;48.69600226556192, 2.163488429241969
50210336;1606630;2024-03-18T15:56:31+00:00;2024-08-30T08:24:36+00:00;59;RATP;Entrée / Sortie;0;;50210336;683421;6861746;true;true;48.8555387213611, 2.7740515291189682
50148881;1572161;2021-10-22T08:22:37+00:00;2024-08-05T22:40:48+00:00;59;RATP;Haussmann - Charras;5;;50148881;650814;6863933;false;true;48.87354180212799, 2.329425107669797
50148555;1572436;2021-10-22T08:23:41+00:00;2024-08-05T22:40:48+00:00;59;RATP;r. Auber;1;;50148555;650854;6863780;true;true;48.87216896448763, 2.3299881184940103
50210228;1571966;2024-05-29T15:56:48+00:00;2024-08-05T22:40:48+00:00;59;RATP;pl. Diaghilev;2;;50210228;650863;6863902;true;false;48.87326676723602, 2.330096700159404
50147906;1572989;2021-10-22T08:26:02+00:00;2024-08-05T22:40:48+00:00;59;RATP;r. de Caumartin;4;;50147906;650742;6863925;true;true;48.873464357407926, 2.328444474107598
50147876;1573016;2021-10-22T08:26:08+00:00;2024-08-05T22:40:48+00:00;59;RATP;r. du Havre;1;;50147876;650692;6863956;true;true;48.87373930642084, 2.327759237502014
50148755;1572280;2021-10-22T08:23:03+00:00;2024-08-05T22:40:48+00:00;59;RATP;pl. Diaghilev;2;;50148755;650888;6863897;false;true;48.87322371036571, 2.3304380962772897
50210105;1572016;2024-05-29T15:57:00+00:00;2024-08-05T21:25:53+00:00;59;RATP;r. Saint-Fiacre;5;;50210105;652012;6863633;true;true;48.870934348736704, 2.3457911099147184
50148182;1572771;2021-10-22T08:25:01+00:00;2024-08-05T21:25:53+00:00;59;RATP;r. du Sentier;1;;50148182;652127;6863599;false;true;48.87063715208409, 2.3473626367665497
50148183;1572770;2021-10-22T08:25:01+00:00;2024-08-05T21:25:53+00:00;59;RATP;r. du Fbg Poissonnière;2;;50148183;652102;6863630;true;true;48.87091406976588, 2.3470183405337934
50148301;1572657;2021-10-22T08:24:34+00:00;2024-08-05T21:25:53+00:00;59;RATP;bd Poissonnière;4;;50148301;651835;6863676;true;true;48.871307826144864, 2.343373347804496
50148758;1572277;2021-10-22T08:23:03+00:00;2024-08-05T21:25:53+00:00;59;RATP;r. de Mazagran;4;;50148758;652363;6863548;true;true;48.870196017954925, 2.350585522155605
50149985;1572040;2024-05-29T15:57:07+00:00;2024-07-02T09:04:40+00:00;59;RATP;rue du Landy;3;;50149985;652146;6868803;true;true;48.917436035531445, 2.3470349975288745
50147732;1573145;2021-10-22T08:26:39+00:00;2024-05-29T16:09:17+00:00;59;RATP;r. de Lunéville;1;;50147732;655035;6865400;true;true;48.88704268897193, 2.3868141707397332
50147735;1573142;2021-10-22T08:26:39+00:00;2024-05-29T16:09:15+00:00;59;RATP;av. Jean Jaurès;1;;50147735;654497;6865214;true;true;48.88533225282479, 2.3794977191288016
50147752;1573129;2021-10-22T08:26:35+00:00;2024-05-29T16:09:07+00:00;59;RATP;r. Jules Auffret;4;;50147752;656823;6866003;true;true;48.89258766135373, 2.4111348067128144
50147800;1573084;2021-10-22T08:26:25+00:00;2024-05-29T16:08:36+00:00;59;RATP;r. de Rennes;1;;50147800;650910;6861473;true;true;48.851426744276814, 2.331017990860021
50147823;1573064;2021-10-22T08:26:20+00:00;2024-05-29T16:08:23+00:00;59;RATP;bd de Strasbourg;6;;50147823;652604;6863466;false;true;48.869476387955565, 2.3538799700950106
50147826;1573061;2021-10-22T08:26:19+00:00;2024-05-29T16:08:21+00:00;59;RATP;r. Saint-Denis;5;;50147826;652523;6863472;true;true;48.86952437918135, 2.352775126740627
50147830;1573057;2021-10-22T08:26:18+00:00;2024-05-29T16:08:18+00:00;59;RATP;r. Vavin;2;;50147830;650733;6860467;true;true;48.84236631383841, 2.3287225545110632
50147841;1573049;2021-10-22T08:26:16+00:00;2024-05-29T16:08:13+00:00;59;RATP;r. Notre-Dame des Champs;1;;50147841;650600;6860959;true;true;48.84678067773894, 2.3268533313645303
50147842;1573048;2021-10-22T08:26:16+00:00;2024-05-29T16:08:12+00:00;59;RATP;r. de la Légion Étrangère;6;;50147842;650406;6858145;true;true;48.82145930125517, 2.3245379306886
50147853;1573039;2021-10-22T08:26:14+00:00;2024-05-29T16:08:05+00:00;59;RATP;pl. Denfert-Rochereau;1;;50147853;650956;6859553;true;true;48.83416369037622, 2.3318662219069384
50147864;1573028;2021-10-22T08:26:11+00:00;2024-05-29T16:07:57+00:00;59;RATP;bd des Batignolles;2;;50147864;649840;6864785;false;true;48.88112846352252, 2.316046174715832
50147880;1573013;2021-10-22T08:26:07+00:00;2024-05-29T16:07:47+00:00;59;RATP;pl. du Maréchal Juin;1;;50147880;647200;6866680;true;true;48.89795832693875, 2.279814888542041
50147881;1573012;2021-10-22T08:26:07+00:00;2024-05-29T16:07:46+00:00;59;RATP;r. Anatole France;2;;50147881;647178;6866669;true;true;48.89785760466462, 2.279516197035061
50147883;1573010;2021-10-22T08:26:07+00:00;2024-05-29T16:07:45+00:00;59;RATP;r. Louise Michel;1;;50147883;647771;6865643;true;true;48.88867963901338, 2.2877304145628594
50147889;1573004;2021-10-22T08:26:06+00:00;2024-05-29T16:07:41+00:00;59;RATP;r. Saint-Maur;1;;50147889;654407;6862884;true;true;48.86437270426592, 2.378520550541022
50147901;1572992;2021-10-22T08:26:03+00:00;2024-05-29T16:07:32+00:00;59;RATP;bd Davout;1;;50147901;656601;6862798;true;true;48.863750871290854, 2.408434660328311
50147950;1572959;2021-10-22T08:25:53+00:00;2024-05-29T16:07:08+00:00;59;RATP;r. de Mont-Louis;2;;50147950;655198;6862198;true;true;48.8582590754254, 2.389374569796467
50148026;1572895;2021-10-22T08:25:37+00:00;2024-05-29T16:06:24+00:00;59;RATP;r. Nélaton;1;;50148026;647849;6861773;true;true;48.85388411536089, 2.289269101880853
50148040;1572887;2021-10-22T08:25:34+00:00;2024-05-29T16:06:19+00:00;59;RATP;pont de Bercy;2;;50148040;653996;6859880;true;false;48.83732859410913, 2.373243443141031
50148042;1572885;2021-10-22T08:25:34+00:00;2024-05-29T16:06:18+00:00;59;RATP;pl. du Bataillon du Pacifique;1;;50148042;654454;6860201;true;true;48.84024790194205, 2.379448589472644
50148063;1572871;2021-10-22T08:25:30+00:00;2024-05-29T16:06:08+00:00;59;RATP;av. Lénine;4;;50148063;656807;6869105;true;true;48.92048148001666, 2.4106008194320516
50148066;1572869;2021-10-22T08:25:29+00:00;2024-05-29T16:06:07+00:00;59;RATP;av. Jean Jaurès;2;;50148066;656349;6868484;true;true;48.91486626095988, 2.4044152347064385
50148076;1572864;2021-10-22T08:25:26+00:00;2024-05-29T16:06:02+00:00;59;RATP;bd Macdonald;2;;50148076;655048;6866544;false;true;48.897331185929, 2.3868703099640096
50148096;1572848;2021-10-22T08:25:21+00:00;2024-05-29T16:05:51+00:00;59;RATP;r. La Fayette;2;;50148096;651093;6863893;true;true;48.87320333917118, 2.333233263789004
50148108;1572837;2021-10-22T08:25:18+00:00;2024-05-29T16:05:44+00:00;59;RATP;quai du Louvre;2;;50148108;651719;6862248;true;true;48.85845738036491, 2.3419542427891775
50148111;1572834;2021-10-22T08:25:17+00:00;2024-05-29T16:05:42+00:00;59;RATP;bd Morland;1;;50148111;653213;6861409;true;true;48.851022547748244, 2.3624081448256256
50148113;1572832;2021-10-22T08:25:16+00:00;2024-05-29T16:05:41+00:00;59;RATP;bd Henri IV;3;;50148113;653210;6861444;true;true;48.85133708348075, 2.3623634124845494
50148116;1572830;2021-10-22T08:25:15+00:00;2024-05-29T16:05:40+00:00;59;RATP;r. de Navarre;2;;50148116;652489;6860692;true;true;48.8445216013159, 2.352622348282298
50148123;1572823;2021-10-22T08:25:14+00:00;2024-05-29T16:05:35+00:00;59;RATP;r. de Tolbiac;1;;50148123;652790;6858661;true;true;48.82627877532952, 2.356948912587566
50148129;1572817;2021-10-22T08:25:13+00:00;2024-05-29T16:05:31+00:00;59;RATP;bd Masséna;2;;50148129;652989;6857876;true;true;48.81923366848937, 2.3597460848328886
50148133;1572814;2021-10-22T08:25:12+00:00;2024-05-29T16:05:29+00:00;59;RATP;r. Fernand Widal;4;;50148133;653049;6857825;true;true;48.81877938694527, 2.3605688277948658
50148143;1572805;2021-10-22T08:25:10+00:00;2024-05-29T16:05:23+00:00;59;RATP;pl. de la République;1;;50148143;654718;6856977;true;true;48.81127248468953, 2.383388376693027
50148152;1572799;2021-10-22T08:25:08+00:00;2024-05-29T16:05:19+00:00;59;RATP;av. de la Pte de Sèvres;5;;50148152;646980;6859733;false;true;48.83546761178971, 2.2776810541183434
50148153;1572798;2021-10-22T08:25:08+00:00;2024-05-29T16:05:19+00:00;59;RATP;bd du Général Martial Valin;2;;50148153;646995;6859786;true;true;48.83594547470102, 2.277878792482041
50148155;1572796;2021-10-22T08:25:08+00:00;2024-05-29T16:05:17+00:00;59;RATP;r. Balard;3;;50148155;647032;6859904;true;true;48.83700969019135, 2.278368147974513
50148167;1572784;2021-10-22T08:25:05+00:00;2024-05-29T16:05:09+00:00;59;RATP;av. de La Motte-Picquet;3;;50148167;649116;6861900;false;true;48.85512752357839, 2.306520093532836
50148186;1572767;2021-10-22T08:25:00+00:00;2024-05-29T16:04:58+00:00;59;RATP;r. Froissart;1;;50148186;653553;6862537;true;true;48.86119116577683, 2.3669180688265077
50148189;1572764;2021-10-22T08:24:59+00:00;2024-05-29T16:04:56+00:00;59;RATP;bd Beaumarchais;1;;50148189;653615;6862120;true;true;48.8574455943478, 2.367808609896683
50148192;1572761;2021-10-22T08:24:58+00:00;2024-05-29T16:04:54+00:00;59;RATP;r. du Fbg Saint-Antoine;2;;50148192;653795;6861634;true;true;48.85308796353043, 2.3703145856767005
50148196;1572757;2021-10-22T08:24:57+00:00;2024-05-29T16:04:52+00:00;59;RATP;av. Ledru-Rollin;1;;50148196;654228;6861443;false;true;48.85140121490764, 2.376235859139712
50148199;1572754;2021-10-22T08:24:57+00:00;2024-05-29T16:04:50+00:00;59;RATP;r. Chaligny;2;;50148199;654805;6861279;true;true;48.84996709824285, 2.384116115444675
50148208;1572746;2021-10-22T08:24:54+00:00;2024-05-29T16:04:44+00:00;59;RATP;r. de Picpus;5;;50148208;656242;6859511;true;true;48.83416654579203, 2.4038796119222607
50148214;1572740;2021-10-22T08:24:53+00:00;2024-05-29T16:04:40+00:00;59;RATP;av. de la Liberté;2;;50148214;656446;6858608;true;true;48.8260595326524, 2.4067510444719336
50148216;1572738;2021-10-22T08:24:53+00:00;2024-05-29T16:04:39+00:00;59;RATP;r. de Valmy;3;;50148216;656312;6858738;true;true;48.82721958001741, 2.4049125551588912
50148218;1572736;2021-10-22T08:24:52+00:00;2024-05-29T16:04:38+00:00;59;RATP;r. Gabrielle;2;;50148218;657009;6858050;true;true;48.821079106403204, 2.4144757419749614
50148219;1572735;2021-10-22T08:24:52+00:00;2024-05-29T16:04:37+00:00;59;RATP;r. de Conflans;3;;50148219;656944;6858087;true;true;48.82140751848427, 2.4135867520525367
50148221;1572733;2021-10-22T08:24:51+00:00;2024-05-29T16:04:36+00:00;59;RATP;r. de Paris;4;;50148221;656881;6858148;false;true;48.82195189539998, 2.412722558582569
50148228;1572728;2021-10-22T08:24:49+00:00;2024-05-29T16:04:33+00:00;59;RATP;voie Félix Éboué;2;;50148228;659556;6855289;true;true;48.796413224564525, 2.4494261352209215
50148234;1572722;2021-10-22T08:24:48+00:00;2024-05-29T16:04:29+00:00;59;RATP;quai Alphonse Le Gallo;2;;50148234;643467;6859163;true;true;48.83004303893348, 2.2299003062071368
50148238;1572718;2021-10-22T08:24:47+00:00;2024-05-29T16:04:26+00:00;59;RATP;r. Castéja;3;;50148238;643941;6859288;true;true;48.83120856345974, 2.236340322774799
50148262;1572696;2021-10-22T08:24:42+00:00;2024-05-29T16:04:12+00:00;59;RATP;r. du Ranelagh;2;;50148262;646445;6861955;true;true;48.85540563484838, 2.2701130794578592
50148263;1572695;2021-10-22T08:24:42+00:00;2024-05-29T16:04:11+00:00;59;RATP;av. Mozart;2;;50148263;646736;6862227;false;true;48.85787580855256, 2.274044737223813
50148271;1572687;2021-10-22T08:24:41+00:00;2024-05-29T16:04:07+00:00;59;RATP;av. Georges Mandel;4;;50148271;647638;6862816;true;true;48.86324651860934, 2.286265202377336
50148272;1572686;2021-10-22T08:24:40+00:00;2024-05-29T16:04:06+00:00;59;RATP;av. Raymond Poincaré;3;;50148272;647692;6862858;true;true;48.8636286029082, 2.2869960550882578
50148274;1572684;2021-10-22T08:24:40+00:00;2024-05-29T16:04:05+00:00;59;RATP;av. d'Iéna;3;;50148274;648185;6862935;true;true;48.864360892586525, 2.2937063297307008
50148275;1572683;2021-10-22T08:24:40+00:00;2024-05-29T16:04:04+00:00;59;RATP;av. du Président Wilson;1;;50148275;648223;6862960;true;true;48.864588767822426, 2.2942212367973354
50148283;1572675;2021-10-22T08:24:38+00:00;2024-05-29T16:03:59+00:00;59;RATP;r. La Boétie;1;;50148283;649392;6863826;true;true;48.87246941017769, 2.310052060066587
50148292;1572666;2021-10-22T08:24:36+00:00;2024-05-29T16:03:53+00:00;59;RATP;r. Marivaux;7;;50148292;651424;6863699;true;true;48.87148379306006, 2.3377678747598063
50148307;1572651;2021-10-22T08:24:33+00:00;2024-05-29T16:03:43+00:00;59;RATP;r. Jean-Pierre Timbaud;2;;50148307;653588;6863010;true;true;48.8654473139688, 2.367343451733352
50148323;1572637;2021-10-22T08:24:30+00:00;2024-05-29T16:03:34+00:00;59;RATP;r. Gobert;4;;50148323;654773;6861896;true;true;48.855513513046546, 2.3836144287865406
50148325;1572635;2021-10-22T08:24:29+00:00;2024-05-29T16:03:33+00:00;59;RATP;r. des Boulets;2;;50148325;655175;6861528;true;true;48.852232198417404, 2.389131748778908
50148338;1572624;2021-10-22T08:24:27+00:00;2024-05-29T16:03:26+00:00;59;RATP;r. Barbès;2;;50148338;657733;6861926;true;true;48.85598429741566, 2.4239509400261583
50148339;1572623;2021-10-22T08:24:27+00:00;2024-05-29T16:03:25+00:00;59;RATP;bd de Chanzy;3;;50148339;658635;6862193;true;true;48.85844396769343, 2.436217726673372
50148342;1572620;2021-10-22T08:24:26+00:00;2024-05-29T16:03:23+00:00;59;RATP;pl. Jacques Duclos;1;;50148342;658579;6862116;true;true;48.857747911048484, 2.4354620063510963
50148349;1572613;2021-10-22T08:24:25+00:00;2024-05-29T16:03:18+00:00;59;RATP;r. Buffon;2;;50148349;653306;6860511;true;true;48.84295358507645, 2.3637740510150467
50148350;1572612;2021-10-22T08:24:25+00:00;2024-05-29T16:03:18+00:00;59;RATP;bd de l'Hôpital;1;;50148350;653334;6860506;true;true;48.842910648244526, 2.364156095211414
50148351;1572611;2021-10-22T08:24:24+00:00;2024-05-29T16:03:17+00:00;59;RATP;r. Nicolas Houël;3;;50148351;653295;6860490;true;true;48.84276393432067, 2.36362648370465
50148370;1572595;2021-10-22T08:24:20+00:00;2024-05-29T16:03:06+00:00;59;RATP;r. Fondary;1;;50148370;648274;6861009;true;true;48.8470478014289, 2.2951537710321444
50148372;1572593;2021-10-22T08:24:20+00:00;2024-05-29T16:03:04+00:00;59;RATP;r. des Entrepreneurs;2;;50148372;647587;6860946;true;true;48.84642573150228, 2.2858006121342647
50148383;1572586;2021-10-22T08:24:18+00:00;2024-05-29T16:03:00+00:00;59;RATP;av. du Mar. De Lattre de Tassigny;4;;50148383;643287;6860354;true;true;48.84073782926189, 2.2272897204766515
50148404;1572564;2021-10-22T08:24:13+00:00;2024-05-29T16:02:47+00:00;59;RATP;r. des Vertus;3;;50148404;652926;6862970;true;true;48.8650395608383, 2.3583243471146944
50148410;1572558;2021-10-22T08:24:12+00:00;2024-05-29T16:02:43+00:00;59;RATP;r. des Goncourt;4;;50148410;653873;6863495;true;true;48.86982931071351, 2.37117556384945
50148411;1572557;2021-10-22T08:24:12+00:00;2024-05-29T16:02:42+00:00;59;RATP;Hôpital Saint-Louis;1;;50148411;653851;6863540;true;true;48.87023241142817, 2.370870774829188
50148424;1572547;2021-10-22T08:24:09+00:00;2024-05-29T16:02:36+00:00;59;RATP;pl. Paul Vaillant-Couturier;3;;50148424;647087;6858817;false;true;48.827238782795064, 2.2792525925038296
50148428;1572543;2021-10-22T08:24:08+00:00;2024-05-29T16:02:33+00:00;59;RATP;bd Victor;4;;50148428;647746;6859431;true;true;48.83281427966758, 2.28815318909104
50148434;1572537;2021-10-22T08:24:07+00:00;2024-05-29T16:02:29+00:00;59;RATP;r. des Favorites;3;;50148434;648724;6860171;true;true;48.83954766444888, 2.301386417345242
50148529;1572460;2021-10-22T08:23:46+00:00;2024-05-29T16:01:34+00:00;59;RATP;av. Georges Bizet;2;;50148529;635590;6866819;true;true;48.89815133324884, 2.1214468002485725
50148531;1572458;2021-10-22T08:23:46+00:00;2024-05-29T16:01:33+00:00;59;RATP;av. Maurice Berteaux;2;;50148531;636512;6865912;true;true;48.890086850951896, 2.134157527116492
50148532;1572457;2021-10-22T08:23:46+00:00;2024-05-29T16:01:33+00:00;59;RATP;r. Paul Flament;1;;50148532;638122;6865371;true;true;48.88537868587932, 2.1561916802319816
50148539;1572450;2021-10-22T08:23:45+00:00;2024-05-29T16:01:27+00:00;59;RATP;av. Victor Hugo;5;;50148539;639345;6865605;true;true;48.88759929184154, 2.172834639186405
50148570;1572425;2021-10-22T08:23:38+00:00;2024-05-29T16:01:03+00:00;59;RATP;av. de la République;3;;50148570;658249;6860975;true;true;48.84746558683119, 2.431076545085309
50148581;1572415;2021-10-22T08:23:36+00:00;2024-05-29T16:00:56+00:00;59;RATP;pl. de la Gare;1;;50148581;663962;6856483;true;true;48.80741267755943, 2.509303423683488
50148585;1572411;2021-10-22T08:23:35+00:00;2024-05-29T16:00:53+00:00;59;RATP;av. du Bac;2;;50148585;664183;6855044;true;true;48.79448336789755, 2.5124334843789673
50148587;1572409;2021-10-22T08:23:35+00:00;2024-05-29T16:00:52+00:00;59;RATP;pl. de la Gare;1;;50148587;663837;6852423;true;true;48.77089176915592, 2.5079459373865736
50148589;1572407;2021-10-22T08:23:34+00:00;2024-05-29T16:00:50+00:00;59;RATP;pl. de la Gare;1;;50148589;663629;6850435;true;true;48.75300043107262, 2.505285316716073
50148590;1572406;2021-10-22T08:23:34+00:00;2024-05-29T16:00:49+00:00;59;RATP;quartier de la Haie Griselle;2;;50148590;663534;6850431;true;true;48.752959095510654, 2.5039935119785257
50148591;1572405;2021-10-22T08:23:34+00:00;2024-05-29T16:00:49+00:00;59;RATP;sentier du Bois de l'Aulnay;2;;50148591;662409;6861671;true;true;48.85398088376287, 2.4876999196712886
50148602;1572396;2021-10-22T08:23:32+00:00;2024-05-29T16:00:41+00:00;59;RATP;av. Jean Moulin;1;;50148602;674639;6859971;true;true;48.839289946089664, 2.6544723288703604
50148605;1572393;2021-10-22T08:23:31+00:00;2024-05-29T16:00:39+00:00;59;RATP;Entrée / Sortie;3;;50148605;652046;6861663;true;true;48.85322095386488, 2.346476872319621
50148610;1572388;2021-10-22T08:23:30+00:00;2024-05-29T16:00:35+00:00;59;RATP;r. de l'Abbé de l'Épée;3;;50148610;651508;6860674;true;true;48.84428665041221, 2.3392580615888785
50148614;1572386;2021-10-22T08:23:29+00:00;2024-05-29T16:00:33+00:00;59;RATP;r. Romain Rolland;2;;50148614;651592;6857322;true;true;48.814148041337816, 2.34078387140309
50148621;1572380;2021-10-22T08:23:28+00:00;2024-05-29T16:00:29+00:00;59;RATP;r. des Blagis;3;;50148621;649423;6853566;true;true;48.78020254158196, 2.31169392171808
50148631;1572371;2021-10-22T08:23:26+00:00;2024-05-29T16:00:23+00:00;59;RATP;bd Brossolette;4;;50148631;648596;6850759;true;true;48.75489223640231, 2.3007780649015146
50148633;1572369;2021-10-22T08:23:26+00:00;2024-05-29T16:00:22+00:00;59;RATP;pas. Prosper Legouté;2;;50148633;648232;6849462;true;true;48.7431983071215, 2.295984315903044
50148640;1572363;2021-10-22T08:23:24+00:00;2024-05-29T16:00:18+00:00;59;RATP;bd Nicolas Samson;1;;50148640;643876;6845574;true;true;48.707866308439826, 2.2372594382801827
50148644;1572359;2021-10-22T08:23:23+00:00;2024-05-29T16:00:15+00:00;59;RATP;bd Georges Seneuze;2;;50148644;638412;6844276;true;true;48.69569437399405, 2.163194428003189
50148655;1572349;2021-10-22T08:23:21+00:00;2024-05-29T16:00:08+00:00;59;RATP;quartier des Alouettes;4;;50148655;662544;6861721;true;true;48.854438398446874, 2.489535278953662
50148659;1572345;2021-10-22T08:23:20+00:00;2024-05-29T16:00:05+00:00;59;RATP;Ile Seguin;1;;50148659;643485;6859111;true;true;48.82957698157264, 2.2301523948215247
50148684;1572339;2021-10-22T08:23:18+00:00;2024-05-29T16:00:01+00:00;59;RATP;pl. René Cassin;1;;50148684;648591;6850730;true;true;48.75463102184777, 2.3007135493786435
50148694;1572337;2021-10-22T08:23:17+00:00;2024-05-29T15:59:59+00:00;59;RATP;av. Général Leclerc;3;;50148694;657588;6857321;false;true;48.81456135757826, 2.4224338834787473
50148710;1572323;2021-10-22T08:23:14+00:00;2024-05-29T15:59:50+00:00;59;RATP;r. de Belleville;2;;50148710;655900;6864112;true;true;48.87551985633592, 2.3987434199936417
50148713;1572320;2021-10-22T08:23:13+00:00;2024-05-29T15:59:48+00:00;59;RATP;r. Clavel;4;;50148713;654897;6863948;true;true;48.87397557588127, 2.385086540893973
50148714;1572319;2021-10-22T08:23:13+00:00;2024-05-29T15:59:47+00:00;59;RATP;r. des Pyrénées;1;;50148714;654949;6863945;true;true;48.87395223706045, 2.3857957743879603
50148718;1572315;2021-10-22T08:23:12+00:00;2024-05-29T15:59:45+00:00;59;RATP;av. de la République;9;;50148718;653416;6863227;false;true;48.86738634382073, 2.3649751786059325
50148722;1572311;2021-10-22T08:23:11+00:00;2024-05-29T15:59:42+00:00;59;RATP;bd Voltaire;8;;50148722;653406;6863165;true;true;48.86682806487834, 2.364845664473432
50148725;1572308;2021-10-22T08:23:10+00:00;2024-05-29T15:59:40+00:00;59;RATP;r. d'Avron;2;;50148725;656050;6861467;false;true;48.85174390817687, 2.401061958528378
50148739;1572295;2021-10-22T08:23:07+00:00;2024-05-29T15:59:32+00:00;59;RATP;av. de la République;2;;50148739;650045;6857806;true;true;48.818382743185495, 2.319661192966081
50148745;1572289;2021-10-22T08:23:06+00:00;2024-05-29T15:59:28+00:00;59;RATP;av. du Général Leclerc;8;;50148745;650506;6858433;true;true;48.82405701490432, 2.3258663606727503
50148748;1572286;2021-10-22T08:23:05+00:00;2024-05-29T15:59:26+00:00;59;RATP;Église St-Pierre de Montrouge;4;;50148748;650596;6858911;true;true;48.828362633624934, 2.3270366616211153
50148749;1572285;2021-10-22T08:23:05+00:00;2024-05-29T15:59:26+00:00;59;RATP;r. Velpeau;2;;50148749;648618;6850771;true;true;48.75500191213591, 2.301075859085368
50148756;1572279;2021-10-22T08:23:03+00:00;2024-05-29T15:59:22+00:00;59;RATP;av. Aristide Briand;2;;50148756;650081;6855034;true;true;48.79345615241804, 2.3204763262216614
50148768;1572268;2021-10-22T08:23:00+00:00;2024-05-29T15:59:15+00:00;59;RATP;bd Saint-Michel;1;;50148768;651819;6861461;true;true;48.851387445686306, 2.3434063205159097
50148773;1572263;2021-10-22T08:22:59+00:00;2024-05-29T15:59:11+00:00;59;RATP;pl. du Marché;5;;50148773;658430;6862108;true;true;48.857666369986724, 2.433432097015141
50148791;1572246;2021-10-22T08:22:55+00:00;2024-05-29T15:58:59+00:00;59;RATP;av. de Suffren;5;;50148791;648630;6861409;true;true;48.850673448631454, 2.2999562416974584
50148794;1572243;2021-10-22T08:22:55+00:00;2024-05-29T15:58:57+00:00;59;RATP;r. rené Paillole;4;;50148794;640705;6845384;true;true;48.70587418406178, 2.194193939819642
50148796;1572241;2021-10-22T08:22:54+00:00;2024-05-29T15:58:56+00:00;59;RATP;r. de Massy;1;;50148796;647601;6849056;true;true;48.73949593403668, 2.287453356624588
50148801;1572236;2021-10-22T08:22:53+00:00;2024-05-29T15:58:53+00:00;59;RATP;Entrée / Sortie;1;;50148801;683990;6863335;true;true;48.86984318857168, 2.781746302318977
50148803;1572234;2021-10-22T08:22:53+00:00;2024-05-29T15:58:52+00:00;59;RATP;Terrasses de l'Arche;4;;50148803;643022;6866544;true;true;48.896379121495436, 2.2228493153894964
50148804;1572233;2021-10-22T08:22:52+00:00;2024-05-29T15:58:51+00:00;59;RATP;bd de Pesaro;3;;50148804;642881;6866617;false;true;48.897023075033616, 2.2209164488017485
50148805;1572232;2021-10-22T08:22:52+00:00;2024-05-29T15:58:50+00:00;59;RATP;Préfecture;2;;50148805;642905;6866658;true;true;48.897393894088104, 2.2212382641843758
50148817;1572220;2021-10-22T08:22:50+00:00;2024-05-29T15:58:42+00:00;59;RATP;r. Ernest Lacoste;4;;50148817;656334;6859585;true;true;48.834838277264005, 2.4051252966891914
50148821;1572214;2021-10-22T08:22:49+00:00;2024-05-29T15:58:40+00:00;59;RATP;av. de France;1;;50148821;653957;6859845;true;true;48.83701105111252, 2.3727159190930007
50148830;1572205;2021-10-22T08:22:47+00:00;2024-05-29T15:58:34+00:00;59;RATP;Portes de Sucy;2;;50148830;663737;6852493;true;true;48.77151571693527, 2.506579365015395
50148855;1572183;2021-10-22T08:22:42+00:00;2024-05-29T15:58:19+00:00;59;RATP;pl.des Fêtes;1;;50148855;655510;6864255;false;true;48.876779000623486, 2.393411416286592
50148858;1572181;2021-10-22T08:22:41+00:00;2024-05-29T15:58:17+00:00;59;RATP;r. Letort;4;;50148858;651933;6866571;true;true;48.89734893696271, 2.3443816220168734
50148867;1572173;2021-10-22T08:22:39+00:00;2024-05-29T15:58:12+00:00;59;RATP;r. Auguste Comte;4;;50148867;651488;6860683;true;true;48.844366081973725, 2.338984531902441
50148882;1572160;2021-10-22T08:22:37+00:00;2024-05-29T15:58:03+00:00;59;RATP;r. Paul Belmondo;5;;50148882;654529;6860054;true;true;48.83893121707236, 2.3804861146212106
50148959;1572140;2021-10-22T08:22:32+00:00;2024-05-29T15:57:48+00:00;59;RATP;r.  Alfred Fouillée;4;;50148959;653320;6857929;true;true;48.819734361011726, 2.3642480450554344
50148960;1572139;2021-10-22T08:22:32+00:00;2024-05-29T15:57:47+00:00;59;RATP;bd Masséna;2;;50148960;653308;6857935;true;true;48.81978745127741, 2.3640839616631477
50149007;1572132;2021-10-22T08:22:31+00:00;2024-05-29T15:57:41+00:00;59;RATP;pl. Fulgence Bienvenüe;2;;50149007;678716;6859663;true;true;48.83666755788752, 2.710033751548278
50149008;1572131;2021-10-22T08:22:30+00:00;2024-05-29T15:57:40+00:00;59;RATP;r. Aristide Maillol;3;;50149008;678889;6859700;true;true;48.83700600049168, 2.712388789956635
50149329;1572118;2022-05-10T13:48:35+00:00;2024-05-29T15:57:31+00:00;59;RATP;bd Félix Faure;3;;50149329;654417;6867811;true;true;48.90868037830392, 2.37812794427728
50149886;1572104;2024-05-29T15:57:22+00:00;2024-05-29T15:57:22+00:00;59;RATP;r. de la Liberté;2;;50149886;658038;6864741;true;true;48.88131917867561, 2.427829589390023
50149892;1572092;2024-05-29T15:57:19+00:00;2024-05-29T15:57:19+00:00;59;RATP;bd de la Boissière;2;;50149892;659940;6864393;true;true;48.878310815280344, 2.4537961756013127
50149896;1572084;2024-05-29T15:57:17+00:00;2024-05-29T15:57:17+00:00;59;RATP;r. de la Dhuys;2;;50149896;660797;6864373;true;true;48.87818369961884, 2.4654825502491087
50149929;1572076;2024-05-29T15:57:15+00:00;2024-05-29T15:57:15+00:00;59;RATP;r. du Tage;2;;50149929;652839;6858142;true;true;48.82161490471195, 2.357673820752734
50208202;1572022;2024-05-29T15:57:02+00:00;2024-05-29T15:57:02+00:00;59;RATP;Église Saint-Jacques;1;;50208202;650045;6857786;true;true;48.81820287951794, 2.319663539725476
50210211;1571970;2024-05-29T15:56:49+00:00;2024-05-29T15:56:49+00:00;59;RATP;r. J. Mermoz;1;;50210211;660640;6857904;true;true;48.8199980053723, 2.463940759887918
50210265;1571956;2024-05-29T15:56:45+00:00;2024-05-29T15:56:45+00:00;59;RATP;marché Carnot;2;;50210265;650648;6855520;true;true;48.79787056523793, 2.3281379646621634
50210310;1571944;2024-05-29T15:56:42+00:00;2024-05-29T15:56:42+00:00;59;RATP;bd Dubreuil;1;;50210310;639821;6844471;true;true;48.69758096706625, 2.1823099061820472
50210311;1571942;2024-05-29T15:56:41+00:00;2024-05-29T15:56:41+00:00;59;RATP;r. de la Chaufferie;3;;50210311;639531;6844442;true;true;48.697293066160825, 2.178373876653047
50210322;1571940;2024-05-29T15:56:41+00:00;2024-05-29T15:56:41+00:00;59;RATP;r. de Madrid;1;;50210322;633707;6844886;true;true;48.70071504033098, 2.099177673643961
50210353;1571926;2024-05-29T15:56:37+00:00;2024-05-29T15:56:37+00:00;59;RATP;r. de la Liberté;2;;50210353;658056;6864745;true;true;48.88135632245863, 2.4280746237182185
50210359;1571914;2024-05-29T15:56:33+00:00;2024-05-29T15:56:33+00:00;59;RATP;bd de la Boissière;2;;50210359;659925;6864395;false;true;48.87832786764038, 2.453591473777819
50170928;1342207;2021-10-22T09:19:11+00:00;2024-02-14T15:26:11+00:00;1;SNCF;r. des Templiers (Coté Balizy);;Source IDFM;475404;649782;6843002;true;true;48.68521952174251, 2.3178213399868417
50170929;1342205;2021-10-22T09:19:11+00:00;2024-02-14T15:26:11+00:00;1;SNCF;r. des Templiers (Coté Gravigny);;Source IDFM;475405;649795;6843007;true;true;48.685265502881165, 2.3179973410655146
50170448;1343167;2021-10-22T09:21:03+00:00;2024-02-14T15:26:11+00:00;1;SNCF;Entrée / Sortie;;Source IDFM;475401;649698;6843196;true;true;48.68695786612736, 2.316657505984815
50171335;1341797;2021-10-22T09:18:30+00:00;2024-02-14T15:23:43+00:00;1;SNCF;Zone industrielle;;Source IDFM;474948;649088;6844724;true;true;48.7006531504475, 2.3081893429762514
50199486;1494292;2023-09-05T08:55:11+00:00;2023-09-05T08:55:12+00:00;1;SNCF;Rue Dufrénoy;;;;646637;6863194;true;true;48.86656363583265, 2.2725740938416847
50170274;1343513;2021-10-22T09:21:40+00:00;2023-09-05T08:55:12+00:00;1;SNCF;côté Avenue Victor Hugo;;Source IDFM;474567;646613;6862961;true;true;48.86446633521131, 2.272276223717855
50170275;1343511;2021-10-22T09:21:40+00:00;2023-09-05T08:55:12+00:00;1;SNCF;côté Rue Adolphe Yvon;;Source IDFM;474568;646593;6862954;true;true;48.864401727951794, 2.2720044967531736
50170042;1343977;2021-10-22T09:22:29+00:00;2023-08-29T16:29:35+00:00;1;SNCF;Accès côté gauche gare;;Source IDFM - Accès direct voie 1 ou escalier vers souterrain (voie 2);474584;653571;6825941;true;true;48.532041876356345, 2.3711358912167997
50170246;1343569;2021-10-22T09:21:46+00:00;2022-10-13T17:46:55+00:00;1;SNCF;bd Pereire / Puvis de Chavannes;2;Source IDFM;476183;648714;6865379;true;true;48.88638139576405, 2.3006217240896363
50170436;1343191;2021-10-22T09:21:06+00:00;2022-06-27T15:56:16+00:00;1;SNCF;Entrée / Sortie;;Source IDFM - Escalier court;474480;663845;6866528;true;true;48.8977414715191, 2.5068562024516488
50171326;1370853;2021-10-22T00:00:00+00:00;2022-01-24T16:02:25+00:00;1;SNCF;sq. du 19 Mars 1962;3;Source IDFM;475527;654559;6843402;true;true;48.68917077241855, 2.3826684949440264
50171307;1341853;2021-10-22T09:18:35+00:00;2021-10-22T15:48:36+00:00;1;SNCF;rte de St Leu;;Source IDFM;475137;650858;6873339;true;true;48.95812766776, 2.328935157436686
50170034;1343993;2021-10-22T09:22:31+00:00;2021-10-22T09:22:31+00:00;1;SNCF;14 bd Pasteur;;Source IDFM;475158;646084;6877017;true;true;48.99081711949884, 2.2632782149589987
50170036;1343989;2021-10-22T09:22:30+00:00;2021-10-22T09:22:30+00:00;1;SNCF;2 rue du Blancport;;Source IDFM;475076;651497;6875252;true;true;48.97537784663088, 2.3374415016238586
50170047;1343967;2021-10-22T09:22:28+00:00;2021-10-22T09:22:28+00:00;1;SNCF;Accès voie 1;;Source IDFM - Accès en bout de quai. direct;474570;677983;6792306;true;true;48.23072842643182, 2.703493479723787
50170050;1343961;2021-10-22T09:22:28+00:00;2021-10-22T09:22:28+00:00;1;SNCF;Accès voie 2;;Source IDFM - Accès latéral au quai. direct;474571;677969;6792277;true;true;48.23046702113922, 2.703306408657707
50170056;1343949;2021-10-22T09:22:26+00:00;2021-10-22T09:22:26+00:00;1;SNCF;all. des Joncs;;Source IDFM;475118;642654;6831662;true;true;48.58262863163909, 2.2225147394322637
50170057;1343947;2021-10-22T09:22:26+00:00;2021-10-22T09:22:26+00:00;1;SNCF;all. des Platanes;;Source IDFM;475654;615837;6844345;true;true;48.69376883357367, 1.8564880081450963
50170058;1343945;2021-10-22T09:22:26+00:00;2021-10-22T09:22:26+00:00;1;SNCF;all. des Platanes;;Source IDFM - Escalier;475655;615825;6844294;true;true;48.69330859947835, 1.8563350239318548
50170060;1343941;2021-10-22T09:22:25+00:00;2021-10-22T09:22:25+00:00;1;SNCF;all. des Vignes;2;Source IDFM;476602;648902;6837547;true;true;48.636086121601544, 2.3065185093392553
50170081;1343899;2021-10-22T09:22:20+00:00;2021-10-22T09:22:20+00:00;1;SNCF;av. de Dourdan;1;Source IDFM;476665;631247;6826539;true;true;48.535437132314826, 2.0686932992339844
50170087;1343887;2021-10-22T09:22:18+00:00;2021-10-22T09:22:18+00:00;1;SNCF;av. de la Gare;;Source IDFM;475604;622337;6851072;true;true;48.75508169699078, 1.9435689723171445
50170092;1343877;2021-10-22T09:22:17+00:00;2021-10-22T09:22:17+00:00;1;SNCF;av. de la Gare;;Source IDFM;475758;676313;6823298;true;true;48.50949652865965, 2.6793084757787935
50170093;1343875;2021-10-22T09:22:17+00:00;2021-10-22T09:22:17+00:00;1;SNCF;av. de la Gare;;Source IDFM;475999;685150;6808697;true;true;48.37840451968577, 2.7994514868097484
50170106;1343849;2021-10-22T09:22:14+00:00;2021-10-22T09:22:14+00:00;1;SNCF;av. de la Gare;;Source IDFM - Escalier;474969;620671;6849838;true;true;48.743781447668816, 1.9211388974990777
50170119;1343823;2021-10-22T09:22:11+00:00;2021-10-22T09:22:11+00:00;1;SNCF;av. de la Gare (bâtiment voyageur);;Source IDFM - Accès via bâtiment voyageur;474682;677218;6819510;true;true;48.47545248857755, 2.6917610795524674
50170125;1343811;2021-10-22T09:22:10+00:00;2021-10-22T09:22:10+00:00;1;SNCF;av. de la Liberté;;Source IDFM;475670;658284;6854518;true;true;48.78939822614405, 2.43218615563579
50170132;1343797;2021-10-22T09:22:09+00:00;2021-10-22T09:22:09+00:00;1;SNCF;av. de l'Europe (Parking);;Source IDFM;475752;668344;6836566;true;true;48.628505882419496, 2.570443129415596
50170139;1343783;2021-10-22T09:22:07+00:00;2021-10-22T09:22:07+00:00;1;SNCF;av. de Porchefontaine;1;Source IDFM;476269;637853;6855537;true;true;48.79691742735506, 2.1539604858244785
50170145;1343771;2021-10-22T09:22:06+00:00;2021-10-22T09:22:06+00:00;1;SNCF;av. des Acacias;;Source IDFM - Chemin d'accès vers voie 1;474837;685187;6811746;true;true;48.40583610586563, 2.799846794072321
50170149;1343763;2021-10-22T09:22:05+00:00;2021-10-22T09:22:05+00:00;1;SNCF;av. du 19 Mars 1962;;Source IDFM;476222;622426;6859593;true;true;48.831720987823665, 1.9432283294131805
50170150;1343761;2021-10-22T09:22:05+00:00;2021-10-22T09:22:05+00:00;1;SNCF;av. du 19 Mars 1962;;Source IDFM;476223;622444;6859589;true;true;48.8316871835819, 1.9434742388037993
50170159;1343743;2021-10-22T09:22:03+00:00;2021-10-22T09:22:03+00:00;1;SNCF;av. du Commerce;;Source IDFM - Escalier;476886;626020;6858655;true;true;48.823708372879395, 1.992346124458584
50170177;1343707;2021-10-22T09:21:59+00:00;2021-10-22T09:21:59+00:00;1;SNCF;av. du Maréchal de Lattre de Tassigny;;Source IDFM;474933;669523;6863816;true;true;48.87364672483374, 2.5844955714372517
50170183;1343695;2021-10-22T09:21:58+00:00;2021-10-22T09:21:58+00:00;1;SNCF;av. Ferdinand Dalaine;;Source IDFM;475442;682294;6815863;true;true;48.44280188355888, 2.7605881430648433
50170189;1343683;2021-10-22T09:21:57+00:00;2021-10-22T09:21:57+00:00;1;SNCF;av. Georges Pompidou;;Source IDFM;475235;629541;6856796;true;true;48.80738509117731, 2.040607139301972
50170192;1343677;2021-10-22T09:21:56+00:00;2021-10-22T09:21:56+00:00;1;SNCF;av. Guy Schuler;;Source IDFM;475605;622336;6851134;true;true;48.7556391556482, 1.94354408821205
50170196;1343669;2021-10-22T09:21:56+00:00;2021-10-22T09:21:56+00:00;1;SNCF;av. Jean Jaurès;;Source IDFM;476406;722320;6828428;true;true;48.5556925490995, 3.3024503154213
50170211;1343639;2021-10-22T09:21:53+00:00;2021-10-22T09:21:53+00:00;1;SNCF;av. Pierre Corneille;;Source IDFM;475535;636765;6860651;true;true;48.84280171758848, 2.1383905061891393
50170213;1343635;2021-10-22T09:21:52+00:00;2021-10-22T09:21:52+00:00;1;SNCF;av. Pozzo di Borgo / r. Alexandre Coutureau / r. Armengaud;1;Source IDFM;476537;642513;6860896;true;true;48.84554338677775, 2.216671461070221
50170219;1343623;2021-10-22T09:21:51+00:00;2021-10-22T09:21:51+00:00;1;SNCF;Bâtiment voyageur;;Source IDFM;474722;646795;6862066;true;true;48.85643283906082, 2.274868975857648
50170225;1343611;2021-10-22T09:21:50+00:00;2021-10-22T09:21:50+00:00;1;SNCF;bd Carnot;;Source IDFM;475663;664243;6865553;true;true;48.888995782017425, 2.5123667944094716
50170232;1343597;2021-10-22T09:21:48+00:00;2021-10-22T09:21:48+00:00;1;SNCF;bd de l'Oise;;Source IDFM;474814;632700;6882221;true;true;49.03634562349575, 2.079581942758337
50170233;1343595;2021-10-22T09:21:48+00:00;2021-10-22T09:21:48+00:00;1;SNCF;bd des Provinces Françaises;3;Source IDFM;476037;642269;6867098;true;true;48.90129383484934, 2.2125041017027822
50170240;1343581;2021-10-22T09:21:47+00:00;2021-10-22T09:21:47+00:00;1;SNCF;bd Léon Blum;;Source IDFM;476225;623657;6859457;true;true;48.830644973974294, 1.9600203867182655
50170241;1343579;2021-10-22T09:21:46+00:00;2021-10-22T09:21:46+00:00;1;SNCF;bd Pasteur;;Source IDFM;475548;654898;6869486;true;true;48.92377661408845, 2.3845116665886668
50170243;1343575;2021-10-22T09:21:46+00:00;2021-10-22T09:21:46+00:00;1;SNCF;bd Pasteur (accès au guichet);;Source IDFM;475755;608303;6876758;true;true;48.984208422028544, 1.747154069652081
50170255;1343551;2021-10-22T09:21:44+00:00;2021-10-22T09:21:44+00:00;1;SNCF;Chemin de Halage;;Source  IDFM;476934;670299;6823971;true;true;48.51530303004586, 2.597841508584094
50170259;1343543;2021-10-22T09:21:43+00:00;2021-10-22T09:21:43+00:00;1;SNCF;Chemin de l'escargot;;Source IDFM;475632;662562;6829648;true;true;48.56596950787262, 2.4925893568982573
50170261;1343539;2021-10-22T09:21:42+00:00;2021-10-22T09:21:42+00:00;1;SNCF;Chemin de Refectoire;;Source IDFM;476870;658734;6849546;true;true;48.7447105196875, 2.4387920689582807
50170263;1343535;2021-10-22T09:21:42+00:00;2021-10-22T09:21:42+00:00;1;SNCF;Chemin des Chèvres;;Source IDFM;475565;652112;6820669;true;true;48.48451114503797, 2.351961156854152
50170269;1343523;2021-10-22T09:21:41+00:00;2021-10-22T09:21:41+00:00;1;SNCF;Chemin Pieton;;Source IDFM;475236;629554;6856766;true;true;48.80711672329947, 2.0407890961123276
50170270;1343521;2021-10-22T09:21:41+00:00;2021-10-22T09:21:41+00:00;1;SNCF;Chemin Pieton;;Source IDFM;475237;629568;6856765;true;true;48.80710925968737, 2.0409798703405246
50170273;1343515;2021-10-22T09:21:40+00:00;2021-10-22T09:21:40+00:00;1;SNCF;Cité Nord;;Source IDFM;476488;674438;6855079;true;true;48.79528610788158, 2.6520275793602317
50170277;1343507;2021-10-22T09:21:39+00:00;2021-10-22T09:21:39+00:00;1;SNCF;Cours Blaise Pascal;;Source IDFM;475191;658033;6836338;true;true;48.625868366244234, 2.43055432782484
50170282;1343497;2021-10-22T09:21:38+00:00;2021-10-22T09:21:38+00:00;1;SNCF;D16;;Source IDFM;476061;676742;6796327;true;true;48.26686441056999, 2.6865659536397537
50170285;1343491;2021-10-22T09:21:37+00:00;2021-10-22T09:21:37+00:00;1;SNCF;Desserte Ernest Cognacq;;Source IDFM;475194;657843;6836333;true;true;48.625811039634954, 2.4279768198941105
50170290;1343481;2021-10-22T09:21:36+00:00;2021-10-22T09:21:36+00:00;1;SNCF;Gare Routière;;Source IDFM;475195;657880;6836330;true;true;48.62578646524798, 2.4284791454547694
50170292;1343477;2021-10-22T09:21:36+00:00;2021-10-22T09:21:36+00:00;1;SNCF;Gare Routière;;Source IDFM;474736;647619;6826098;true;true;48.53300040048272, 2.290503177331632
50170293;1343475;2021-10-22T09:21:35+00:00;2021-10-22T09:21:35+00:00;1;SNCF;Gare Routière;;Source IDFM;474735;647627;6826107;true;true;48.533082004911265, 2.2906104357721593
50170297;1343467;2021-10-22T09:21:35+00:00;2021-10-22T09:21:35+00:00;1;SNCF;Gare Routière / Parking;;Source IDFM;474929;640054;6855775;true;true;48.79926614255707, 2.183888187747548
50170313;1343435;2021-10-22T09:21:31+00:00;2021-10-22T09:21:31+00:00;1;SNCF;Entrée / Sortie;;Source IDFM;475453;597350;6855997;true;true;48.79587942514827, 1.6025536236032787
50170317;1343427;2021-10-22T09:21:31+00:00;2021-10-22T09:21:31+00:00;1;SNCF;Entrée / Sortie;;Source IDFM;475917;616067;6868505;true;true;48.911062288762956, 1.854852333302372
50170319;1343423;2021-10-22T09:21:30+00:00;2021-10-22T09:21:30+00:00;1;SNCF;Entrée / Sortie;;Source IDFM;475946;619667;6878969;true;true;49.00560875755928, 1.9019776752592719
50170330;1343401;2021-10-22T09:21:28+00:00;2021-10-22T09:21:28+00:00;1;SNCF;Entrée / Sortie;;Source IDFM;475421;630453;6808783;true;true;48.375626749751085, 2.060799674348093
50170334;1343393;2021-10-22T09:21:27+00:00;2021-10-22T09:21:27+00:00;1;SNCF;Entrée / Sortie;;Source IDFM;474464;633500;6873189;true;true;48.955218127758634, 2.091942502239468
50170341;1343379;2021-10-22T09:21:26+00:00;2021-10-22T09:21:26+00:00;1;SNCF;Entrée / Sortie;;Source IDFM;475174;637823;6815475;true;true;48.43657522801098, 2.1593581095013454
50170343;1343375;2021-10-22T09:21:25+00:00;2021-10-22T09:21:25+00:00;1;SNCF;Entrée / Sortie;;Source IDFM;476645;638298;6871183;true;true;48.937658523447, 2.157746192963503
50170344;1343373;2021-10-22T09:21:25+00:00;2021-10-22T09:21:25+00:00;1;SNCF;Entrée / Sortie;;Source IDFM;475518;638531;6851969;true;true;48.764894277618374, 2.1637041794220893
50170345;1343371;2021-10-22T09:21:25+00:00;2021-10-22T09:21:25+00:00;1;SNCF;Entrée / Sortie;;Source IDFM;475572;639994;6875901;true;true;48.980242653661996, 2.1802269098233777
50170353;1343355;2021-10-22T09:21:24+00:00;2021-10-22T09:21:24+00:00;1;SNCF;Entrée / Sortie;;Source IDFM;476732;643042;6880890;true;true;49.02537884184366, 2.2211922338318044
50170354;1343353;2021-10-22T09:21:23+00:00;2021-10-22T09:21:23+00:00;1;SNCF;Entrée / Sortie;;Source IDFM;476810;643602;6880499;true;true;49.021912628764724, 2.2289010382744356
50170358;1343345;2021-10-22T09:21:23+00:00;2021-10-22T09:21:23+00:00;1;SNCF;Entrée / Sortie;;Source IDFM;475160;646080;6876908;true;true;48.98983668761912, 2.263237457661453
50170359;1343343;2021-10-22T09:21:22+00:00;2021-10-22T09:21:22+00:00;1;SNCF;Entrée / Sortie;;Source IDFM;475159;646103;6876919;true;true;48.989937525751415, 2.263550309508401
50170373;1343317;2021-10-22T09:21:20+00:00;2021-10-22T09:21:20+00:00;1;SNCF;Entrée / Sortie;;Source IDFM;475133;649361;6874875;true;true;48.97182318919578, 2.308309982132926
50170374;1343315;2021-10-22T09:21:20+00:00;2021-10-22T09:21:20+00:00;1;SNCF;Entrée / Sortie;;Source IDFM;475132;649362;6874907;true;true;48.972111009106264, 2.308319811982368
50170377;1343309;2021-10-22T09:21:19+00:00;2021-10-22T09:21:19+00:00;1;SNCF;Entrée / Sortie;;Source IDFM;475595;653285;6868828;true;true;48.91774453708393, 2.3625731481546803
50170386;1343291;2021-10-22T09:21:17+00:00;2021-10-22T09:21:17+00:00;1;SNCF;Entrée / Sortie;;Source IDFM;476160;656152;6866596;true;true;48.89787494484551, 2.401922531945347
50170391;1343281;2021-10-22T09:21:16+00:00;2021-10-22T09:21:16+00:00;1;SNCF;Entrée / Sortie;;Source IDFM;475789;657712;6890976;true;true;49.117197127886094, 2.4207604958348514
50170402;1343259;2021-10-22T09:21:14+00:00;2021-10-22T09:21:14+00:00;1;SNCF;Entrée / Sortie;;Source IDFM;476882;670884;6872657;true;true;48.95321352769814, 2.6024434297750276
50170413;1343237;2021-10-22T09:21:12+00:00;2021-10-22T09:21:12+00:00;1;SNCF;Entrée / Sortie;;Source IDFM;475061;704614;6887979;true;true;49.09162873394788, 3.0631685032384484
50170419;1343225;2021-10-22T09:21:10+00:00;2021-10-22T09:21:10+00:00;1;SNCF;Entrée / Sortie;;Source IDFM - Accès direct en bout de quai;474854;637337;6885859;true;true;49.06952425398719, 2.1424536677602246
50170420;1343223;2021-10-22T09:21:10+00:00;2021-10-22T09:21:10+00:00;1;SNCF;Entrée / Sortie;;Source IDFM - Accès direct en bout de quai;474855;637339;6885849;true;true;49.069434540376314, 2.1424825218219357
50170429;1343205;2021-10-22T09:21:08+00:00;2021-10-22T09:21:08+00:00;1;SNCF;Entrée / Sortie;;Source IDFM - Accès via souterrain depuis av. Aristide Briand;474516;644079;6832037;true;true;48.58612635929717, 2.241784575561551
50170434;1343195;2021-10-22T09:21:07+00:00;2021-10-22T09:21:07+00:00;1;SNCF;Entrée / Sortie;;Source IDFM - Escalier;475412;655584;6839588;true;true;48.654937423823434, 2.396988605231764
50170435;1343193;2021-10-22T09:21:07+00:00;2021-10-22T09:21:07+00:00;1;SNCF;Entrée / Sortie;;Source IDFM - Escalier;475092;660062;6870466;true;true;48.93293041710468, 2.4548879320796524
50170442;1343179;2021-10-22T09:21:05+00:00;2021-10-22T09:21:05+00:00;1;SNCF;Entrée / Sortie;;Source IDFM - Escalier vers voie H;474525;647344;6867583;true;true;48.9060903184783, 2.2816668765981554
50170445;1343173;2021-10-22T09:21:04+00:00;2021-10-22T09:21:04+00:00;1;SNCF;Entrée / Sortie;;Source IDFM;475438;638691;6877037;true;true;48.99033419401031, 2.1622626273807146
50170446;1343171;2021-10-22T09:21:04+00:00;2021-10-22T09:21:04+00:00;1;SNCF;Entrée / Sortie;;Source IDFM;475470;643459;6849163;true;true;48.74010880762385, 2.23111772324947
50170452;1343159;2021-10-22T09:21:02+00:00;2021-10-22T09:21:02+00:00;1;SNCF;Parc des Sports;;Source IDFM;475043;658486;6852598;true;true;48.772143575826746, 2.435122519919481
50170456;1343151;2021-10-22T09:21:01+00:00;2021-10-22T09:21:01+00:00;1;SNCF;Parking;;Source IDFM;475217;679799;6812968;true;true;48.41668458967469, 2.726987570232683
50170461;1343141;2021-10-22T09:21:00+00:00;2021-10-22T09:21:00+00:00;1;SNCF;Parking - r. Chevalier de la Barre;;Source IDFM;475625;657886;6870244;true;true;48.930795350432696, 2.4252108787660758
50170483;1343097;2021-10-22T09:20:52+00:00;2021-10-22T09:20:52+00:00;1;SNCF;Parking Sud;;Source IDFM;476140;677217;6852318;true;true;48.770558578535464, 2.690004911407348
50170484;1343095;2021-10-22T09:20:51+00:00;2021-10-22T09:20:51+00:00;1;SNCF;Parking Sud;;Source IDFM;474848;701971;6873240;true;true;48.959112176471685, 3.0269154277741595
50170488;1343087;2021-10-22T09:20:49+00:00;2021-10-22T09:20:49+00:00;1;SNCF;pl. Albert Culot;;Source IDFM;476804;647995;6857831;true;true;48.818445464685524, 2.2917405888289952
50170490;1343083;2021-10-22T09:20:47+00:00;2021-10-22T09:20:47+00:00;1;SNCF;pl. André Malraux;;Source IDFM;475460;640280;6869192;true;true;48.91994223365257, 2.185079705130995
50170503;1343057;2021-10-22T09:20:41+00:00;2021-10-22T09:20:41+00:00;1;SNCF;pl. de la Gare;2;Source IDFM;476555;649455;6839482;true;true;48.65353396788564, 2.3137950132416787
50170507;1343049;2021-10-22T09:20:39+00:00;2021-10-22T09:20:39+00:00;1;SNCF;pl. de la Gare;1;Source IDFM;476521;652429;6849106;true;true;48.740319419055254, 2.3530981510949527
50170512;1343039;2021-10-22T09:20:38+00:00;2021-10-22T09:20:38+00:00;1;SNCF;pl. de la Gare;;Source  IDFM;476944;661971;6845296;true;true;48.70668460593138, 2.483191487326859
50170517;1343029;2021-10-22T09:20:37+00:00;2021-10-22T09:20:37+00:00;1;SNCF;pl. de la Gare;;Source IDFM;475350;609288;6857435;true;true;48.81060026179216, 1.7647395088561417
50170520;1343023;2021-10-22T09:20:36+00:00;2021-10-22T09:20:36+00:00;1;SNCF;pl. de la Gare;;Source IDFM;475887;617267;6866574;true;true;48.89385427641517, 1.8715988634541065
50170521;1343021;2021-10-22T09:20:35+00:00;2021-10-22T09:20:35+00:00;1;SNCF;pl. de la Gare;;Source IDFM;476895;617557;6857848;true;true;48.815424550147455, 1.8772457922576122
50170524;1343015;2021-10-22T09:20:34+00:00;2021-10-22T09:20:34+00:00;1;SNCF;pl. de la Gare;;Source IDFM;475461;640263;6869288;true;true;48.9208039076503, 2.184834221865198
50170533;1342997;2021-10-22T09:20:33+00:00;2021-10-22T09:20:33+00:00;1;SNCF;pl. de la Gare;;Source IDFM;475852;655086;6810505;true;true;48.39328777379386, 2.393261674499013
50170540;1342983;2021-10-22T09:20:31+00:00;2021-10-22T09:20:31+00:00;1;SNCF;pl. de la Gare;;Source IDFM;475777;663605;6883434;true;true;49.04974771032345, 2.502128850866049
50170541;1342981;2021-10-22T09:20:31+00:00;2021-10-22T09:20:31+00:00;1;SNCF;pl. de la Gare;;Source IDFM;475664;664213;6865601;true;true;48.889425768287786, 2.511953636406255
50170546;1342971;2021-10-22T09:20:30+00:00;2021-10-22T09:20:30+00:00;1;SNCF;pl. de la Gare;;Source IDFM;476838;668259;6871717;true;true;48.94463654984849, 2.5666721998090245
50170550;1342963;2021-10-22T09:20:29+00:00;2021-10-22T09:20:29+00:00;1;SNCF;pl. de la Gare;;Source IDFM;475220;679751;6812940;true;true;48.4164311944168, 2.7263401765914015
50170552;1342959;2021-10-22T09:20:29+00:00;2021-10-22T09:20:29+00:00;1;SNCF;pl. de la Gare;;Source IDFM;476826;688343;6809595;true;true;48.386548682760534, 2.842548481298026
50170557;1342949;2021-10-22T09:20:28+00:00;2021-10-22T09:20:28+00:00;1;SNCF;pl. de la Gare;;Source IDFM;476002;691739;6834882;true;true;48.614080026663686, 2.887933558185868
50170561;1342941;2021-10-22T09:20:27+00:00;2021-10-22T09:20:27+00:00;1;SNCF;pl. de la Gare;;Source IDFM;475419;696663;6856728;true;true;48.81061453732615, 2.9545606150333064
50170564;1342935;2021-10-22T09:20:26+00:00;2021-10-22T09:20:26+00:00;1;SNCF;pl. de la Gare;;Source IDFM;476023;700912;6829026;true;true;48.56145573773055, 3.012359513631007
50170569;1342925;2021-10-22T09:20:25+00:00;2021-10-22T09:20:25+00:00;1;SNCF;pl. de la Gare;;Source IDFM;475062;704609;6887993;true;true;49.091754647018725, 3.063100203352019
50170571;1342921;2021-10-22T09:20:25+00:00;2021-10-22T09:20:25+00:00;1;SNCF;pl. de la Gare;;Source IDFM;476042;716090;6874905;true;true;48.97388602046359, 3.219783291034187
50170574;1342915;2021-10-22T09:20:24+00:00;2021-10-22T09:20:24+00:00;1;SNCF;pl. de la Gare;;Source IDFM - Accès direct au quai (côté droit bv);474704;580092;6788555;true;true;48.186325374103625, 1.3864289153327842
50170577;1342909;2021-10-22T09:20:24+00:00;2021-10-22T09:20:24+00:00;1;SNCF;pl. de la Gare;;Source IDFM - Accès sur le côté droit du bâtiment voyageur;474743;677187;6803646;true;true;48.332730729827276, 2.692178384334881
50170579;1342905;2021-10-22T09:20:24+00:00;2021-10-22T09:20:24+00:00;1;SNCF;pl. de la Gare;;Source IDFM - Accès via bâtiment voyageur;474543;615701;6875268;true;true;48.971824349434016, 1.8485140098476913
50170580;1342903;2021-10-22T09:20:23+00:00;2021-10-22T09:20:23+00:00;1;SNCF;pl. de la Gare;;Source IDFM - Escalier;476671;665854;6870750;true;true;48.93581775320447, 2.5339178226572034
50170582;1342899;2021-10-22T09:20:23+00:00;2021-10-22T09:20:23+00:00;1;SNCF;pl. de la Gare;;Source IDFM;475148;612746;6874355;true;true;48.96322104994639, 1.8083442729866712
50170589;1342885;2021-10-22T09:20:22+00:00;2021-10-22T09:20:22+00:00;1;SNCF;pl. de la gare;;Source IDFM;475179;640458;6821793;true;true;48.49365703276338, 2.194109390164345
50170601;1342861;2021-10-22T09:20:19+00:00;2021-10-22T09:20:19+00:00;1;SNCF;pl. de la gare;;Source IDFM;475108;653407;6880530;true;true;49.02297748278003, 2.362949584085114
50170602;1342859;2021-10-22T09:20:19+00:00;2021-10-22T09:20:19+00:00;1;SNCF;pl. de la gare;;Source IDFM;475109;653428;6880507;true;true;49.022772200638755, 2.3632392334414725
50170611;1342841;2021-10-22T09:20:17+00:00;2021-10-22T09:20:17+00:00;1;SNCF;pl. de la Gare (bâtiment voyageur);;Source IDFM;474649;642339;6850423;true;true;48.75134174404584, 2.215718028722662
50170625;1342813;2021-10-22T09:20:15+00:00;2021-10-22T09:20:15+00:00;1;SNCF;pl. de la Gare / Villiers sur orge;1;Source IDFM;476554;649404;6839449;true;true;48.65323316235586, 2.3131065631835246
50170631;1342801;2021-10-22T09:20:13+00:00;2021-10-22T09:20:13+00:00;1;SNCF;pl. de la Liberation;;Source IDFM;475847;637324;6872082;true;true;48.945648154911105, 2.1443188086944414
50170657;1342749;2021-10-22T09:20:08+00:00;2021-10-22T09:20:08+00:00;1;SNCF;pl. des Déportés;;Source IDFM;475626;657924;6870262;true;true;48.93095969926368, 2.425727713365412
50170665;1342733;2021-10-22T09:20:07+00:00;2021-10-22T09:20:07+00:00;1;SNCF;pl. du 8 mai 1945;1;Source IDFM;474963;648544;6866528;true;true;48.8967002947342, 2.2981643221938857
50170668;1342727;2021-10-22T09:20:06+00:00;2021-10-22T09:20:06+00:00;1;SNCF;pl. du 8 mai 1945;;Source IDFM;475937;644268;6857467;true;true;48.814860552753046, 2.241033007211901
50170671;1342721;2021-10-22T09:20:05+00:00;2021-10-22T09:20:05+00:00;1;SNCF;pl. du 8 mai 1945;;Source IDFM - Accès direct au quai (côté gauche bv);474708;596281;6883011;true;true;49.03859834750148, 1.5813973729217423
50170672;1342719;2021-10-22T09:20:05+00:00;2021-10-22T09:20:05+00:00;1;SNCF;pl. du 8 mai 1945;;Source IDFM - Accès direct au quai (côté gauche bv);474707;596307;6883017;true;true;49.038656488223985, 1.5817514341285845
50170674;1342715;2021-10-22T09:20:05+00:00;2021-10-22T09:20:05+00:00;1;SNCF;pl. du 8 Mai 1945;;Source IDFM;475862;605128;6877426;true;true;48.98975354943295, 1.7036322342433992
50170677;1342709;2021-10-22T09:20:04+00:00;2021-10-22T09:20:04+00:00;1;SNCF;pl. du 8 mai 1945 (principale);;Source IDFM;475387;660750;6880599;true;true;49.024088614684686, 2.463338160493218
50170686;1342691;2021-10-22T09:20:02+00:00;2021-10-22T09:20:02+00:00;1;SNCF;pl. du Général de Gaulle;;Source IDFM - 2 escalators (accès au souterrain);474551;662982;6870310;true;true;48.93170224711926, 2.4947553813147842
50170691;1342681;2021-10-22T09:20:01+00:00;2021-10-22T09:20:01+00:00;1;SNCF;pl. du Général Leclerc;;Source IDFM;475161;686113;6867026;true;true;48.90308540165497, 2.8105669204806083
50170694;1342675;2021-10-22T09:20:01+00:00;2021-10-22T09:20:01+00:00;1;SNCF;pl. du Marché;;Source IDFM;476884;670808;6872557;true;true;48.95231085210638, 2.601412618209953
50170695;1342673;2021-10-22T09:20:01+00:00;2021-10-22T09:20:01+00:00;1;SNCF;pl. du Maréchal Leclerc;;Source IDFM;474721;636328;6861918;true;true;48.85415247806455, 2.132246924576813
50170697;1342669;2021-10-22T09:20:00+00:00;2021-10-22T09:20:00+00:00;1;SNCF;pl. du Petit Prince;;Source IDFM;476889;626060;6858677;true;true;48.82391080252024, 1.9928870687057785
50170698;1342667;2021-10-22T09:20:00+00:00;2021-10-22T09:20:00+00:00;1;SNCF;pl. du Petit Prince;;Source IDFM - Escalier et ascenseur;476888;626052;6858694;true;true;48.82406276143029, 1.9927751616492224
50170705;1342653;2021-10-22T09:19:59+00:00;2021-10-22T09:19:59+00:00;1;SNCF;pl. du Théâtre;;Source IDFM;476078;662859;6859936;true;true;48.838403939707945, 2.4939839922779
50170719;1342625;2021-10-22T09:19:56+00:00;2021-10-22T09:19:56+00:00;1;SNCF;pl. Henri Barbusse;;Source IDFM;475004;661205;6834977;true;true;48.613824365496654, 2.4737166069587846
50170725;1342613;2021-10-22T09:19:54+00:00;2021-10-22T09:19:54+00:00;1;SNCF;pl. Jean Moulin;;Source IDFM;476729;665334;6888940;true;true;49.09934902364557, 2.5253276240177467
50170735;1342593;2021-10-22T09:19:52+00:00;2021-10-22T09:19:52+00:00;1;SNCF;pl. Montesquieu;1;Source IDFM;476612;636226;6881902;true;true;49.03383731616656, 2.12784889201768
50170745;1342573;2021-10-22T09:19:50+00:00;2021-10-22T09:19:50+00:00;1;SNCF;pl. Roger Auribault;;Source IDFM;475125;671944;6856273;true;true;48.80592074290062, 2.6179989332733133
50170747;1342569;2021-10-22T09:19:50+00:00;2021-10-22T09:19:50+00:00;1;SNCF;pl. Salvador Allende;;Source IDFM;476635;646098;6874718;true;true;48.970146162347426, 2.2637623967387883
50170756;1342551;2021-10-22T09:19:48+00:00;2021-10-22T09:19:48+00:00;1;SNCF;Quai Anatole France;2;Source IDFM;476018;650553;6862508;true;true;48.86070708202304, 2.326032766175996
50170757;1342549;2021-10-22T09:19:48+00:00;2021-10-22T09:19:48+00:00;1;SNCF;Quai Anatole France;1;Source IDFM;476017;650495;6862532;true;true;48.860918455742556, 2.3252394639139973
50170775;1342513;2021-10-22T09:19:44+00:00;2021-10-22T09:19:44+00:00;1;SNCF;r. Carnot;;Source IDFM;474925;640356;6857197;true;true;48.81208239126459, 2.1878002397427463
50170776;1342511;2021-10-22T09:19:44+00:00;2021-10-22T09:19:44+00:00;1;SNCF;r. Charles de Gaulle;2;Source IDFM;476188;637314;6852661;true;true;48.77100063365772, 2.147046275682336
50170793;1342477;2021-10-22T09:19:41+00:00;2021-10-22T09:19:41+00:00;1;SNCF;r. de la Cité;;Source IDFM;475697;618399;6847467;true;true;48.72217514364128, 1.8906970550876667
50170799;1342465;2021-10-22T09:19:39+00:00;2021-10-22T09:19:39+00:00;1;SNCF;r. de la Gare;;Source IDFM;476224;622464;6859638;true;true;48.83213022742668, 1.9437377325855727
50170802;1342459;2021-10-22T09:19:39+00:00;2021-10-22T09:19:39+00:00;1;SNCF;r. de la Gare;;Source IDFM;475633;662572;6829680;true;true;48.56625793403194, 2.492722100530828
50170806;1342451;2021-10-22T09:19:38+00:00;2021-10-22T09:19:38+00:00;1;SNCF;r. de la Gare;;Source IDFM;476580;686493;6809215;true;true;48.383094119045374, 2.817572405556528
50170823;1342417;2021-10-22T09:19:35+00:00;2021-10-22T09:19:35+00:00;1;SNCF;r. de la Gare (bus);;Source IDFM;474766;638889;6829716;true;true;48.5647801632303, 2.171750004792501
50170827;1342409;2021-10-22T09:19:34+00:00;2021-10-22T09:19:34+00:00;1;SNCF;r. de la Gare (parking);;Source IDFM;474767;638876;6829735;true;true;48.56494984067052, 2.1715711244791565
50170830;1342403;2021-10-22T09:19:33+00:00;2021-10-22T09:19:33+00:00;1;SNCF;r. de la Gare (via passerelle);;Source IDFM - Escalier vers passerelle;474823;670123;6829323;true;true;48.56343894876402, 2.595086865651541
50170839;1342385;2021-10-22T09:19:31+00:00;2021-10-22T09:19:31+00:00;1;SNCF;r. de la Papeterie;;Source IDFM;476008;661148;6831901;true;true;48.58615234614047, 2.473221757405247
50170841;1342381;2021-10-22T09:19:31+00:00;2021-10-22T09:19:31+00:00;1;SNCF;r. de la porte de buc;;Source IDFM;476827;636657;6855275;true;true;48.79444486300678, 2.137718944212568
50170842;1342379;2021-10-22T09:19:31+00:00;2021-10-22T09:19:31+00:00;1;SNCF;r. de la Prairie (accès parking et bus);;Source IDFM;476431;613984;6838803;true;true;48.64368175395166, 1.8324284785951914
50170847;1342369;2021-10-22T09:19:30+00:00;2021-10-22T09:19:30+00:00;1;SNCF;r. de la Station;;Source IDFM;475081;651461;6875254;true;true;48.97539311320237, 2.336949529746802
50170850;1342363;2021-10-22T09:19:29+00:00;2021-10-22T09:19:29+00:00;1;SNCF;r. de la Station / r. E. Guinard;;Source IDFM;475744;632264;6863530;true;true;48.86823402739187, 2.076608750230972
50170855;1342353;2021-10-22T09:19:28+00:00;2021-10-22T09:19:28+00:00;1;SNCF;r. de l'Arrivée;;Source IDFM;475576;644265;6867984;true;true;48.90943701110991, 2.239613007813219
50170857;1342349;2021-10-22T09:19:28+00:00;2021-10-22T09:19:28+00:00;1;SNCF;r. de l'Ecorne-Boeuf;;Source IDFM;475392;658482;6838776;true;true;48.647826392648845, 2.4364104429855615
50170862;1342339;2021-10-22T09:19:26+00:00;2021-10-22T09:19:26+00:00;1;SNCF;r. de Maluzat;;Source IDFM;474675;654006;6804825;true;true;48.34211180770746, 2.3792758331268256
50170869;1342325;2021-10-22T09:19:25+00:00;2021-10-22T09:19:25+00:00;1;SNCF;r. de Naples;;Source IDFM;475673;658284;6854306;true;true;48.78749159950403, 2.432206904823042
50170891;1342281;2021-10-22T09:19:19+00:00;2021-10-22T09:19:19+00:00;1;SNCF;r. de Vauboyen;1;Source IDFM;476806;640604;6851290;true;true;48.758981828348944, 2.1920002063977404
50170896;1342271;2021-10-22T09:19:18+00:00;2021-10-22T09:19:18+00:00;1;SNCF;r. de Verdun;;Source IDFM - Escalier vers souterrain (côté voie 1);474825;670089;6829549;true;true;48.56547032529829, 2.594610358282619
50170899;1342265;2021-10-22T09:19:18+00:00;2021-10-22T09:19:18+00:00;1;SNCF;r. d'Eragny;;Source IDFM;476613;634487;6882609;true;true;49.04001898146253, 2.103959232839136
50170900;1342263;2021-10-22T09:19:17+00:00;2021-10-22T09:19:17+00:00;1;SNCF;r. des Acacias;;Source IDFM;474977;666735;6840920;true;true;48.66758802626549, 2.548272238415331
50170903;1342257;2021-10-22T09:19:17+00:00;2021-10-22T09:19:17+00:00;1;SNCF;r. des Boulainvilliers;;Source IDFM;474723;646786;6862090;true;true;48.8566479236517, 2.274743317505726
50170907;1342249;2021-10-22T09:19:15+00:00;2021-10-22T09:19:15+00:00;1;SNCF;r. des Brissettes;;Source IDFM - Escalier ver souterrain;474544;615652;6875303;true;true;48.972132617800696, 1.8478378117517755
50170917;1342229;2021-10-22T09:19:13+00:00;2021-10-22T09:19:13+00:00;1;SNCF;r. des Herbages;3;Source IDFM;476534;635491;6828252;true;true;48.551282031796575, 2.125919505656089
50170922;1342219;2021-10-22T09:19:12+00:00;2021-10-22T09:19:12+00:00;1;SNCF;r. des Rosiers;;Source IDFM;476643;653810;6877671;true;true;48.997299480327705, 2.3687719126517317
50170923;1342217;2021-10-22T09:19:12+00:00;2021-10-22T09:19:12+00:00;1;SNCF;r. des Sablons;;Source IDFM;475440;638678;6876997;true;true;48.98997328987521, 2.162090806013948
50170925;1342213;2021-10-22T09:19:12+00:00;2021-10-22T09:19:12+00:00;1;SNCF;r. des Sescois;;Source IDFM - Court escalier puis 2 escaliers montant vers voie 1 ou escalier descendant vers souterrain pour voie 2;474683;677250;6819533;true;true;48.47566052000889, 2.6921928199492453
50171134;1342199;2021-10-22T09:19:10+00:00;2021-10-22T09:19:10+00:00;1;SNCF;r. des Vignes;;Source IDFM;475620;645052;6824793;true;true;48.521048933939824, 2.2559019254065706
50171154;1342159;2021-10-22T09:19:06+00:00;2021-10-22T09:19:06+00:00;1;SNCF;r. du Chemin de Fer;;Source IDFM;476600;648907;6837526;true;true;48.635897630389174, 2.3065888665405514
50171164;1342139;2021-10-22T09:19:05+00:00;2021-10-22T09:19:05+00:00;1;SNCF;r. du Clos Montholon;;Source IDFM;474962;646591;6857373;true;true;48.814211816153765, 2.272677942852467
50171165;1342137;2021-10-22T09:19:04+00:00;2021-10-22T09:19:04+00:00;1;SNCF;r. du Clos Montholon;;Source IDFM - Escalier;474961;646608;6857375;true;true;48.81423121051719, 2.272909184439055
50171169;1342129;2021-10-22T09:19:04+00:00;2021-10-22T09:19:04+00:00;1;SNCF;r. du Départ;;Source IDFM;475134;649266;6875019;true;true;48.97311053349577, 2.306995159258174
50171170;1342127;2021-10-22T09:19:03+00:00;2021-10-22T09:19:03+00:00;1;SNCF;r. du Docteur Germain See;;Source IDFM;474560;647208;6861690;true;true;48.85308550277287, 2.280544130655558
50171172;1342123;2021-10-22T09:19:03+00:00;2021-10-22T09:19:03+00:00;1;SNCF;r. du Général de Gaulle;;Source IDFM;476200;638075;6880276;true;true;49.019398473956514, 2.153371617232409
50171184;1342099;2021-10-22T09:19:00+00:00;2021-10-22T09:19:00+00:00;1;SNCF;r. du Maréchal Foch;;Source IDFM - Escalier;476636;646115;6874885;true;true;48.97164923040108, 2.2639733218901195
50171185;1342097;2021-10-22T09:19:00+00:00;2021-10-22T09:19:00+00:00;1;SNCF;r. du Maréchal Foch;;Source IDFM - Escalier;476637;646133;6874711;true;true;48.97008615268996, 2.264241318554451
50171187;1342093;2021-10-22T09:19:00+00:00;2021-10-22T09:19:00+00:00;1;SNCF;r. du Moulin;;Source IDFM;475976;627232;6887209;true;true;49.08059538035178, 2.0039468440473405
50171194;1342079;2021-10-22T09:18:58+00:00;2021-10-22T09:18:58+00:00;1;SNCF;r. du Petit Pas/ Chemin du Vieux Moulin/ r. du Moulin;;Source IDFM;475659;615865;6844339;true;true;48.69371851871127, 1.8568695675192295
50171203;1342061;2021-10-22T09:18:57+00:00;2021-10-22T09:18:57+00:00;1;SNCF;r. Edmond Bonte;;Source IDFM;476480;656877;6840077;true;true;48.65942326713398, 2.4144930695525533
50171207;1342053;2021-10-22T09:18:56+00:00;2021-10-22T09:18:56+00:00;1;SNCF;r. Ernest Renan;;Source IDFM;476675;642431;6858181;true;true;48.82112019834649, 2.2159215276532382
50171216;1342035;2021-10-22T09:18:54+00:00;2021-10-22T09:18:54+00:00;1;SNCF;r. Ferdinant Pelloutier;1;Source IDFM;476412;643782;6865099;true;true;48.88345175618074, 2.233406005644573
50171221;1342025;2021-10-22T09:18:53+00:00;2021-10-22T09:18:53+00:00;1;SNCF;r. Galliéni;;Source IDFM;475014;640980;6874583;true;true;48.96848279590159, 2.1938800371695875
50171223;1342021;2021-10-22T09:18:52+00:00;2021-10-22T09:18:52+00:00;1;SNCF;r. Georges Bonnefous;;Source IDFM;476677;642310;6858206;true;true;48.821334207688736, 2.214270252044782
50171228;1342011;2021-10-22T09:18:51+00:00;2021-10-22T09:18:51+00:00;1;SNCF;r. Georges Pompidou;;Source IDFM;475238;629568;6856810;true;true;48.80751394205267, 2.040972428861809
50171237;1341993;2021-10-22T09:18:49+00:00;2021-10-22T09:18:49+00:00;1;SNCF;r. Jean Philippe Rameau;;Source IDFM;474491;630361;6875488;true;true;48.97555769332738, 2.048705324836983
50171242;1341983;2021-10-22T09:18:48+00:00;2021-10-22T09:18:48+00:00;1;SNCF;r. Léon Blum (Accès Centre Commercial);;Source IDFM;476495;661936;6864848;true;true;48.88252361995664, 2.480969342379445
50171256;1341955;2021-10-22T09:18:46+00:00;2021-10-22T09:18:46+00:00;1;SNCF;r. Parmentier;;Source IDFM;476199;654070;6874021;true;true;48.96449769595379, 2.3727211409630318
50171257;1341953;2021-10-22T09:18:45+00:00;2021-10-22T09:18:45+00:00;1;SNCF;r. Pasteur;;Source IDFM;475413;655572;6839609;true;true;48.6551254843843, 2.3968235164115717
50171259;1341949;2021-10-22T09:18:45+00:00;2021-10-22T09:18:45+00:00;1;SNCF;r. Pasteur;;Source IDFM;475064;677980;6881405;true;true;49.03215777856217, 2.6988772503328002
50171271;1341925;2021-10-22T09:18:43+00:00;2021-10-22T09:18:43+00:00;1;SNCF;r. Rabelais;;Source IDFM - Escalier;474832;648069;6875761;true;true;48.97968691090686, 2.2905544584855124
50171281;1341905;2021-10-22T09:18:41+00:00;2021-10-22T09:18:41+00:00;1;SNCF;r. Rossini;;Source  IDFM;476946;661763;6845209;true;true;48.705889832587324, 2.48037265967537
50171282;1341903;2021-10-22T09:18:41+00:00;2021-10-22T09:18:41+00:00;1;SNCF;r. Saint-Denis;;Source IDFM - Escalier;474974;645746;6869521;true;true;48.92338475860343, 2.259620333428415
50171314;1341839;2021-10-22T09:18:34+00:00;2021-10-22T09:18:34+00:00;1;SNCF;rte des Fraillons (nord);;Source IDFM;476743;682526;6810484;true;true;48.3944163014282, 2.7639425460599023
50171319;1341829;2021-10-22T09:18:33+00:00;2021-10-22T09:18:33+00:00;1;SNCF;rte du Chateau d'Eau;;Source IDFM;475368;609496;6836897;true;true;48.62592701807318, 1.7719207978972917
50171325;1341817;2021-10-22T09:18:32+00:00;2021-10-22T09:18:32+00:00;1;SNCF;sq. de la Gare - r. Paul Vaillant Couturier;2;Source IDFM;474964;648342;6866735;true;true;48.89854556815534, 2.2953840894276083
50147749;1824341;2021-10-22T08:26:36+00:00;2026-07-24T11:44:40+00:00;59;RATP;av. Anatole France;2;;50147749;657852;6866273;true;true;48.895083868347726, 2.425141410617902
50148060;1824336;2021-10-22T08:25:30+00:00;2026-07-24T11:44:36+00:00;59;RATP;La Plaine;1;;50148060;654092;6864702;true;true;48.88069923666275, 2.3740305088079072
50148412;1572556;2021-10-22T08:24:11+00:00;2026-07-24T08:33:04+00:00;59;RATP;r. Louis Bonnet;6;;50148412;654277;6863711;true;true;48.87180056478859, 2.3766596027998994
50148417;1572552;2021-10-22T08:24:10+00:00;2026-07-24T08:33:04+00:00;59;RATP;bd de la Villette;3;;50148417;654275;6863789;false;true;48.87250186139617, 2.376623943280928
50208156;1606694;2024-02-20T08:22:33+00:00;2026-07-24T08:33:04+00:00;59;RATP;r. de la Présentation;7;;50208156;654234;6863690;true;true;48.871608661783185, 2.37607567147605
50208157;1606693;2024-02-20T08:22:32+00:00;2026-07-24T08:33:04+00:00;59;RATP;r. de l'Orillon;8;;50208157;654261;6863659;true;true;48.87133180275056, 2.3764470823671653
50147954;1824282;2021-10-22T08:25:52+00:00;2026-07-24T08:27:09+00:00;59;RATP;av. Secrétan;4;;50147954;653831;6864914;true;true;48.88258703343934, 2.3704487987655396
50147925;1824285;2021-10-22T08:25:58+00:00;2026-07-24T08:27:09+00:00;59;RATP;av. Jean Jaurès;3;;50147925;653831;6864923;true;true;48.88266796784233, 2.37044782034645
50148785;1572251;2021-10-22T08:22:56+00:00;2026-07-24T08:27:09+00:00;59;RATP;quai de Jemmapes;5;;50148785;653808;6864809;false;true;48.881641148849106, 2.370146609040481
50148029;1572892;2021-10-22T08:25:37+00:00;2026-07-23T08:35:40+00:00;59;RATP;r. Desaix;2;;50148029;648120;6861408;true;true;48.850623592164744, 2.293006717413654
50148024;1661261;2021-10-22T08:25:38+00:00;2026-07-23T08:33:48+00:00;59;RATP;pl. du Costa Rica;1;;50148024;647598;6862189;true;true;48.857604773925175, 2.285797300562354
50148087;1572854;2021-10-22T08:25:24+00:00;2026-07-23T08:28:26+00:00;59;RATP;Caisse d'Assurance Maladie;4;;50148087;653767;6865206;true;true;48.88520831003244, 2.3695443548758703
50148088;1661244;2021-10-22T08:25:24+00:00;2026-07-23T08:28:26+00:00;59;RATP;Entrée / Sortie;6;;50148088;653756;6865108;true;true;48.88432623620972, 2.36940503199029
50147926;1572971;2021-10-22T08:25:58+00:00;2026-07-23T08:28:26+00:00;59;RATP;bd de la Chapelle;3;;50147926;653424;6865111;true;true;48.8843292853657, 2.364877660915446
50147928;1607031;2021-10-22T08:25:57+00:00;2026-07-23T08:27:19+00:00;59;RATP;Entrée;0;;50147928;653033;6865130;true;false;48.88447174555703, 2.3595440156175695
50148780;1572256;2021-10-22T08:22:57+00:00;2026-07-08T15:33:03+00:00;59;RATP;pl. du 11 Novembre 1918;3;;50148780;652980;6864203;true;true;48.87613162624469, 2.358923949146166
50148469;1572513;2021-10-22T08:24:00+00:00;2026-06-25T16:05:28+00:00;59;RATP;r. de l'Avenir;2;;50148469;648658;6856952;true;true;48.81059358794351, 2.300875541564488
50148468;1572514;2021-10-22T08:24:00+00:00;2026-06-25T16:05:28+00:00;59;RATP;av. Marx Dormoy;1;;50148468;648714;6856962;true;true;48.810687976891785, 2.301636849973584
50148706;1572326;2021-10-22T08:23:15+00:00;2026-06-16T09:18:36+00:00;59;RATP;r. Saint-Lazare;11;;50148706;650739;6864188;true;true;48.87582921781277, 2.3283730787394616
50147869;1573023;2021-10-22T08:26:10+00:00;2026-06-16T09:18:36+00:00;59;RATP;cour de Rome;1;;50147869;650432;6864174;true;true;48.875679763826874, 2.3241892628559673
50147840;1573050;2021-10-22T08:26:16+00:00;2026-06-15T09:36:43+00:00;59;RATP;r. du Départ;7;;50147840;650341;6860571;true;true;48.84327149590903, 2.3233695567383785
50148173;1606980;2021-10-22T08:25:03+00:00;2026-04-13T12:37:57+00:00;59;RATP;Entrée / Sortie;0;;50148173;649720;6862658;true;true;48.86199152855532, 2.3146617192396937
50148731;1572302;2021-10-22T08:23:09+00:00;2026-04-13T12:36:58+00:00;59;RATP;Cap Ampère;2;;50148731;651859;6869066;true;true;48.9197796280916, 2.343089225590508
50148480;1572503;2021-10-22T08:23:57+00:00;2026-04-03T09:23:59+00:00;59;RATP;r. Decrès;3;;50148480;649633;6859313;true;true;48.831903323377404, 2.313872098945602
50148727;1572306;2021-10-22T08:23:10+00:00;2026-04-03T09:23:41+00:00;59;RATP;r. des Bas;1;;50148727;647675;6869453;true;true;48.922933038977014, 2.285951448960381
50147959;1661272;2021-10-22T08:25:51+00:00;2026-04-03T09:23:25+00:00;59;RATP;av. Charles de Gaulle;4;;50147959;647183;6864495;true;true;48.878308149365104, 2.2798548233106395
50147957;1661274;2021-10-22T08:25:52+00:00;2026-04-03T09:23:25+00:00;59;RATP;av. de la Grande Armée;1;;50147957;647509;6864382;true;true;48.87731863274895, 2.2843134630608586
50148472;1572511;2021-10-22T08:23:59+00:00;2026-04-03T09:23:14+00:00;59;RATP;bd Charles de Gaulle;2;;50148472;648495;6858271;true;true;48.82244258803463, 2.2984965256639387
50148471;1572512;2021-10-22T08:23:59+00:00;2026-04-03T09:23:14+00:00;59;RATP;r. Jean Bleuzen;1;;50148471;648478;6858285;true;true;48.82256713335597, 2.298263301544094
50148008;1572911;2021-10-22T08:25:41+00:00;2026-04-03T09:23:08+00:00;59;RATP;av. Joffre;1;;50148008;657226;6860891;true;true;48.846643073081616, 2.4171455001186177
50148005;1572914;2021-10-22T08:25:42+00:00;2026-04-03T09:23:08+00:00;59;RATP;r. du Parc;4;;50148005;657428;6860832;true;true;48.84612586081666, 2.419903834432871
50148004;1572915;2021-10-22T08:25:42+00:00;2026-04-03T09:23:08+00:00;59;RATP;pl. de la Prévoyance;5;;50148004;657458;6860854;true;true;48.84632568928394, 2.420310406128797
50148003;1572916;2021-10-22T08:25:42+00:00;2026-04-03T09:23:01+00:00;59;RATP;r. des Vignerons;4;;50148003;658220;6860723;false;true;48.84519745640367, 2.430706144747367
50148515;1785197;2021-10-22T08:23:50+00:00;2026-04-03T09:22:45+00:00;59;RATP;av. de la Porte de Clichy;3;;50148515;649691;6866308;true;true;48.89481259135585, 2.3138341417476314
50148729;1572304;2021-10-22T08:23:09+00:00;2026-04-03T09:22:41+00:00;59;RATP;bd Intercommunal;2;;50148729;647533;6870294;true;true;48.93048397053915, 2.2839096886413963
50148488;1572496;2021-10-22T08:23:56+00:00;2026-04-03T09:22:14+00:00;59;RATP;Entrée / Sortie;1;;50148488;649752;6862085;true;true;48.856841123602564, 2.3151656070905244
50147973;1572943;2021-10-22T08:25:48+00:00;2026-04-03T09:22:04+00:00;59;RATP;r. de Marignan;2;;50147973;649179;6863517;true;true;48.86967387960417, 2.307185302350066
50208143;1606697;2024-03-06T16:54:36+00:00;2026-04-03T09:22:04+00:00;59;RATP;r. de Marignan;2;;50208143;649160;6863532;true;true;48.869807271482486, 2.3069245043261457
50148523;1606944;2021-10-22T08:23:48+00:00;2026-04-03T09:21:54+00:00;59;RATP;Entrée / Sortie;0;;50148523;648297;6868730;true;true;48.916481861683344, 2.2945272097300844
50147944;1572963;2021-10-22T08:25:54+00:00;2026-04-03T09:21:49+00:00;59;RATP;quai De Dion-Bouton;3;;50147944;645034;6865548;true;true;48.88759750873948, 2.2504192400924334
50147962;1572952;2021-10-22T08:25:50+00:00;2026-04-03T09:21:15+00:00;59;RATP;r. Louis-Philippe;1;;50147962;646584;6864838;false;true;48.88134321788664, 2.2716449476658678
50147964;1572950;2021-10-22T08:25:50+00:00;2026-04-03T09:21:15+00:00;59;RATP;pl. du Marché;4;;50147964;646717;6864771;true;true;48.88075173045216, 2.2734667752414564
50147961;1572953;2021-10-22T08:25:51+00:00;2026-04-03T09:21:15+00:00;59;RATP;Entrée / Sortie;2;;50147961;646552;6864813;true;true;48.881115747020345, 2.271211781882859
50148567;1572428;2021-10-22T08:23:39+00:00;2026-04-03T09:21:09+00:00;59;RATP;pl. H. Frenay;9;;50148567;654208;6860679;true;true;48.844529143258654, 2.3760455869151444
50148496;1572490;2021-10-22T08:23:54+00:00;2026-04-03T09:11:35+00:00;59;RATP;av. de Saint-Ouen;2;;50148496;650536;6865514;true;true;48.887737946750846, 2.3254510642727424
50148822;1572213;2021-10-22T08:22:49+00:00;2026-04-03T09:07:58+00:00;59;RATP;r. de Chaligny;4;;50148822;654803;6860942;true;true;48.846936316491764, 2.3841246800606894
50148201;1572752;2021-10-22T08:24:56+00:00;2026-04-03T09:07:58+00:00;59;RATP;r. Claude Tillier;2;;50148201;655014;6860977;true;true;48.84726583769843, 2.386996045884295
50210170;1571980;2024-05-29T15:56:51+00:00;2026-04-03T09:02:10+00:00;59;RATP;r. du Landy;4;;50210170;649107;6867305;false;true;48.90373222561212, 2.3057498038549467
50148328;1572633;2021-10-22T08:24:29+00:00;2026-04-03T08:57:25+00:00;59;RATP;av.de Taillebourg;5;;50148328;655744;6861146;true;true;48.84883620971655, 2.396925449070785
50148395;1572576;2021-10-22T08:24:15+00:00;2026-04-03T08:56:02+00:00;59;RATP;r. de Lobau;6;;50148395;652555;6862061;true;true;48.856837820156834, 2.353368859802681
50148392;1572579;2021-10-22T08:24:16+00:00;2026-04-03T08:56:02+00:00;59;RATP;r. du Renard;2;;50148392;652409;6862155;true;true;48.85767238401872, 2.351368581687584
50148546;1572443;2021-10-22T08:23:43+00:00;2026-04-03T08:54:13+00:00;59;RATP;Parvis - Esplanade;4;;50148546;644225;6866008;true;true;48.891664498635556, 2.2393270169352935
50147990;1572929;2021-10-22T08:25:45+00:00;2026-04-03T08:51:08+00:00;59;RATP;r. Saint-Honoré;3;;50147990;651305;6862725;true;true;48.862715813814305, 2.3362572484698436
50148175;1606700;2021-10-22T08:25:03+00:00;2026-04-03T08:48:31+00:00;59;RATP;Jeu de Paume;1;;50148175;650365;6863120;true;true;48.86619623194359, 2.323398959195097
50147996;1572923;2021-10-22T08:25:43+00:00;2026-04-03T08:42:18+00:00;59;RATP;Bois de Vincennes;6;;50147996;658944;6860641;true;true;48.8445065601662, 2.4405789441328736
50147997;1572922;2021-10-22T08:25:43+00:00;2026-04-03T08:42:18+00:00;59;RATP;cours des Maréchaux;3;;50147997;658888;6860618;false;true;48.844296148886905, 2.439818147893553
50148766;1572270;2021-10-22T08:23:00+00:00;2026-04-03T08:42:18+00:00;59;RATP;Entrée / Sortie;2;;50148766;658687;6860657;true;true;48.84463402370295, 2.4370756762997265
50208146;1572032;2024-05-29T15:57:05+00:00;2026-04-03T08:41:12+00:00;59;RATP;av. de Friedland;2;;50208146;648392;6864021;true;true;48.87414363608265, 2.296395907369593
50210230;1571962;2024-05-29T15:56:47+00:00;2026-04-03T08:41:12+00:00;59;RATP;av. Carnot;5;;50210230;648209;6864147;true;true;48.87526202631114, 2.2938857256767498
50147797;1573087;2021-10-22T08:26:25+00:00;2026-04-03T08:39:33+00:00;59;RATP;pl. du Châtelet;16;;50147797;652110;6862155;true;true;48.85765022656312, 2.3472936097922545
50147794;1573090;2021-10-22T08:26:26+00:00;2026-04-03T08:39:33+00:00;59;RATP;r. des Lavandières;13;;50147794;652025;6862301;true;true;48.858956863779206, 2.3461186959929123
50147792;1573092;2021-10-22T08:26:27+00:00;2026-04-03T08:39:33+00:00;59;RATP;r. Saint-Denis;14;;50147792;652099;6862264;true;true;48.858629633678966, 2.3471314117805697
50148868;1572172;2021-10-22T08:22:39+00:00;2026-03-12T14:39:01+00:00;59;RATP;Bassin;3;;50148868;666850;6860182;true;true;48.8408339176614, 2.5483377031467453
50148744;1572290;2021-12-15T20:46:35+00:00;2026-03-12T14:39:01+00:00;59;RATP;Les Arcades;1;;50148744;666781;6860162;true;true;48.84065050073291, 2.547399174037223
50211248;1711739;2026-01-06T10:54:31+00:00;2026-01-06T10:54:31+00:00;59;RATP;Place de l’Union Européenne;4;;50211248;645374;6847580;true;true;48.72603650996778, 2.2573600611533498
50147745;1573133;2021-10-22T08:26:37+00:00;2025-09-03T07:55:13+00:00;59;RATP;Entrée / Sortie;0;;50147745;659619;6867666;true;true;48.90772385256923, 2.4491082611091732
50147748;1573131;2021-10-22T08:26:36+00:00;2025-09-03T07:55:13+00:00;59;RATP;Préfecture;4;;50147748;659631;6867468;true;true;48.9059440745106, 2.4492908026151095
50148658;1572346;2021-10-22T08:23:20+00:00;2025-09-03T07:50:26+00:00;59;RATP;bd Mortier;2;;50148658;656473;6864230;true;true;48.87661998854043, 2.406543278206982
50148657;1572347;2021-10-22T08:23:21+00:00;2025-09-03T07:50:26+00:00;59;RATP;r. de Belleville;3;;50148657;656444;6864261;true;true;48.87689680434562, 2.4061447220550134
50147858;1661295;2021-10-22T08:26:12+00:00;2025-08-05T11:53:27+00:00;59;RATP;pl. du Maréchal Juin;1;;50147858;648707;6865387;true;true;48.886452779079725, 2.3005253049289567
50147932;1661286;2021-10-22T08:25:57+00:00;2025-08-05T11:53:23+00:00;59;RATP;bd de Clichy;1;;50147932;651077;6865057;true;true;48.88366963910866, 2.3328810714876895
50147948;1661279;2021-10-22T08:25:53+00:00;2025-08-05T11:53:20+00:00;59;RATP;bd de Charonne;0;;50147948;655562;6861977;true;true;48.85629684736279, 2.3943585869127344
50148018;1661264;2021-10-22T08:25:39+00:00;2025-08-05T11:53:14+00:00;59;RATP;Centre commercial Italie 2;2;;50148018;652674;6859162;true;true;48.83077583001661, 2.3553132232555587
50148034;1661259;2021-10-22T08:25:36+00:00;2025-08-05T11:53:11+00:00;59;RATP;Boulevard Saint-Jacques;1;;50148034;651289;6859434;true;true;48.83311876816426, 2.336416140121723
50148056;1661253;2021-10-22T08:25:31+00:00;2025-08-05T11:53:08+00:00;59;RATP;Boulevard Sérurier;1;;50148056;655913;6864610;true;true;48.8799991490653, 2.3988689662047977
50148093;1661241;2021-10-22T08:25:22+00:00;2025-08-05T11:53:03+00:00;59;RATP;Rue Cadet;1;;50148093;651882;6864201;true;true;48.876032538213586, 2.3439545993194626
50148222;1661234;2021-10-22T08:24:51+00:00;2025-08-05T11:53:00+00:00;59;RATP;avenue du Général Leclerc / côté des n° pairs;1;;50148222;658465;6856692;true;true;48.808961642255085, 2.434437796526135
50148230;1661232;2021-10-22T08:24:49+00:00;2025-08-05T11:52:59+00:00;59;RATP;Mail des Mèches - Université Paris 12;1;;50148230;659627;6854533;true;true;48.78961858669244, 2.4504642668303447
50148373;1661227;2021-10-22T08:24:20+00:00;2025-08-05T11:52:57+00:00;59;RATP;pl. Charles Michels;1;;50148373;647594;6860976;true;true;48.84669608852662, 2.2858922947253046
50148381;1661226;2021-10-22T08:24:18+00:00;2025-08-05T11:52:57+00:00;59;RATP;bd Jean Jaurès / rue du Château / côté des n° impairs;1;;50148381;644137;6860467;true;true;48.841828272783715, 2.238855342130795
50148387;1661224;2021-10-22T08:24:17+00:00;2025-08-05T11:52:56+00:00;59;RATP;r. Molitor;1;;50148387;645807;6860818;true;true;48.845127393792986, 2.26156335955575
50170424;1821459;2021-10-22T09:21:09+00:00;2026-07-08T15:50:35+00:00;1;SNCF;Esplanade Napoléon III;5;Source IDFM - Accès principal Gare;475326;652688;6864643;true;true;48.88006704376393, 2.354893954871231
50171171;1821457;2021-10-22T09:19:03+00:00;2026-07-08T15:48:25+00:00;1;SNCF;r. du Fbg Saint-Denis (côté Gare routière);8;Source IDFM;475329;652902;6864738;true;true;48.880937038953626, 2.3578012125250107
50170732;1342599;2021-10-22T09:19:53+00:00;2026-04-22T15:07:30+00:00;1;SNCF;pl. Marcel Cachin;;Source IDFM;475488;655278;6857309;true;true;48.81429734341906, 2.3909788063689685
50234650;1702233;2025-12-22T17:20:46+00:00;2025-12-22T17:22:21+00:00;1;SNCF;Rue Rouget de Lisle;;;;645896;6859069;true;true;48.82940616263261, 2.2629984384882964
50234647;1702211;2025-12-22T17:05:26+00:00;2025-12-22T17:05:26+00:00;1;SNCF;Entrée / Sortie;;;;653504;6896594;true;true;49.16741434075903, 2.362502585504193
50234641;1702190;2025-12-22T16:55:30+00:00;2025-12-22T16:55:30+00:00;1;SNCF;Entrée / Sortie;;;;621349;6900859;true;true;49.20261398566556, 1.920876303672498
50234632;1702152;2025-12-22T16:39:37+00:00;2025-12-22T16:40:09+00:00;1;SNCF;Entrée / Sortie;;;;708821;6897766;true;true;49.17957790257135, 3.1209701291462473
50234629;1702142;2025-12-22T16:33:55+00:00;2025-12-22T16:37:06+00:00;1;SNCF;Entrée / Sortie;;;;654551;6900576;true;true;49.203288104668125, 2.3764260471435206
50234627;1702134;2025-12-22T16:29:31+00:00;2025-12-22T16:30:20+00:00;1;SNCF;Entrée / Sortie;;;;620240;6902886;true;true;49.2206980658982, 1.9052767619190505
50234628;1702136;2025-12-22T16:30:19+00:00;2025-12-22T16:30:20+00:00;1;SNCF;Entrée / Sortie;;;;620243;6902871;true;true;49.22056360167499, 1.9053207862577572
50229031;1678095;2025-10-07T12:12:59+00:00;2025-10-07T12:14:36+00:00;1;SNCF;Avenue Couvrecelle;;Source IDFM;;729895;6881990;true;true;49.03709954868779, 3.4088528566247294
50229022;1676352;2025-09-30T15:17:38+00:00;2025-09-30T15:19:19+00:00;1;SNCF;Centre Ville;;Source IDFM;;580131;6849157;true;true;48.731403526782586, 1.370122965657884
50229018;1676342;2025-09-30T14:04:19+00:00;2025-09-30T14:04:23+00:00;1;SNCF;Quai André Citroën;;Source IDFM;;647100;6861103;true;true;48.84779782128623, 2.279145403009062
50234343;1684330;2025-11-06T11:11:53+00:00;2025-11-17T16:35:50+00:00;521;MARNE ET SEINE;Entrée / Sortie;;Source IDFM;;661169;6850460;true;true;48.75308197085777, 2.4718233360912114
50234342;1684326;2025-11-06T11:10:47+00:00;2025-11-17T16:35:50+00:00;521;MARNE ET SEINE;Entrée / Sortie;;Source IDFM;;661157;6850458;true;true;48.75306326116127, 2.471660299783937
50234344;1684333;2025-11-06T11:14:46+00:00;2025-11-06T11:14:46+00:00;521;MARNE ET SEINE;Entrée / Sortie;;Source IDFM;;660636;6848434;true;true;48.73482805070568, 2.4647605195046114
50148461;1661211;2021-10-22T08:24:01+00:00;2025-08-05T11:52:50+00:00;59;RATP;Place des Abbesses;0;;50148461;651493;6865136;true;true;48.88441153205637, 2.3385443989058055
50148601;1661203;2021-10-22T08:23:32+00:00;2025-08-05T11:52:46+00:00;59;RATP;Johan Scarron;1;;50148601;673108;6859958;true;true;48.83911096519722, 2.633614529659418
50148606;1661202;2021-10-22T08:23:31+00:00;2025-08-05T11:52:45+00:00;59;RATP;Quai Saint-Michel;1;;50148606;651810;6861464;true;true;48.85141375142019, 2.3432833373361364
50149316;1661190;2022-04-22T20:34:33+00:00;2025-08-05T11:52:40+00:00;59;RATP;Boulevard de Port-Royal;1;;50149316;651337;6860177;true;true;48.839804233636954, 2.336985020860056
50210116;1661178;2024-05-29T15:56:56+00:00;2025-08-05T11:52:35+00:00;59;RATP;avenue du Général Leclerc / côté des n° pairs;1;;50210116;658439;6856720;true;true;48.80921178100324, 2.4340810466591494
50211665;1606769;2024-09-01T12:34:54+00:00;2025-02-10T14:58:29+00:00;1;SNCF;Rue du 8 mai 1945;;;;648857;6872944;true;true;48.95441978176192, 2.301659346817446
50210369;1615510;2024-11-06T17:06:31+00:00;2024-11-06T17:06:31+00:00;59;RATP;Chemin de la Redoute;2;;50210369;652169;6854973;true;true;48.79306577742356, 2.348904810303381
50170338;1607142;2021-10-22T09:21:26+00:00;2024-09-05T05:30:34+00:00;1;SNCF;Sortie;;Source IDFM;476608;634740;6883195;false;true;49.04531351758442, 2.1073286890468186
50211668;1607133;2024-09-05T05:07:37+00:00;2024-09-05T05:09:40+00:00;1;SNCF;Gare routière Canrobert;;;;633743;6883272;true;true;49.045903709946266, 2.0936801351697834
50147767;1607042;2021-10-22T08:26:32+00:00;2024-09-03T10:30:01+00:00;59;RATP;Entrée / Sortie;0;;50147767;652190;6866170;true;true;48.893762048442426, 2.3479320252406652
50148336;1606971;2021-10-22T08:24:27+00:00;2024-09-03T10:29:10+00:00;59;RATP;av. de la Porte de Montreuil;1;;50148336;656794;6861653;true;true;48.85346692620904, 2.411181697692201
50170182;1606767;2021-10-22T09:21:59+00:00;2024-09-01T12:16:39+00:00;1;SNCF;Centre Commercial - Centre hospitalier R. Ballanger;;Source IDFM;476669;665190;6872036;true;true;48.947346325307024, 2.524749000048373
50170147;1606765;2021-10-22T09:22:06+00:00;2024-09-01T12:03:03+00:00;1;SNCF;Paris Nord 2;;Source IDFM;476166;664422;6874970;true;true;48.97368736229161, 2.5140174447420667
50208162;1606691;2024-02-20T08:22:32+00:00;2024-08-30T08:25:18+00:00;59;RATP;Entrée;0;;50208162;652322;6865051;true;false;48.883709070713714, 2.3498579125545533
50208174;1606690;2024-03-18T15:56:41+00:00;2024-08-30T08:25:17+00:00;59;RATP;r. du Fbg du Temple;4;;50208174;653390;6863287;true;true;48.86792403259171, 2.3646141852004976
50208183;1606688;2024-02-20T08:22:31+00:00;2024-08-30T08:25:16+00:00;59;RATP;r. Voltaire;1;;50208183;647588;6866033;true;true;48.89217186869268, 2.285186754398855
50208192;1606686;2024-03-18T15:56:40+00:00;2024-08-30T08:25:15+00:00;59;RATP;bd de Sébastopol;1;;50208192;652605;6863446;true;true;48.869296605457485, 2.353895832728046
50208193;1606685;2024-02-22T14:34:47+00:00;2024-08-30T08:25:14+00:00;59;RATP;Entrée / Sortie;0;;50208193;652118;6861929;true;true;48.85561842544489, 2.347428094455502
50210083;1606673;2024-03-18T15:56:39+00:00;2024-08-30T08:25:06+00:00;59;RATP;r. Toussaint - Féron;3;;50210083;652824;6858684;true;true;48.82648810713897, 2.3574094593506527
50210123;1606664;2024-02-22T14:34:42+00:00;2024-08-30T08:25:00+00:00;59;RATP;r. Billancourt;2;;50210123;644094;6859397;true;true;48.832202088618665, 2.238410103967044
50210124;1606663;2024-02-22T14:34:42+00:00;2024-08-30T08:24:59+00:00;59;RATP;r. de la Ferme;1;;50210124;644103;6859364;true;true;48.831906100582756, 2.2385370355635508
50210133;1606661;2024-03-18T15:56:35+00:00;2024-08-30T08:24:57+00:00;59;RATP;bd Malesherbes;1;;50210133;650212;6864040;true;true;48.87445776806283, 2.321205632432356
50210134;1606660;2024-03-18T15:56:35+00:00;2024-08-30T08:24:57+00:00;59;RATP;bd Haussmann;2;;50210134;650221;6864059;true;true;48.874629325655015, 2.3213261032692576
50210141;1606655;2024-02-22T14:34:41+00:00;2024-08-30T08:24:53+00:00;59;RATP;av. du Mar. De Lattre de Tassigny;4;;50210141;643320;6860351;true;true;48.84071375387789, 2.227739714015627
50210155;1606654;2024-03-06T16:54:31+00:00;2024-08-30T08:24:52+00:00;59;RATP;r. de la Convention;1;;50210155;648350;6859941;false;true;48.83744940836437, 2.2963190210928976
50210193;1606650;2024-02-22T14:34:39+00:00;2024-08-30T08:24:49+00:00;59;RATP;r. Henri Desgrange;4;;50210193;654549;6860072;true;true;48.83909450326644, 2.3807566677321823
50210223;1606643;2024-02-22T14:34:36+00:00;2024-08-30T08:24:44+00:00;59;RATP;pl. de la Gare;1;;50210223;663647;6850396;true;true;48.75265068464703, 2.505533466312491
50148556;1572435;2021-10-22T08:23:41+00:00;2024-08-05T22:40:48+00:00;59;RATP;r. des Mathurins;3;;50148556;650873;6863853;true;true;48.87282688526069, 2.330238693556291
50148180;1572773;2021-10-22T08:25:02+00:00;2024-08-05T21:25:53+00:00;59;RATP;r. de la Lune;5;;50148180;652354;6863527;true;true;48.87000650354008, 2.3504651894886908
50148298;1572660;2021-10-22T08:24:35+00:00;2024-08-05T21:25:53+00:00;59;RATP;bd Montmartre;2;;50148298;651782;6863712;true;true;48.87162760043688, 2.342646754027684
50148303;1572655;2021-10-22T08:24:34+00:00;2024-08-05T21:25:53+00:00;59;RATP;r. Saint-Fiacre;5;;50148303;651980;6863637;true;true;48.87096793483649, 2.34535442949144
50148300;1572658;2021-10-22T08:24:35+00:00;2024-08-05T21:25:53+00:00;59;RATP;r. Montmartre;3;;50148300;651774;6863690;true;true;48.871429160389276, 2.342540192709037
50148302;1572656;2021-10-22T08:24:34+00:00;2024-08-05T21:25:53+00:00;59;RATP;r. Rougemont;6;;50148302;651986;6863659;true;true;48.871166223368306, 2.3454337361947526
50149986;1572038;2024-05-29T15:57:06+00:00;2024-07-02T09:04:40+00:00;59;RATP;place des Etoiles;4;;50149986;652161;6868785;true;true;48.91727528751677, 2.347241692643407
50149984;1572042;2024-05-29T15:57:07+00:00;2024-07-02T09:04:40+00:00;59;RATP;rue F. Poulbot;2;;50149984;652128;6868783;true;true;48.91725484867001, 2.3467916572693084
50147731;1573146;2021-10-22T08:26:40+00:00;2024-05-29T16:09:18+00:00;59;RATP;r. Adolphe Mille;3;;50147731;655328;6865539;true;true;48.888313067469625, 2.390795016439518
50147737;1573140;2021-10-22T08:26:38+00:00;2024-05-29T16:09:14+00:00;59;RATP;r. de Meaux;3;;50147737;654484;6865168;false;true;48.884917669856854, 2.379325382303868
50147741;1573136;2021-10-22T08:26:38+00:00;2024-05-29T16:09:11+00:00;59;RATP;r. Saint-Sabin;1;;50147741;653803;6862021;true;true;48.85656880401839, 2.370381553062538
50147742;1573135;2021-10-22T08:26:37+00:00;2024-05-29T16:09:11+00:00;59;RATP;bd Richard-Lenoir;9;;50147742;653697;6861757;true;true;48.854187060278356, 2.3689656950660622
50147753;1573128;2021-10-22T08:26:35+00:00;2024-05-29T16:09:06+00:00;59;RATP;av. Jean Lolive;1;;50147753;656982;6866088;true;true;48.89336268141352, 2.4132946189603404
50147754;1573127;2021-10-22T08:26:35+00:00;2024-05-29T16:09:05+00:00;59;RATP;r. Hoche;1;;50147754;656172;6865862;true;true;48.89127570778186, 2.4022711015508613
50147755;1573126;2021-10-22T08:26:35+00:00;2024-05-29T16:09:05+00:00;59;RATP;r. du Pré-Saint-Gervais;2;;50147755;656180;6865842;true;true;48.89109639893017, 2.402382266185257
50147759;1573122;2021-10-22T08:26:34+00:00;2024-05-29T16:09:02+00:00;59;RATP;r. Eugène Jumin;4;;50147759;655366;6865527;true;true;48.888207790619106, 2.3913144743505463
50147790;1573094;2021-10-22T08:26:27+00:00;2024-05-29T16:08:43+00:00;59;RATP;Forum Porte Berger;2;;50147790;652043;6862571;true;true;48.86138627943126, 2.346333555008558
50147801;1573083;2021-10-22T08:26:24+00:00;2024-05-29T16:08:35+00:00;59;RATP;r. du Four;2;;50147801;650927;6861501;true;true;48.85167984126941, 2.331246418485671
50147804;1573080;2021-10-22T08:26:24+00:00;2024-05-29T16:08:33+00:00;59;RATP;Forum - Pte Rambuteau;4;;50147804;652088;6862701;true;true;48.86255869947036, 2.3469322341474097
50147817;1573070;2021-10-22T08:26:21+00:00;2024-05-29T16:08:27+00:00;59;RATP;sq. Émile Chautemps;4;;50147817;652548;6863211;true;true;48.867179097600335, 2.353145067850033
50147819;1573068;2021-10-22T08:26:20+00:00;2024-05-29T16:08:26+00:00;59;RATP;bd de Sébastopol;1;;50147819;652478;6863089;true;true;48.86607681222648, 2.3522045297720697
50147820;1573067;2021-10-22T08:26:20+00:00;2024-05-29T16:08:25+00:00;59;RATP;r. Saint-Denis;3;;50147820;652364;6863139;true;false;48.86651803283137, 2.3506450055006423
50147821;1573066;2021-10-22T08:26:20+00:00;2024-05-29T16:08:24+00:00;59;RATP;Porte Saint-Martin;3;;50147821;652652;6863449;true;true;48.8693270406332, 2.354536189273264
50147827;1573060;2021-10-22T08:26:19+00:00;2024-05-29T16:08:20+00:00;59;RATP;bd de Bonne Nouvelle;4;;50147827;652466;6863513;true;true;48.8698888798579, 2.3519935287591394
50147828;1573059;2021-10-22T08:26:19+00:00;2024-05-29T16:08:20+00:00;59;RATP;r. Delambre;4;;50147828;650742;6860432;true;true;48.84205224684052, 2.328849229511718
50147844;1573047;2021-10-22T08:26:15+00:00;2024-05-29T16:08:11+00:00;59;RATP;av. Ernest Reyer;5;;50147844;650382;6858221;true;true;48.82214093460024, 2.32420221190166
50147847;1573044;2021-10-22T08:26:15+00:00;2024-05-29T16:08:09+00:00;59;RATP;av. du Général Leclerc;5;;50147847;650607;6858931;false;true;48.828543338828055, 2.3271841711089203
50147852;1573040;2021-10-22T08:26:14+00:00;2024-05-29T16:08:06+00:00;59;RATP;r. Mouton-Duvernet;2;;50147852;650806;6859266;false;true;48.83157124556498, 2.329856028885912
50147855;1573037;2021-10-22T08:26:13+00:00;2024-05-29T16:08:03+00:00;59;RATP;av. du Général Leclerc;3;;50147855;650949;6859471;true;true;48.83342572584834, 2.3317803176241143
50147862;1573030;2021-10-22T08:26:12+00:00;2024-05-29T16:07:58+00:00;59;RATP;av. de Villiers;2;;50147862;649296;6865006;false;true;48.88307323645754, 2.308602485728373
50147882;1573011;2021-10-22T08:26:07+00:00;2024-05-29T16:07:46+00:00;59;RATP;r. Baudin;3;;50147882;647284;6866489;true;false;48.89624764246991, 2.2809842960856566
50147885;1573008;2021-10-22T08:26:06+00:00;2024-05-29T16:07:44+00:00;59;RATP;pl. Stuart Merrill;1;;50147885;648133;6865306;false;true;48.88567839624593, 2.2927080660689723
50147892;1573001;2021-10-22T08:26:05+00:00;2024-05-29T16:07:39+00:00;59;RATP;Père Lachaise;3;;50147892;655863;6862895;true;true;48.864573036855305, 2.398365403800216
50147897;1572996;2021-10-22T08:26:04+00:00;2024-05-29T16:07:35+00:00;59;RATP;r. de la Py;3;;50147897;656435;6862885;true;true;48.86452204762988, 2.4061631058037967
50147900;1572993;2021-10-22T08:26:03+00:00;2024-05-29T16:07:33+00:00;59;RATP;bd Mortier;2;;50147900;656604;6862937;true;true;48.86500108561751, 2.4084613577695686
50147907;1572988;2021-10-22T08:26:02+00:00;2024-05-29T16:07:29+00:00;59;RATP;pl. des Ternes;2;;50147907;648527;6864450;true;true;48.87801230622057, 2.29818436684586
50147908;1572987;2021-10-22T08:26:01+00:00;2024-05-29T16:07:29+00:00;59;RATP;bd de Courcelles;3;;50147908;648577;6864489;false;true;48.878367015195956, 2.2988613413101517
50147911;1572984;2021-10-22T08:26:01+00:00;2024-05-29T16:07:26+00:00;59;RATP;av. Victor Hugo;1;;50147911;647597;6863565;true;true;48.86997876161904, 2.2856140069369015
50147912;1572983;2021-10-22T08:26:01+00:00;2024-05-29T16:07:26+00:00;59;RATP;bd de l'Amiral Bruix;3;;50147912;646975;6863819;true;true;48.872212004355745, 2.2771033384408694
50147913;1572982;2021-10-22T08:26:00+00:00;2024-05-29T16:07:25+00:00;59;RATP;av. Foch;2;;50147913;646976;6863755;true;true;48.871636553390076, 2.2771249582167137
50147919;1572977;2021-10-22T08:25:59+00:00;2024-05-29T16:07:21+00:00;59;RATP;r. du Sentier;1;;50147919;651979;6863262;true;true;48.867595561392314, 2.3453831784100867
50147939;1572968;2021-10-22T08:25:55+00:00;2024-05-29T16:07:14+00:00;59;RATP;bd de Courcelles;1;;50147939;648927;6864570;true;true;48.87912327516339, 2.303623508450129
50147949;1572960;2021-10-22T08:25:53+00:00;2024-05-29T16:07:08+00:00;59;RATP;bd de Charonne;1;;50147949;655256;6862193;true;true;48.85821814176816, 2.3901655711998067
50148012;1572907;2021-10-22T08:25:40+00:00;2024-05-29T16:06:32+00:00;59;RATP;Muséum;4;;50148012;653386;6860418;true;true;48.84212302506586, 2.3648742306490425
50148017;1572903;2021-10-22T08:25:39+00:00;2024-05-29T16:06:29+00:00;59;RATP;bd Auguste Blanqui;1;;50148017;652630;6859173;true;true;48.830871522067156, 2.3547126462513
50148020;1572900;2021-10-22T08:25:38+00:00;2024-05-29T16:06:28+00:00;59;RATP;av. des Portugais;2;;50148020;648159;6863748;true;true;48.87166991143895, 2.293252754531101
50148043;1572884;2021-10-22T08:25:34+00:00;2024-05-29T16:06:17+00:00;59;RATP;r. Corbineau;3;;50148043;654620;6860163;true;true;48.83991787629135, 2.381714253942821
50148048;1572880;2021-10-22T08:25:33+00:00;2024-05-29T16:06:14+00:00;59;RATP;av. Daumesnil;3;;50148048;655702;6860096;true;true;48.839390624013575, 2.3964625004071136
50148055;1572874;2021-10-22T08:25:31+00:00;2024-05-29T16:06:10+00:00;59;RATP;r. de Crimée;2;;50148055;655463;6864230;true;true;48.876550932470224, 2.3927732521000133
50148064;1572870;2021-10-22T08:25:29+00:00;2024-05-29T16:06:07+00:00;59;RATP;stade Daniel Féry;1;;50148064;656835;6869138;true;true;48.920780109198866, 2.4109795261392275
50148069;1572866;2021-10-22T08:25:28+00:00;2024-05-29T16:06:04+00:00;59;RATP;r. Danielle Casanova;4;;50148069;656294;6868468;true;true;48.91471864843426, 2.4036664786195363
50148079;1572861;2021-10-22T08:25:26+00:00;2024-05-29T16:06:00+00:00;59;RATP;r. du Chemin de Fer;3;;50148079;655037;6866677;true;true;48.89852643361768, 2.386706190359798
50148082;1572858;2021-10-22T08:25:25+00:00;2024-05-29T16:05:58+00:00;59;RATP;Caisse Nationale d'Assurance Vieillesse;2;;50148082;654388;6865870;true;true;48.8912237336657, 2.3779409297696854
50148125;1572821;2021-10-22T08:25:14+00:00;2024-05-29T16:05:34+00:00;59;RATP;r. Toussaint - Féron;3;;50148125;652820;6858670;true;true;48.82636191021786, 2.3573565291888428
50148138;1572810;2021-10-22T08:25:11+00:00;2024-05-29T16:05:26+00:00;59;RATP;bd Masséna;1;;50148138;653724;6858130;true;true;48.82157112314179, 2.3697281838057647
50148151;1572800;2021-10-22T08:25:08+00:00;2024-05-29T16:05:20+00:00;59;RATP;av. Stalingrad;1;;50148151;653512;6854364;true;true;48.78768696250022, 2.367251911454759
50148156;1572795;2021-10-22T08:25:07+00:00;2024-05-29T16:05:17+00:00;59;RATP;av. Félix Faure;4;;50148156;647070;6859889;true;true;48.836877917346, 2.2788876944041463
50148165;1572786;2021-10-22T08:25:05+00:00;2024-05-29T16:05:11+00:00;59;RATP;r. du Commerce;1;;50148165;648167;6860762;true;true;48.844817947924234, 2.293725913254598
50148170;1572781;2021-10-22T08:25:04+00:00;2024-05-29T16:05:07+00:00;59;RATP;r. de Grenelle;2;;50148170;649401;6862217;false;true;48.85800070874554, 2.3103663279064524
50148178;1572775;2021-10-22T08:25:02+00:00;2024-05-29T16:05:03+00:00;59;RATP;r. Tronchet;5;;50148178;650491;6863671;true;true;48.87116095205604, 2.325052248330933
50148187;1572766;2021-10-22T08:25:00+00:00;2024-05-29T16:04:57+00:00;59;RATP;r. Saint-Sébastien;2;;50148187;653578;6862530;true;true;48.861130017659036, 2.3672595737853777
50148191;1572762;2021-10-22T08:24:59+00:00;2024-05-29T16:04:55+00:00;59;RATP;Entrée / Sortie;3;;50148191;653748;6861561;true;true;48.85242810556383, 2.3696820343555114
50148197;1572756;2021-10-22T08:24:57+00:00;2024-05-29T16:04:51+00:00;59;RATP;r. du Fbg St-Antoine;2;;50148197;654237;6861412;true;true;48.85112307209431, 2.3763618392142343
50148207;1572747;2021-10-22T08:24:55+00:00;2024-05-29T16:04:45+00:00;59;RATP;r. de Fécamp;3;;50148207;656097;6859839;true;true;48.83710642826022, 2.4018704885566913
50148215;1572739;2021-10-22T08:24:53+00:00;2024-05-29T16:04:40+00:00;59;RATP;r. de Paris;1;;50148215;656428;6858592;true;true;48.82591442495788, 2.40650751374127
50148227;1572729;2021-10-22T08:24:50+00:00;2024-05-29T16:04:33+00:00;59;RATP;av. du Général Leclerc;2;;50148227;659190;6856143;true;true;48.80407056565538, 2.4443620475489385
50148236;1572720;2021-10-22T08:24:48+00:00;2024-05-29T16:04:27+00:00;59;RATP;r. Billancourt;2;;50148236;644102;6859402;true;true;48.832247747423665, 2.2385184218621474
50148240;1572716;2021-10-22T08:24:47+00:00;2024-05-29T16:04:25+00:00;59;RATP;av. Victor Hugo;1;;50148240;644522;6859595;false;true;48.83401968242184, 2.244214440002415
50148246;1572710;2021-10-22T08:24:46+00:00;2024-05-29T16:04:21+00:00;59;RATP;r. Danjou;7;;50148246;644659;6859624;true;true;48.834292257041355, 2.246076927107995
50148261;1572697;2021-10-22T08:24:43+00:00;2024-05-29T16:04:12+00:00;59;RATP;av. Mozart;1;;50148261;646432;6861960;true;true;48.85544951823263, 2.2699352859748254
50148264;1572694;2021-10-22T08:24:42+00:00;2024-05-29T16:04:10+00:00;59;RATP;chaussée de la Muette;1;;50148264;646731;6862244;true;true;48.858028273041185, 2.273974463851861
50148269;1572692;2021-10-22T08:24:41+00:00;2024-05-29T16:04:08+00:00;59;RATP;Cimetière de Passy;5;;50148269;647654;6862716;true;true;48.86234853984365, 2.2864955993800504
50148279;1572679;2021-10-22T08:24:39+00:00;2024-05-29T16:04:02+00:00;59;RATP;av. du Président Wilson;3;;50148279;648683;6863004;true;true;48.86502126160271, 2.3004859117040826
50148312;1572646;2021-10-22T08:24:32+00:00;2024-05-29T16:03:40+00:00;59;RATP;bd Richard-Lenoir;4;;50148312;654003;6862601;true;true;48.861798999208624, 2.373044473990009
50148335;1572626;2021-10-22T08:24:28+00:00;2024-05-29T16:03:27+00:00;59;RATP;bd Davout;2;;50148335;656774;6861678;true;true;48.853690409251556, 2.4109066028445096
50148344;1572618;2021-10-22T08:24:26+00:00;2024-05-29T16:03:22+00:00;59;RATP;av. Walwein;2;;50148344;659052;6862637;true;true;48.86246347935415, 2.4418582440046124
50148345;1572617;2021-10-22T08:24:26+00:00;2024-05-29T16:03:21+00:00;59;RATP;sq. Jean Jaurès;1;;50148345;659034;6862597;true;true;48.862102617370354, 2.4416167586239443
50148346;1572616;2021-10-22T08:24:25+00:00;2024-05-29T16:03:20+00:00;59;RATP;bd Paul Vaillant-Couturier;5;;50148346;659043;6862674;true;true;48.8627956457963, 2.4417320080180978
50148347;1572615;2021-10-22T08:24:25+00:00;2024-05-29T16:03:20+00:00;59;RATP;av. Pasteur;4;;50148347;659003;6862661;true;true;48.86267619315194, 2.441188056688648
50148348;1572614;2021-10-22T08:24:25+00:00;2024-05-29T16:03:19+00:00;59;RATP;quai d'Austerlitz;5;;50148348;653469;6860464;true;true;48.84254270319313, 2.366000042614706
50148357;1572607;2021-10-22T08:24:23+00:00;2024-05-29T16:03:14+00:00;59;RATP;r. Lagrange;1;;50148357;652158;6861333;true;true;48.850261609574495, 2.348040284224523
50148369;1572596;2021-10-22T08:24:21+00:00;2024-05-29T16:03:06+00:00;59;RATP;r. de Pondichéry;4;;50148369;648491;6861270;true;true;48.84941233727773, 2.2980789591771615
50148379;1572588;2021-10-22T08:24:19+00:00;2024-05-29T16:03:01+00:00;59;RATP;bd Murat;1;;50148379;645533;6861091;true;true;48.84755935192152, 2.257795076469587
50148384;1572585;2021-10-22T08:24:18+00:00;2024-05-29T16:02:59+00:00;59;RATP;r. du Port;3;;50148384;643295;6860383;true;true;48.84099932751871, 2.227394846966708
50148399;1572569;2021-10-22T08:24:14+00:00;2024-05-29T16:02:50+00:00;59;RATP;r. Rambuteau;2;;50148399;652571;6862557;true;true;48.86129947055883, 2.353531571887516
50148431;1572540;2021-10-22T08:24:08+00:00;2024-05-29T16:02:31+00:00;59;RATP;r. de la Convention;1;;50148431;648351;6859935;true;true;48.83739553046729, 2.2963333728344524
50148441;1572535;2021-10-22T08:24:06+00:00;2024-05-29T16:02:28+00:00;59;RATP;bd Raspail;2;;50148441;650657;6861143;true;true;48.848439749015974, 2.327608651807078
50148450;1572527;2021-10-22T08:24:04+00:00;2024-05-29T16:02:22+00:00;59;RATP;bd Saint-Germain;1;;50148450;650177;6862545;true;true;48.8610108462986, 2.32090376565353
50148458;1572519;2021-10-22T08:24:02+00:00;2024-05-29T16:02:17+00:00;59;RATP;r. Notre-Dame de Lorette;2;;50148458;651391;6864456;true;true;48.87828881030814, 2.337231390479561
50148464;1572517;2021-10-22T08:24:01+00:00;2024-05-29T16:02:16+00:00;59;RATP;Mairie;2;;50148464;651897;6866031;false;true;48.89249025143648, 2.343951809379803
50148466;1572516;2021-10-22T08:24:00+00:00;2024-05-29T16:02:15+00:00;59;RATP;r.de la Chapelle;2;;50148466;653025;6866588;true;true;48.89758242018792, 2.3592736069963385
50148536;1572453;2021-10-22T08:23:45+00:00;2024-05-29T16:01:30+00:00;59;RATP;av. Pereire;2;;50148536;639210;6865538;true;true;48.886984065184734, 2.1710033422654043
50148572;1572423;2021-10-22T08:23:38+00:00;2024-05-29T16:01:02+00:00;59;RATP;av. des Marronniers;2;;50148572;661202;6859522;true;true;48.8345831411877, 2.471447125708949
50148574;1572421;2021-10-22T08:23:37+00:00;2024-05-29T16:01:00+00:00;59;RATP;av. Jean Jaurès;3;;50148574;660643;6858011;false;true;48.820960470826115, 2.4639717244036614
50148575;1572420;2021-10-22T08:23:37+00:00;2024-05-29T16:00:59+00:00;59;RATP;av. des Canadiens;2;;50148575;660598;6857946;true;true;48.82037315807958, 2.4633648756630397
50148579;1572417;2021-10-22T08:23:36+00:00;2024-05-29T16:00:57+00:00;59;RATP;pl. de la Louvière;1;;50148579;662221;6856228;true;true;48.805019702373635, 2.485621087546043
50148584;1572412;2021-10-22T08:23:35+00:00;2024-05-29T16:00:54+00:00;59;RATP;av. du Mesnil;1;;50148584;664226;6855019;true;true;48.79426091596065, 2.513020914944645
50148588;1572408;2021-10-22T08:23:35+00:00;2024-05-29T16:00:51+00:00;59;RATP;Allée La Pérouse;3;;50148588;663737;6852609;true;true;48.772558987078604, 2.506569501966356
50148592;1572404;2021-10-22T08:23:34+00:00;2024-05-29T16:00:48+00:00;59;RATP;av. du Val de Fontenay;1;;50148592;662434;6861631;true;true;48.853622620239534, 2.4880441510487383
50148594;1572402;2021-10-22T08:23:33+00:00;2024-05-29T16:00:46+00:00;59;RATP;pl. de la Gare;1;;50148594;664312;6861608;true;true;48.853522544337004, 2.5136391213229614
50148597;1572400;2021-10-22T08:23:33+00:00;2024-05-29T16:00:44+00:00;59;RATP;bd Archimède;2;;50148597;669309;6860446;true;true;48.84332992504138, 2.581821399003621
50148599;1572398;2021-10-22T08:23:32+00:00;2024-05-29T16:00:43+00:00;59;RATP;Gde allée des bois;1;;50148599;671823;6860453;true;true;48.84350770949674, 2.616074745674361
50148615;1572385;2021-10-22T08:23:29+00:00;2024-05-29T16:00:32+00:00;59;RATP;av. Laplace;1;;50148615;651011;6856609;true;true;48.807691966197325, 2.332954256767705
50148617;1572383;2021-10-22T08:23:28+00:00;2024-05-29T16:00:31+00:00;59;RATP;r. du Dr Gosselin;1;;50148617;650668;6855696;true;true;48.79945492466625, 2.3283898464195554
50148620;1572381;2021-10-22T08:23:28+00:00;2024-05-29T16:00:30+00:00;59;RATP;r. André Theuriet;2;;50148620;649497;6853543;true;true;48.78000148868815, 2.3127036665953096
50148624;1572377;2021-10-22T08:23:27+00:00;2024-05-29T16:00:27+00:00;59;RATP;r. Félix Pécaut;1;;50148624;648007;6854388;true;true;48.78748257705315, 2.292324238061604
50148625;1572376;2021-10-22T08:23:27+00:00;2024-05-29T16:00:27+00:00;59;RATP;av. Ernest Lombart;3;;50148625;648097;6854366;true;true;48.78729197014976, 2.293551839897285
50148626;1572375;2021-10-22T08:23:27+00:00;2024-05-29T16:00:26+00:00;59;RATP;av. de la Gare;2;;50148626;647198;6853562;true;true;48.77998829784146, 2.2814158665095556
50148635;1572367;2021-10-22T08:23:25+00:00;2024-05-29T16:00:21+00:00;59;RATP;r. Pierre Picard;1;;50148635;646576;6848492;true;true;48.73433944004013, 2.273586249523383
50148639;1572364;2021-10-22T08:23:24+00:00;2024-05-29T16:00:19+00:00;59;RATP;bd Bara;2;;50148639;644521;6846643;true;true;48.71753654036163, 2.245885886927366
50148641;1572362;2021-10-22T08:23:24+00:00;2024-05-29T16:00:17+00:00;59;RATP;bd de Palaiseau;2;;50148641;642045;6845389;true;true;48.70604075684254, 2.212402346810562
50148649;1572355;2021-10-22T08:23:22+00:00;2024-05-29T16:00:13+00:00;59;RATP;r. des Pyramides;3;;50148649;651140;6863105;true;true;48.86612059349968, 2.333964615319803
50148693;1572338;2021-10-22T08:23:17+00:00;2024-05-29T16:00:00+00:00;59;RATP;Carrefour de la Résistance;1;;50148693;657570;6857362;true;true;48.81492889874236, 2.42218468282456
50148699;1572333;2021-10-22T08:23:16+00:00;2024-05-29T15:59:57+00:00;59;RATP;pl. de la Madeleine;1;;50148699;650524;6863575;true;true;48.87030018234353, 2.3255132887184087
50148700;1572332;2021-10-22T08:23:16+00:00;2024-05-29T15:59:56+00:00;59;RATP;av. de l'Opéra;1;;50148700;651190;6863016;true;true;48.86532402369096, 2.3346563806495992
50148701;1572331;2021-10-22T08:23:16+00:00;2024-05-29T15:59:55+00:00;59;RATP;pont de Tolbiac;4;;50148701;654170;6859043;true;true;48.82981375520342, 2.375704067751504
50148708;1572324;2021-10-22T08:23:14+00:00;2024-05-29T15:59:51+00:00;59;RATP;bd Saint-Germain;2;;50148708;651813;6861442;true;true;48.85121613109872, 2.343326711644557
50148712;1572321;2021-10-22T08:23:14+00:00;2024-05-29T15:59:49+00:00;59;RATP;r. du Télégraphe;1;;50148712;655895;6864092;true;true;48.87533965802841, 2.3986773294381694
50148716;1572317;2021-10-22T08:23:13+00:00;2024-05-29T15:59:46+00:00;59;RATP;r. du Fbg du Temple;4;;50148716;653372;6863278;true;true;48.867841794353915, 2.364369808043847
50148736;1572298;2021-10-22T08:23:08+00:00;2024-05-29T15:59:34+00:00;59;RATP;r. Waldeck Rochet;2;;50148736;653570;6867614;true;true;48.9068483116774, 2.3665946852507
50148737;1572297;2021-10-22T08:23:07+00:00;2024-05-29T15:59:33+00:00;59;RATP;av. George Sand;3;;50148737;653411;6867574;true;true;48.90647712208908, 2.3644300680731023
50148741;1572293;2021-10-22T08:23:06+00:00;2024-05-29T15:59:31+00:00;59;RATP;r. Gabriel Péri;4;;50148741;650012;6857837;true;true;48.81865897388562, 2.319208147220459
50148743;1572291;2021-10-22T08:23:06+00:00;2024-05-29T15:59:29+00:00;59;RATP;r. Louis Rolland;6;;50148743;650003;6857672;true;true;48.81717440031418, 2.319104958108327
50148760;1572275;2021-10-22T08:23:02+00:00;2024-05-29T15:59:19+00:00;59;RATP;pl. de la Gare;1;;50148760;649489;6853568;true;true;48.78022569936668, 2.312591838176005
50148761;1572274;2021-10-22T08:23:01+00:00;2024-05-29T15:59:19+00:00;59;RATP;r. du Pasteur Wagner;2;;50148761;653772;6861917;true;true;48.85563131593947, 2.369970381400909
50148771;1572265;2021-10-22T08:22:59+00:00;2024-05-29T15:59:13+00:00;59;RATP;bd Gambetta;1;;50148771;647058;6858813;true;true;48.82720042929266, 2.2788580923973845
50148777;1572259;2021-10-22T08:22:58+00:00;2024-05-29T15:59:08+00:00;59;RATP;r. Robert Marchand;2;;50148777;647969;6854413;true;true;48.78770434801997, 2.2918039967281887
50148789;1572248;2021-10-22T08:22:56+00:00;2024-05-29T15:59:01+00:00;59;RATP;av. des Tilleuls;2;;50148789;637627;6844215;true;true;48.6950704415794, 2.1525382217636384
50148792;1572245;2021-10-22T08:22:55+00:00;2024-05-29T15:58:59+00:00;59;RATP;r. Charles de Gaulle;1;;50148792;640517;6845274;true;true;48.70486756871643, 2.191654541856362
50148793;1572244;2021-10-22T08:22:55+00:00;2024-05-29T15:58:58+00:00;59;RATP;r. du Pont de Pierre;3;;50148793;640734;6845359;true;true;48.705651996931834, 2.1945914813626515
50148798;1572239;2021-10-22T08:22:54+00:00;2024-05-29T15:58:55+00:00;59;RATP;r. Anatole France;2;;50148798;647787;6865632;false;true;48.88858201830294, 2.2879499543961903
50148808;1572229;2021-10-22T08:22:52+00:00;2024-05-29T15:58:48+00:00;59;RATP;r. Georges Clemenceau;2;;50148808;639805;6844509;true;true;48.6979212477627, 2.1820871715382912
50148809;1572228;2021-10-22T08:22:51+00:00;2024-05-29T15:58:48+00:00;59;RATP;bd de Lozère;2;;50148809;643856;6845571;true;true;48.707837588639556, 2.2369880436629104
50148814;1572223;2021-10-22T08:22:50+00:00;2024-05-29T15:58:44+00:00;59;RATP;r. de Chabrol;2;;50148814;652281;6864333;true;true;48.87724926819617, 2.349379527622171
50148818;1572219;2021-10-22T08:22:50+00:00;2024-05-29T15:58:41+00:00;59;RATP;bd Poniatowski;3;;50148818;656396;6859641;true;true;48.83534609009381, 2.405964169718842
50148823;1572212;2021-10-22T08:22:49+00:00;2024-05-29T15:58:39+00:00;59;RATP;r. du Chemin Vert;2;;50148823;653898;6862324;true;true;48.8593004620403, 2.371643391253014
50148824;1572211;2021-10-22T08:22:49+00:00;2024-05-29T15:58:38+00:00;59;RATP;av. de Flandre;2;;50148824;654025;6865450;false;true;48.88742099788857, 2.373036001609923
50148827;1572208;2021-10-22T08:22:48+00:00;2024-05-29T15:58:36+00:00;59;RATP;r. de Coëtlogon;3;;50148827;650837;6861385;false;true;48.850629800301405, 2.330033393926409
50148828;1572207;2021-10-22T08:22:48+00:00;2024-05-29T15:58:35+00:00;59;RATP;av. Raymond Poincaré;3;;50148828;648482;6853682;true;true;48.78117132528892, 2.298874434234924
50148849;1572187;2021-10-22T08:22:43+00:00;2024-05-29T15:58:21+00:00;59;RATP;r. Xavier Privas;6;;50148849;651992;6861657;true;true;48.85316297478409, 2.3457416647027878
50148854;1572184;2021-10-22T08:22:42+00:00;2024-05-29T15:58:19+00:00;59;RATP;r. de Tolbiac;3;;50148854;653418;6858735;true;true;48.826989957786694, 2.3654944794917565
50148856;1572182;2021-10-22T08:22:42+00:00;2024-05-29T15:58:18+00:00;59;RATP;route de la Pompadour;2;;50148856;660613;6852190;true;true;48.768607494952306, 2.464101192823455
50148859;1572180;2021-10-22T08:22:41+00:00;2024-05-29T15:58:16+00:00;59;RATP;rd-pt de la Chapelle;4;;50148859;652998;6866487;true;true;48.89667219863637, 2.3589165347910788
50148860;1572179;2021-10-22T08:22:41+00:00;2024-05-29T15:58:16+00:00;59;RATP;r. Raymond Queneau;3;;50148860;653030;6866488;true;true;48.896683526777636, 2.3593528687584104
50148880;1572162;2021-10-22T08:22:37+00:00;2024-05-29T15:58:04+00:00;59;RATP;r. Custine;2;;50148880;652280;6865451;true;true;48.88730302686101, 2.3492402710705615
50148884;1572158;2021-10-22T08:22:36+00:00;2024-05-29T15:58:02+00:00;59;RATP;r. de Bercy;6;;50148884;654563;6860041;true;true;48.83881670516923, 2.380950712861811
50148911;1572141;2021-10-22T08:22:33+00:00;2024-05-29T15:57:49+00:00;59;RATP;r. Goscinny;3;;50148911;654328;6859025;true;true;48.82966309354235, 2.377858185243334
50148997;1572137;2021-10-22T08:22:32+00:00;2024-05-29T15:57:45+00:00;59;RATP;r. du Château des Rentiers;4;;50148997;653599;6858772;true;true;48.827335759436515, 2.36795578798606
50149178;1572124;2021-12-15T20:46:31+00:00;2024-05-29T15:57:35+00:00;59;RATP;av. de Stalingrad;4;;50149178;649959;6856330;true;true;48.80510205931259, 2.3186634596199824
50149327;1572120;2022-05-10T13:48:36+00:00;2024-05-29T15:57:32+00:00;59;RATP;Canal Saint-Denis;1;;50149327;654364;6867704;true;true;48.90771442420254, 2.3774164241009177
50149328;1572119;2022-05-10T13:48:36+00:00;2024-05-29T15:57:31+00:00;59;RATP;Pont de Stains;2;;50149328;654346;6867697;true;true;48.907650200106964, 2.3771716247032058
50149331;1572117;2022-05-10T13:48:34+00:00;2024-05-29T15:57:30+00:00;59;RATP;av. du Pdt Roosevelt;1;;50149331;654619;6868462;true;true;48.91454875890681, 2.380814000658384
50149334;1572114;2022-05-10T13:48:33+00:00;2024-05-29T15:57:28+00:00;59;RATP;r. Pasteur;3;;50149334;654571;6868325;true;true;48.913313404920956, 2.3801737801004976
50149887;1572102;2024-05-29T15:57:22+00:00;2024-05-29T15:57:22+00:00;59;RATP;bd du Gén. Leclerc;1;;50149887;657953;6864709;true;true;48.88102586544182, 2.426673785580741
50149893;1572090;2024-05-29T15:57:19+00:00;2024-05-29T15:57:19+00:00;59;RATP;r. des Saules Clouet;1;;50149893;660002;6864373;true;true;48.87813481273274, 2.454643379935911
50149931;1572072;2024-05-29T15:57:14+00:00;2024-05-29T15:57:14+00:00;59;RATP;r. de la Vistule;4;;50149931;652900;6858298;true;true;48.82302230178687, 2.358487334335551
50149936;1572062;2024-05-29T15:57:12+00:00;2024-05-29T15:57:12+00:00;59;RATP;ZAC Lallier;2;;50149936;652543;6853041;true;true;48.77571799030481, 2.3542107049854617
50149942;1572050;2024-05-29T15:57:09+00:00;2024-05-29T15:57:09+00:00;59;RATP;Entrée / Sortie;3;;50149942;653885;6849903;true;true;48.747593134866165, 2.372810869956364
50208223;1572021;2024-02-22T14:34:43+00:00;2024-05-29T15:57:02+00:00;59;RATP;bd de Grenelle;3;;50208223;647888;6861736;false;true;48.853554534929444, 2.289805113098846
50210108;1572012;2024-05-29T15:56:59+00:00;2024-05-29T15:56:59+00:00;59;RATP;av. Ledru-Rollin;1;;50210108;654240;6861457;true;true;48.85152796887524, 2.376397877268965
50210109;1572010;2024-05-29T15:56:58+00:00;2024-05-29T15:56:58+00:00;59;RATP;r. du Fbg St-Antoine;2;;50210109;654232;6861418;false;true;48.85117667477474, 2.3762930584006026
50210111;1572006;2024-05-29T15:56:57+00:00;2024-05-29T15:56:57+00:00;59;RATP;r. de Charonne;4;;50210111;654046;6861491;true;true;48.8518199220552, 2.3737505454876557
50210114;1572004;2024-05-29T15:56:57+00:00;2024-05-29T15:56:57+00:00;59;RATP;r. de Paris;1;;50210114;656407;6858623;false;true;48.82619179433848, 2.4062183091809057
50210144;1571996;2024-05-29T15:56:55+00:00;2024-05-29T15:56:55+00:00;59;RATP;pl. Maubert;2;;50210144;652179;6861306;true;true;48.85002035875394, 2.348329482089642
50210146;1571992;2024-05-29T15:56:54+00:00;2024-05-29T15:56:54+00:00;59;RATP;r. de Paris;1;;50210146;657218;6864581;true;true;48.87982637934147, 2.41666504678379
50210147;1571990;2024-05-29T15:56:54+00:00;2024-05-29T15:56:54+00:00;59;RATP;r. Rouget de Lisle;3;;50210147;657310;6864596;true;true;48.879967376445734, 2.4179179187545343
50210160;1571984;2024-05-29T15:56:52+00:00;2024-05-29T15:56:52+00:00;59;RATP;r. Bourdaloue;1;;50210160;651490;6864234;false;true;48.876299890380686, 2.338606514392113
50210263;1571958;2024-05-29T15:56:46+00:00;2024-05-29T15:56:46+00:00;59;RATP;av. Carnot;3;;50210263;650626;6855576;true;true;48.79837250906699, 2.3278319888190726
50210271;1571954;2024-05-29T15:56:45+00:00;2024-05-29T15:56:45+00:00;59;RATP;r. Velpeau;2;;50210271;648624;6850752;true;true;48.75483151011008, 2.3011597571556917
50210323;1571938;2024-05-29T15:56:40+00:00;2024-05-29T15:56:40+00:00;59;RATP;r. Fernand Léger;2;;50210323;633717;6844909;true;true;48.700922924912135, 2.0993099820415906
50210324;1571936;2024-05-29T15:56:40+00:00;2024-05-29T15:56:40+00:00;59;RATP;r. Fernand Léger;2;;50210324;633736;6844916;true;true;48.700987830858466, 2.099567057518828
50210356;1571920;2024-05-29T15:56:35+00:00;2024-05-29T15:56:35+00:00;59;RATP;bd du Gén. Leclerc;1;;50210356;657972;6864712;true;true;48.881054084093705, 2.426932551557419
50210357;1571918;2024-05-29T15:56:34+00:00;2024-05-29T15:56:34+00:00;59;RATP;r. de la Liberté;2;;50210357;658073;6864749;false;true;48.881393400630195, 2.4283060234113436
50170877;1342309;2021-10-22T09:19:23+00:00;2024-02-14T15:27:02+00:00;1;SNCF;r. de petit vaux;2;Source IDFM;476190;650968;6841965;true;true;48.67598353418545, 2.3340504034787157
50170926;1342211;2021-10-22T09:19:12+00:00;2024-02-14T15:26:11+00:00;1;SNCF;r. des Templiers;;Source IDFM;475403;649757;6842994;true;true;48.6851456248652, 2.317482687575225
50170581;1342901;2021-10-22T09:20:23+00:00;2024-02-14T15:23:43+00:00;1;SNCF;pl. de la Gare;;Source IDFM - escalier vers souterrain;474945;649112;6844714;true;true;48.70056510031087, 2.3085166368919396
50171158;1342151;2021-10-22T09:19:06+00:00;2024-02-14T15:23:43+00:00;1;SNCF;r. du Chemin de Fer;;Source IDFM - escalier vers souterrain;474947;649107;6844699;true;true;48.700429795064366, 2.3084504837186572
50171159;1342149;2021-10-22T09:19:06+00:00;2024-02-14T15:23:43+00:00;1;SNCF;r. du Chemin de Fer;;Source IDFM - court escalier ou rampe pour accès direct au quai;474946;649094;6844707;true;true;48.700500723649625, 2.308272892546994
50170368;1343327;2021-10-22T09:21:21+00:00;2024-02-14T15:19:06+00:00;1;SNCF;Entrée / Sortie;;Source IDFM;475764;648094;6844895;true;true;48.70211204362464, 2.294662468037511
50199485;1494290;2023-09-05T08:43:08+00:00;2023-09-05T08:43:08+00:00;1;SNCF;Place de la République (accès de nuit);;Accès de nuit;;643962;6877349;false;false;48.993620822632366, 2.234240463790833
50170592;1342879;2021-10-22T09:20:21+00:00;2023-09-05T08:43:08+00:00;1;SNCF;pl. de la gare;;Source IDFM;475248;644014;6877352;true;true;48.993652329965386, 2.2349506023699135
50170049;1343963;2021-10-22T09:22:28+00:00;2023-08-29T16:29:35+00:00;1;SNCF;Accès voie 2;;Source IDFM - Accès en bout de quai. direct;474586;653589;6826010;true;true;48.532663848301084, 2.3713722443156873
50170041;1343979;2021-10-22T09:22:30+00:00;2023-08-29T16:29:35+00:00;1;SNCF;Accès bâtiment gare;;Source IDFM - Accès via bâtiment voyageur;474583;653584;6825950;true;true;48.53212376619078, 2.3713109935539984
50170632;1493427;2021-10-22T09:20:13+00:00;2023-08-28T13:01:34+00:00;1;SNCF;pl. de la Libération - Gare;;Source IDFM - Bâtiment Voyageur;474461;657274;6847418;true;true;48.725476460322376, 2.419149997118622
50170438;1343187;2021-10-22T09:21:06+00:00;2022-06-27T15:56:16+00:00;1;SNCF;Entrée / Sortie;;Source IDFM - Escalier court et rampe;474482;663788;6866439;true;true;48.89693791734717, 2.5060863522279986
50173318;1370861;2022-01-24T00:00:00+00:00;2022-01-24T16:02:25+00:00;1;SNCF;Gare routière / Mairie;1;;;654530;6843633;true;true;48.69124640243012, 2.3822499853038135
50171301;1341865;2021-10-22T09:18:37+00:00;2021-10-22T15:54:09+00:00;1;SNCF;rte  de Saint-Nom-la-Bretèche;1;Source IDFM;476605;630394;6863502;true;true;48.867782868241584, 2.051123528740332
50171309;1341849;2021-10-22T09:18:35+00:00;2021-10-22T15:48:36+00:00;1;SNCF;rte de St Leu;;Source IDFM;475136;650835;6873366;true;true;48.95836869490764, 2.328617958309667
50171308;1341851;2021-10-22T09:18:35+00:00;2021-10-22T15:48:36+00:00;1;SNCF;rte de St Leu;;Source IDFM;475138;650804;6873321;true;true;48.95796168190608, 2.328199880307914
50170038;1343985;2021-10-22T09:22:30+00:00;2021-10-22T09:22:30+00:00;1;SNCF;25 rue de l'arrivée;;Source IDFM;475128;649222;6875013;true;true;48.97305310818501, 2.3063948887870183
50170043;1343975;2021-10-22T09:22:29+00:00;2021-10-22T09:22:29+00:00;1;SNCF;Accès de nuit;;Source IDFM;474564;646850;6863669;true;true;48.870852794602435, 2.275418057567296
50170051;1343959;2021-10-22T09:22:27+00:00;2021-10-22T09:22:27+00:00;1;SNCF;Accès voie 2;;Source IDFM - Accès voie 2;474559;639733;6885923;true;true;49.070329161748454, 2.1752314691432404
50170059;1343943;2021-10-22T09:22:25+00:00;2021-10-22T09:22:25+00:00;1;SNCF;all. des Rossays;;Source IDFM - Escalier;475139;650897;6841266;true;true;48.66969110875012, 2.3331663041829214
50170062;1343937;2021-10-22T09:22:25+00:00;2021-10-22T09:22:25+00:00;1;SNCF;av. Alfred Belmontet;;Source IDFM;475668;642535;6862162;true;true;48.856930246738216, 2.2168001192044455
50170067;1343927;2021-10-22T09:22:23+00:00;2021-10-22T09:22:23+00:00;1;SNCF;av. Boileau / pl. Jean Mermoz / av. du Chesnay;;Source IDFM;475534;636736;6860622;true;true;48.84253808038419, 2.1379997110217737
50170069;1343923;2021-10-22T09:22:23+00:00;2021-10-22T09:22:23+00:00;1;SNCF;av. Carnot;;Source IDFM;476056;676675;6796454;true;true;48.268004686191695, 2.685656231222876
50170079;1343903;2021-10-22T09:22:20+00:00;2021-10-22T09:22:20+00:00;1;SNCF;av. de Clichy;1;Source IDFM;476298;649746;6866212;true;true;48.89395360102591, 2.3145956155981278
50170088;1343885;2021-10-22T09:22:18+00:00;2021-10-22T09:22:18+00:00;1;SNCF;av. de la Gare;;Source IDFM;475603;622351;6851083;true;true;48.75518230673628, 1.9437573868038753
50170090;1343881;2021-10-22T09:22:18+00:00;2021-10-22T09:22:18+00:00;1;SNCF;av. de la gare;;Source IDFM;475079;651476;6875237;true;true;48.975241383154085, 2.3371563718362256
50170097;1343867;2021-10-22T09:22:16+00:00;2021-10-22T09:22:16+00:00;1;SNCF;av. de la Gare;;Source IDFM;475037;693115;6862163;true;true;48.85946541439489, 2.9061601599292226
50170100;1343861;2021-10-22T09:22:15+00:00;2021-10-22T09:22:15+00:00;1;SNCF;av. de la Gare;;Source IDFM;475206;699496;6856492;true;true;48.808500489022215, 2.993137392718046
50170103;1343855;2021-10-22T09:22:15+00:00;2021-10-22T09:22:15+00:00;1;SNCF;av. de la Gare;;Source IDFM;475059;704635;6887900;true;true;49.09091827562677, 3.063455136902896
50170107;1343847;2021-10-22T09:22:14+00:00;2021-10-22T09:22:14+00:00;1;SNCF;av. de la Gare;;Source IDFM - Escalier vers souterrain;474681;677241;6819502;true;true;48.47538132769326, 2.6920726869373692
50170112;1343837;2021-10-22T09:22:13+00:00;2021-10-22T09:22:13+00:00;1;SNCF;av. de la Gare;;Source IDFM;475119;642613;6831643;true;true;48.58245409619812, 2.221961443940621
50170113;1343835;2021-10-22T09:22:13+00:00;2021-10-22T09:22:13+00:00;1;SNCF;av. de la Gare;;Source IDFM;475121;642633;6831624;true;true;48.58228496567891, 2.2222351185851386
50170115;1343831;2021-10-22T09:22:12+00:00;2021-10-22T09:22:12+00:00;1;SNCF;av. de la Gare;;Source IDFM;476476;656929;6840013;true;true;48.65885108481523, 2.4152055144549753
50170130;1343801;2021-10-22T09:22:09+00:00;2021-10-22T09:22:09+00:00;1;SNCF;av. de la République;;Source IDFM;476496;662242;6863326;true;true;48.86885449842379, 2.485277040876316
50170131;1343799;2021-10-22T09:22:09+00:00;2021-10-22T09:22:09+00:00;1;SNCF;av. de l'Europe;;Source IDFM;476649;669354;6832898;true;true;48.595560930136564, 2.5844100514021004
50170135;1343791;2021-10-22T09:22:08+00:00;2021-10-22T09:22:08+00:00;1;SNCF;av. de Noël Duchesne;;Source IDFM - Accès côté gauche bâtiment voyageur - accès direct voie Evreux;474770;593181;6872468;true;true;48.94330264462141, 1.541669943807122
50170140;1343781;2021-10-22T09:22:07+00:00;2021-10-22T09:22:07+00:00;1;SNCF;av. de Valmy;;Source IDFM;476124;656299;6837527;true;true;48.63644827129613, 2.406905559762473
50170163;1343735;2021-10-22T09:22:03+00:00;2021-10-22T09:22:03+00:00;1;SNCF;av. du Foyer;;Source IDFM;476693;680331;6786813;true;true;48.18137846663531, 2.7353620487437116
50170164;1343733;2021-10-22T09:22:02+00:00;2021-10-22T09:22:02+00:00;1;SNCF;av. du Foyer;;Source IDFM;476692;680342;6786823;true;true;48.18146877806539, 2.7355095972454557
50170172;1343717;2021-10-22T09:22:01+00:00;2021-10-22T09:22:01+00:00;1;SNCF;av. du Général Leclerc;;Source IDFM;475564;652076;6820680;true;true;48.48460743914379, 2.3514727903560884
50170173;1343715;2021-10-22T09:22:00+00:00;2021-10-22T09:22:00+00:00;1;SNCF;av. du Général Leclerc;;Source IDFM;475563;652078;6820697;true;true;48.48476051417155, 2.351497964641335
50170175;1343711;2021-10-22T09:22:00+00:00;2021-10-22T09:22:00+00:00;1;SNCF;av. du Général Patton;;Source IDFM;475182;659708;6837218;true;true;48.63389023696992, 2.4531987942204547
50170179;1343703;2021-10-22T09:21:59+00:00;2021-10-22T09:21:59+00:00;1;SNCF;av. du Maréchal Foch;;Source IDFM;475995;687261;6865655;true;true;48.89077993638068, 2.8262679255197085
50170184;1343693;2021-10-22T09:21:58+00:00;2021-10-22T09:21:58+00:00;1;SNCF;av. Franklin Roosevelt;2;Source IDFM;476727;642864;6863836;true;true;48.872013301683275, 2.2210587642988338
50170188;1343685;2021-10-22T09:21:57+00:00;2021-10-22T09:21:57+00:00;1;SNCF;av. Général Leclerc;;Source IDFM;475152;646609;6875847;true;true;48.98034059464251, 2.270599211129492
50170190;1343681;2021-10-22T09:21:57+00:00;2021-10-22T09:21:57+00:00;1;SNCF;av. Georges Pompidou;;Source IDFM;475234;629559;6856799;true;true;48.807414036598374, 2.040851712932968
50170194;1343673;2021-10-22T09:21:56+00:00;2021-10-22T09:21:56+00:00;1;SNCF;av. Jean Jaurès;;Source IDFM;476498;662283;6863321;true;true;48.86881193602003, 2.485836387301469
50170205;1343651;2021-10-22T09:21:54+00:00;2021-10-22T09:21:54+00:00;1;SNCF;av. Ledru Rollin;;Source IDFM;476196;654005;6873950;true;true;48.96385461482711, 2.37184116889487
50170207;1343647;2021-10-22T09:21:54+00:00;2021-10-22T09:21:54+00:00;1;SNCF;av. Marcel Cachin;;Source IDFM;476786;643665;6872551;true;true;48.95045206431711, 2.2308208638700173
50170210;1343641;2021-10-22T09:21:53+00:00;2021-10-22T09:21:53+00:00;1;SNCF;av. Paul Raoult;;Source IDFM;475721;620497;6877468;true;true;48.992216245611736, 1.9136032476400782
50170212;1343637;2021-10-22T09:21:53+00:00;2021-10-22T09:21:53+00:00;1;SNCF;av. Pierre Point;;Source IDFM;475753;668228;6836545;true;true;48.62831130400999, 2.568870651633716
50170214;1343633;2021-10-22T09:21:52+00:00;2021-10-22T09:21:52+00:00;1;SNCF;av. Suffren / Tour Eiffel;2;Source IDFM;474834;647982;6862149;true;true;48.85727618082387, 2.2910355650394467
50170215;1343631;2021-10-22T09:21:52+00:00;2021-10-22T09:21:52+00:00;1;SNCF;av. Victor et Hélène Basch;;Source IDFM;476803;647926;6857786;true;true;48.81803520300725, 2.290806428104513
50170216;1343629;2021-10-22T09:21:52+00:00;2021-10-22T09:21:52+00:00;1;SNCF;av. Victor Hugo;;Source IDFM;475546;654900;6869532;true;true;48.92419040392195, 2.3845340658680705
50170222;1343617;2021-10-22T09:21:50+00:00;2021-10-22T09:21:50+00:00;1;SNCF;Bâtiment voyageur (côté Courbevoie);;Source IDFM;474605;646416;6867495;true;true;48.90522239872999, 2.2690189311781648
50170226;1343609;2021-10-22T09:21:50+00:00;2021-10-22T09:21:50+00:00;1;SNCF;bd Carnot;;Source IDFM;475860;605147;6877401;true;true;48.98953158158578, 1.7038974177024089
50170227;1343607;2021-10-22T09:21:49+00:00;2021-10-22T09:21:49+00:00;1;SNCF;bd Chilpéric;;Source IDFM;474934;669527;6863884;true;true;48.87425843427208, 2.584545226279996
50170237;1343587;2021-10-22T09:21:47+00:00;2021-10-22T09:21:47+00:00;1;SNCF;bd du Docteur Galvani - pl. de la Gare;;Source IDFM;476641;653806;6877460;true;true;48.99540193100935, 2.3687403028513128
50170242;1343577;2021-10-22T09:21:46+00:00;2021-10-22T09:21:46+00:00;1;SNCF;bd Pasteur;;Source IDFM;475547;654900;6869512;true;true;48.924010556268335, 2.384536193176626
50170244;1343573;2021-10-22T09:21:46+00:00;2021-10-22T09:21:46+00:00;1;SNCF;bd Pasteur (accès Parking);;Source IDFM;475756;608324;6876772;true;true;48.984337291970874, 1.747437908206363
50170245;1343571;2021-10-22T09:21:46+00:00;2021-10-22T09:21:46+00:00;1;SNCF;bd Paul Barre;;Source IDFM;475916;616222;6868289;true;true;48.90914024886401, 1.8570094499056586
50170247;1343567;2021-10-22T09:21:45+00:00;2021-10-22T09:21:45+00:00;1;SNCF;bd Péreire Sud / r. Cardinet;1;Source IDFM;476235;649698;6865505;true;true;48.887592090433905, 2.3140247529047695
50170252;1343557;2021-10-22T09:21:44+00:00;2021-10-22T09:21:44+00:00;1;SNCF;Chemin d'Armentières;;Source IDFM;476769;696384;6873379;true;true;48.960354967755926, 2.9506197272691885
50170253;1343555;2021-10-22T09:21:44+00:00;2021-10-22T09:21:44+00:00;1;SNCF;Chemin d'Armentières;;Source IDFM;475474;700520;6877584;true;true;48.99817709991027, 3.0071063142298646
50170254;1343553;2021-10-22T09:21:44+00:00;2021-10-22T09:21:44+00:00;1;SNCF;Chemin de Cergy;;Source IDFM;476076;632555;6879761;true;true;49.014212084712874, 2.0779918780889552
50170258;1343545;2021-10-22T09:21:43+00:00;2021-10-22T09:21:43+00:00;1;SNCF;Chemin de la Desserte;;Source IDFM - Chemin;474749;665633;6842427;true;true;48.68108506488688, 2.533186802028409
50170280;1343501;2021-10-22T09:21:39+00:00;2021-10-22T09:21:39+00:00;1;SNCF;D10;2;Source IDFM;476623;629771;6854606;true;true;48.78771546195502, 2.0440995612913464
50170284;1343493;2021-10-22T09:21:38+00:00;2021-10-22T09:21:38+00:00;1;SNCF;Desserte des Passages;;Source IDFM;475193;658126;6836323;true;true;48.62573947072009, 2.4318176556533437
50170294;1343473;2021-10-22T09:21:35+00:00;2021-10-22T09:21:35+00:00;1;SNCF;Gare Routière - pl. Jean Esprangle;;Source IDFM;475153;646644;6875841;true;true;48.98028955006185, 2.271078092876546
50170295;1343471;2021-10-22T09:21:35+00:00;2021-10-22T09:21:35+00:00;1;SNCF;Gare Routière - pl. Jean Esprangle;;Source IDFM;475154;646672;6875840;true;true;48.98028288187025, 2.2714607186350793
50170298;1343465;2021-10-22T09:21:34+00:00;2021-10-22T09:21:34+00:00;1;SNCF;Gare Routière / pl. Amédée Guénée;;Source IDFM;475087;626889;6826367;true;true;48.53341298441849, 2.0096964138781344
50170299;1343463;2021-10-22T09:21:34+00:00;2021-10-22T09:21:34+00:00;1;SNCF;Hall  Muséum (accès RER C);;Source IDFM;475283;653428;6860356;true;true;48.84156849346614, 2.365453253447214
50170301;1343459;2021-10-22T09:21:34+00:00;2021-10-22T09:21:34+00:00;1;SNCF;Impasse de Clagny;3;Source IDFM;476836;636508;6856968;true;true;48.80965554376642, 2.135438458262801
50170305;1343451;2021-10-22T09:21:33+00:00;2021-10-22T09:21:33+00:00;1;SNCF;Les Berges de la Seine;;Source IDFM;475660;661665;6830479;true;true;48.573392065315936, 2.48035822276003
50170307;1343447;2021-10-22T09:21:33+00:00;2021-10-22T09:21:33+00:00;1;SNCF;Marché Carnot;2;Source IDFM - Ascenseur;474505;650650;6855559;true;true;48.79822145904183, 2.3281606734453995
50170308;1343445;2021-10-22T09:21:32+00:00;2021-10-22T09:21:32+00:00;1;SNCF;Navettes Hôtel;;Source IDFM;474470;667913;6878940;true;true;49.009569128350414, 2.561400991170704
50170329;1343403;2021-10-22T09:21:28+00:00;2021-10-22T09:21:28+00:00;1;SNCF;Entrée / Sortie;;Source IDFM;475966;628298;6805765;true;true;48.34824206724318, 2.0321997680703108
50170348;1343365;2021-10-22T09:21:25+00:00;2021-10-22T09:21:25+00:00;1;SNCF;Entrée / Sortie;;Source IDFM;475936;640852;6884502;true;true;49.05765707205926, 2.1907434684106004
50170350;1343361;2021-10-22T09:21:24+00:00;2021-10-22T09:21:24+00:00;1;SNCF;Entrée / Sortie;;Source IDFM;476798;641721;6888297;true;true;49.09185708414572, 2.2021075710000484
50170351;1343359;2021-10-22T09:21:24+00:00;2021-10-22T09:21:24+00:00;1;SNCF;Entrée / Sortie;;Source IDFM;475935;641937;6886727;true;true;49.07776106739824, 2.2052809337281083
50170355;1343351;2021-10-22T09:21:23+00:00;2021-10-22T09:21:23+00:00;1;SNCF;Entrée / Sortie;;Source IDFM;476809;643609;6880513;true;true;49.02203912300582, 2.22899487040884
50170356;1343349;2021-10-22T09:21:23+00:00;2021-10-22T09:21:23+00:00;1;SNCF;Entrée / Sortie;;Source IDFM;475617;645020;6824742;true;true;48.52058745672496, 2.255475123286445
50170382;1343299;2021-10-22T09:21:18+00:00;2021-10-22T09:21:18+00:00;1;SNCF;Entrée / Sortie;;Source IDFM;475851;655060;6810467;true;true;48.39294411303914, 2.3929144037801597
50170383;1343297;2021-10-22T09:21:18+00:00;2021-10-22T09:21:18+00:00;1;SNCF;Entrée / Sortie;;Source IDFM;475360;655304;6875318;true;true;48.97624728582434, 2.3894365795776364
50170384;1343295;2021-10-22T09:21:18+00:00;2021-10-22T09:21:18+00:00;1;SNCF;Entrée / Sortie;;Source IDFM;475359;655360;6875375;true;true;48.976763718176244, 2.3901955161681734
50170397;1343269;2021-10-22T09:21:15+00:00;2021-10-22T09:21:15+00:00;1;SNCF;Entrée / Sortie;;Source IDFM;475650;662163;6856252;true;true;48.80523214411384, 2.484829280661578
50170401;1343261;2021-10-22T09:21:14+00:00;2021-10-22T09:21:14+00:00;1;SNCF;Entrée / Sortie;;Source IDFM;476883;670818;6872639;true;true;48.95304867481126, 2.601543506067153
50170405;1343253;2021-10-22T09:21:13+00:00;2021-10-22T09:21:13+00:00;1;SNCF;Entrée / Sortie;;Source IDFM;475963;673810;6875129;true;true;48.975568128518674, 2.6422422047496896
50170415;1343233;2021-10-22T09:21:11+00:00;2021-10-22T09:21:11+00:00;1;SNCF;Entrée / Sortie;;Source IDFM;475567;709189;6872311;true;true;48.95069561280798, 3.125462170538864
50170418;1343227;2021-10-22T09:21:11+00:00;2021-10-22T09:21:11+00:00;1;SNCF;Entrée / Sortie;;Source IDFM - Accès depuis rue piétonne;474460;657286;6847384;true;true;48.72517145799327, 2.4193165275185065
50170426;1343211;2021-10-22T09:21:09+00:00;2021-10-22T09:21:09+00:00;1;SNCF;Entrée / Sortie;;Source IDFM - Accès via bâtiment voyageur (côté arrêts bus);475628;659522;6836058;true;true;48.62344469890518, 2.4507841689001246
50170430;1343203;2021-10-22T09:21:08+00:00;2021-10-22T09:21:08+00:00;1;SNCF;Entrée / Sortie;;Source IDFM - Accès via souterrain depuis la route d'Egly;474517;644076;6831998;true;true;48.58577529976528, 2.241748979628394
50170431;1343201;2021-10-22T09:21:07+00:00;2021-10-22T09:21:07+00:00;1;SNCF;Entrée / Sortie;;Source IDFM - Ascenseur;475042;658460;6852657;true;true;48.772672527851704, 2.434763005562134
50170454;1343155;2021-10-22T09:21:02+00:00;2021-10-22T09:21:02+00:00;1;SNCF;Parking;;Source IDFM;475422;630439;6808699;true;true;48.374869575574834, 2.0606241231241587
50170457;1343149;2021-10-22T09:21:01+00:00;2021-10-22T09:21:01+00:00;1;SNCF;Parking;;Source IDFM;475175;637877;6815605;true;true;48.43774985771767, 2.1600694468606623
50170459;1343145;2021-10-22T09:21:01+00:00;2021-10-22T09:21:01+00:00;1;SNCF;Parking - Nord-Est;;Source IDFM;475889;690341;6848311;true;true;48.734849460316084, 2.868665708386538
50170460;1343143;2021-10-22T09:21:00+00:00;2021-10-22T09:21:00+00:00;1;SNCF;Parking - Nord-Ouest;;Source IDFM;475890;690297;6848268;true;true;48.73446205158978, 2.868068414422592
50170464;1343135;2021-10-22T09:20:59+00:00;2021-10-22T09:20:59+00:00;1;SNCF;Parking - r. des Lacs;;Source IDFM;475648;672503;6826451;true;true;48.537709416861766, 2.6275253258341578
50170476;1343111;2021-10-22T09:20:55+00:00;2021-10-22T09:20:55+00:00;1;SNCF;Parking N10 (av. de la Gare);;Source IDFM;475696;618359;6847472;true;true;48.722215055251084, 1.8901524020957743
50170495;1343073;2021-10-22T09:20:44+00:00;2021-10-22T09:20:44+00:00;1;SNCF;pl. Charle De Gaulle/ Joël Le Theule;5;Source IDFM;476625;629812;6854466;true;true;48.78646088950559, 2.0446806188958564
50170500;1343063;2021-10-22T09:20:42+00:00;2021-10-22T09:20:42+00:00;1;SNCF;pl. Davout;3;Source IDFM;476654;652292;6841906;true;true;48.67555194849382, 2.3520386468217853
50170502;1343059;2021-10-22T09:20:41+00:00;2021-10-22T09:20:41+00:00;1;SNCF;pl. de la Bataille de Stalingrad;1;Source IDFM;476909;638931;6856494;true;true;48.80562685142303, 2.1684975818313386
50170505;1343053;2021-10-22T09:20:40+00:00;2021-10-22T09:20:40+00:00;1;SNCF;pl. de la Gare;2;Source IDFM;476921;656091;6855802;true;true;48.800800253698675, 2.4022051217425773
50170513;1343037;2021-10-22T09:20:37+00:00;2021-10-22T09:20:37+00:00;1;SNCF;pl. de la Gare;;Source  IDFM;476943;661982;6845307;true;true;48.70678418956468, 2.4833399933358526
50170534;1342995;2021-10-22T09:20:32+00:00;2021-10-22T09:20:32+00:00;1;SNCF;pl. de la Gare;;Source IDFM;476477;656824;6840077;true;true;48.65941973010079, 2.4137734830729447
50170537;1342989;2021-10-22T09:20:32+00:00;2021-10-22T09:20:32+00:00;1;SNCF;pl. de la Gare;;Source IDFM;475839;657852;6855917;true;true;48.80195199312852, 2.426167848338464
50170560;1342943;2021-10-22T09:20:27+00:00;2021-10-22T09:20:27+00:00;1;SNCF;pl. de la Gare;;Source IDFM;476005;693214;6854331;true;true;48.78902966416467, 2.9076343561085634
50170562;1342939;2021-10-22T09:20:27+00:00;2021-10-22T09:20:27+00:00;1;SNCF;pl. de la Gare;;Source IDFM;475420;696677;6856728;true;true;48.81061460962982, 2.9547512507090556
50170567;1342929;2021-10-22T09:20:26+00:00;2021-10-22T09:20:26+00:00;1;SNCF;pl. de la Gare;;Source IDFM;475761;702312;6880222;true;true;49.021893867621436, 3.0316101966037614
50170568;1342927;2021-10-22T09:20:26+00:00;2021-10-22T09:20:26+00:00;1;SNCF;pl. de la Gare;;Source IDFM;475760;702327;6880225;true;true;49.02192078894373, 3.03181529656342
50170570;1342923;2021-10-22T09:20:25+00:00;2021-10-22T09:20:25+00:00;1;SNCF;pl. de la Gare;;Source IDFM;476043;716075;6874904;true;true;48.97387740351689, 3.219578359801579
50170585;1342893;2021-10-22T09:20:22+00:00;2021-10-22T09:20:22+00:00;1;SNCF;pl. de la Gare;;Source IDFM;474970;620652;6849836;true;true;48.74376112609632, 1.9208809045457123
50170586;1342891;2021-10-22T09:20:22+00:00;2021-10-22T09:20:22+00:00;1;SNCF;pl. de la Gare;;Source IDFM;475774;635664;6862688;true;true;48.86101085185621, 2.1230818130894016
50170588;1342887;2021-10-22T09:20:22+00:00;2021-10-22T09:20:22+00:00;1;SNCF;pl. de la Gare;;Source IDFM;475282;640315;6860126;true;true;48.838419049776604, 2.1868312298608177
50170606;1342851;2021-10-22T09:20:18+00:00;2021-10-22T09:20:18+00:00;1;SNCF;pl. de la Gare;;Source IDFM;474760;640395;6831085;true;true;48.57723457378666, 2.1919698294247767
50170608;1342847;2021-10-22T09:20:18+00:00;2021-10-22T09:20:18+00:00;1;SNCF;pl. de la Gare;;Source IDFM;474648;642339;6850409;true;true;48.75121583360924, 2.215719919995955
50170622;1342819;2021-10-22T09:20:15+00:00;2021-10-22T09:20:15+00:00;1;SNCF;pl. de la Gare (via passerelle);;Source IDFM - Escalier vers passerelle;474779;663666;6844458;true;true;48.69924498713216, 2.506296876437536
50170655;1342753;2021-10-22T09:20:09+00:00;2021-10-22T09:20:09+00:00;1;SNCF;pl. de Wicklow;;Source IDFM;476621;629756;6854682;true;true;48.78839730413885, 2.043882888322585
50170659;1342745;2021-10-22T09:20:08+00:00;2021-10-22T09:20:08+00:00;1;SNCF;pl. des Fours;;Source IDFM;474995;634051;6877886;true;true;48.99750856987231, 2.098733726728314
50170660;1342743;2021-10-22T09:20:08+00:00;2021-10-22T09:20:08+00:00;1;SNCF;pl. des Fusillés;;Source IDFM;476647;638328;6871176;true;true;48.93759845603763, 2.158156691058127
50170661;1342741;2021-10-22T09:20:07+00:00;2021-10-22T09:20:07+00:00;1;SNCF;pl. des Fusillés;;Source IDFM;476646;638264;6871209;true;true;48.937889054145735, 2.1572783287440016
50170667;1342729;2021-10-22T09:20:06+00:00;2021-10-22T09:20:06+00:00;1;SNCF;pl. du 8 mai 1945;;Source IDFM;475724;620455;6877531;true;true;48.99277749580202, 1.9130175462838188
50170681;1342701;2021-10-22T09:20:03+00:00;2021-10-22T09:20:03+00:00;1;SNCF;pl. du Cornier;;Source IDFM;474720;636276;6861916;true;true;48.854129351512455, 2.1315386001080077
50170684;1342695;2021-10-22T09:20:03+00:00;2021-10-22T09:20:03+00:00;1;SNCF;pl. du général de Gaulle;;Source IDFM;476784;673554;6863944;true;true;48.87497596449147, 2.639442923474763
50170688;1342687;2021-10-22T09:20:02+00:00;2021-10-22T09:20:02+00:00;1;SNCF;pl. du Général Leclerc;;Source IDFM;476197;654028;6873975;true;true;48.96408106068041, 2.3721525545028914
50170689;1342685;2021-10-22T09:20:02+00:00;2021-10-22T09:20:02+00:00;1;SNCF;pl. du Général Leclerc;;Source IDFM;476898;657278;6877299;true;true;48.99419445631693, 2.416201054198414
50170690;1342683;2021-10-22T09:20:02+00:00;2021-10-22T09:20:02+00:00;1;SNCF;pl. du Général Leclerc;;Source IDFM;476897;657293;6877317;true;true;48.99435730614302, 2.4164042048307453
50170692;1342679;2021-10-22T09:20:01+00:00;2021-10-22T09:20:01+00:00;1;SNCF;pl. du Général Leclerc;;Source IDFM;475162;686128;6867024;true;true;48.90306773948307, 2.8107716006299746
50170711;1342641;2021-10-22T09:19:57+00:00;2021-10-22T09:19:57+00:00;1;SNCF;pl. Gabriel Brun;2;Source IDFM;475911;646546;6848553;true;true;48.73488557860965, 2.2731707238414867
50170713;1342637;2021-10-22T09:19:57+00:00;2021-10-22T09:19:57+00:00;1;SNCF;pl. Gallieni;;Source IDFM;475927;674536;6825336;true;true;48.527762404274554, 2.6551299683743954
50170717;1342629;2021-10-22T09:19:56+00:00;2021-10-22T09:19:56+00:00;1;SNCF;pl. Georges Clémenceau / Rond-Point;;Source IDFM;474993;632281;6877001;true;true;48.98936703469334, 2.074688619616853
50170723;1342617;2021-10-22T09:19:55+00:00;2021-10-22T09:19:55+00:00;1;SNCF;pl. Jean Moulin;;Source IDFM;475841;657914;6855929;true;true;48.80206396324202, 2.4270107442400053
50170724;1342615;2021-10-22T09:19:55+00:00;2021-10-22T09:19:55+00:00;1;SNCF;pl. Jean Moulin;;Source IDFM;476728;665329;6888965;true;true;49.09957352826813, 2.525257103906497
50170727;1342609;2021-10-22T09:19:54+00:00;2021-10-22T09:19:54+00:00;1;SNCF;pl. Joseph Piette;;Source IDFM;475972;660428;6845463;true;true;48.70809395794615, 2.462207523457996
50170728;1342607;2021-10-22T09:19:54+00:00;2021-10-22T09:19:54+00:00;1;SNCF;pl. Jules Froelinger (Coté seine);;Source IDFM;474535;656113;6845962;true;true;48.712303279810925, 2.403516586711544
50170729;1342605;2021-10-22T09:19:54+00:00;2021-10-22T09:19:54+00:00;1;SNCF;pl. Lénine;;Source IDFM;476873;657804;6848992;true;true;48.73966779207466, 2.426199475940908
50170734;1342595;2021-10-22T09:19:53+00:00;2021-10-22T09:19:53+00:00;1;SNCF;pl. Michel Debré;;Source IDFM;476672;665930;6870775;true;true;48.93604659275669, 2.534953165065655
50170741;1342581;2021-10-22T09:19:51+00:00;2021-10-22T09:19:51+00:00;1;SNCF;pl. Pierre Sémard (principale);;Source IDFM;475011;640958;6874599;true;true;48.96862464497893, 2.1935773410541834
50170754;1342555;2021-10-22T09:19:49+00:00;2021-10-22T09:19:49+00:00;1;SNCF;Pont Jean Monnet;;Source IDFM;475850;637364;6872066;true;true;48.94550818029381, 2.144867229653611
50170762;1342539;2021-10-22T09:19:47+00:00;2021-10-22T09:19:47+00:00;1;SNCF;r. Albert de Mun;;Source IDFM - Escalier vers souterrain;474619;643318;6858020;true;true;48.81975091460617, 2.2280229547392603
50170766;1342531;2021-10-22T09:19:46+00:00;2021-10-22T09:19:46+00:00;1;SNCF;r. Anatole France;;Source IDFM;476599;648906;6837511;true;true;48.63576263268652, 2.3065770833581327
50170769;1342525;2021-10-22T09:19:46+00:00;2021-10-22T09:19:46+00:00;1;SNCF;r. Aristide Briand (principale);;Source IDFM;476134;631139;6885156;true;true;49.062568572618915, 2.0577562088774406
50170774;1342515;2021-10-22T09:19:44+00:00;2021-10-22T09:19:44+00:00;1;SNCF;r. Cardinet;2;Source IDFM;476236;649726;6865509;true;true;48.887630247768705, 2.3144060999277976
50170777;1342509;2021-10-22T09:19:44+00:00;2021-10-22T09:19:44+00:00;1;SNCF;r. Charles de Gaulle;;Source IDFM;475417;652682;6876250;true;true;48.98444006726064, 2.35351644042106
50170780;1342503;2021-10-22T09:19:43+00:00;2021-10-22T09:19:43+00:00;1;SNCF;r. Charles Michels;;Source IDFM;476547;652022;6870680;true;true;48.93430540979243, 2.3451306996783394
50170786;1342491;2021-10-22T09:19:42+00:00;2021-10-22T09:19:42+00:00;1;SNCF;r. d'Arpajon;;Source IDFM;474738;647646;6826207;true;true;48.53398307156577, 2.290855611855163
50170787;1342489;2021-10-22T09:19:42+00:00;2021-10-22T09:19:42+00:00;1;SNCF;r. de Bel Air;;Source IDFM;475919;631183;6876771;true;true;48.98718235952909, 2.0597243926993554
50170789;1342485;2021-10-22T09:19:41+00:00;2021-10-22T09:19:41+00:00;1;SNCF;r. de Bretagne (souterrain);;Source IDFM - Accès au souterrain;474526;647432;6867528;true;true;48.90560292757319, 2.282874120505104
50170791;1342481;2021-10-22T09:19:41+00:00;2021-10-22T09:19:41+00:00;1;SNCF;r. de la Bonne aventure;;Source IDFM;475994;637661;6856637;true;true;48.80679133910769, 2.1511859231817287
50170797;1342469;2021-10-22T09:19:40+00:00;2021-10-22T09:19:40+00:00;1;SNCF;r. de la Gare;;Source IDFM;476501;599753;6878356;true;true;48.997298986308685, 1.6299800302449263
50170803;1342457;2021-10-22T09:19:39+00:00;2021-10-22T09:19:39+00:00;1;SNCF;r. de la Gare;;Source IDFM;475607;678248;6864723;true;true;48.88215713276759, 2.7033989947475243
50170808;1342447;2021-10-22T09:19:38+00:00;2021-10-22T09:19:38+00:00;1;SNCF;r. de la Gare;;Source IDFM;475475;700511;6877568;true;true;48.99803323458028, 3.0069833009928453
50170814;1342435;2021-10-22T09:19:37+00:00;2021-10-22T09:19:37+00:00;1;SNCF;r. de la Gare;;Source IDFM;476782;624836;6889372;true;true;49.09976556473521, 1.970768000208919
50170816;1342431;2021-10-22T09:19:36+00:00;2021-10-22T09:19:36+00:00;1;SNCF;r. de la Gare;;Source IDFM;475592;645986;6832637;true;true;48.59168519795767, 2.267564027557254
50170831;1342401;2021-10-22T09:19:33+00:00;2021-10-22T09:19:33+00:00;1;SNCF;r. de la Halte;;Source IDFM;475920;631207;6876755;true;true;48.98704106502228, 2.0600548860091386
50170832;1342399;2021-10-22T09:19:33+00:00;2021-10-22T09:19:33+00:00;1;SNCF;r. de la Halte Villaines;;Source IDFM;476849;652626;6886871;true;true;49.0799340186329, 2.3515597579412946
50170834;1342395;2021-10-22T09:19:33+00:00;2021-10-22T09:19:32+00:00;1;SNCF;r. de la Légion d'Honneur;4;Source IDFM;476020;650462;6862445;true;true;48.86013354107558, 2.324799830515202
50170840;1342383;2021-10-22T09:19:31+00:00;2021-10-22T09:19:31+00:00;1;SNCF;r. de la petite vitesse;;Source IDFM;475222;679764;6812861;true;true;48.415720880278215, 2.726519564468682
50170845;1342373;2021-10-22T09:19:30+00:00;2021-10-22T09:19:30+00:00;1;SNCF;r. de la Roche qui tourne;;Source IDFM;475618;645045;6824740;true;true;48.52057158596352, 2.255813901982864
50170852;1342359;2021-10-22T09:19:29+00:00;2021-10-22T09:19:29+00:00;1;SNCF;r. de l'Abreuvoir;;Source IDFM;475934;658141;6830229;true;true;48.570925075326095, 2.432615330188029
50170865;1342333;2021-10-22T09:19:26+00:00;2021-10-22T09:19:26+00:00;1;SNCF;r. de Melun;;Source IDFM;475759;676305;6823381;true;true;48.51024288541909, 2.6791956019206746
50170867;1342329;2021-10-22T09:19:25+00:00;2021-10-22T09:19:25+00:00;1;SNCF;r. de Nancy;;Source IDFM;475013;640971;6874527;true;true;48.96797842780848, 2.193764929270989
50170870;1342323;2021-10-22T09:19:24+00:00;2021-10-22T09:19:24+00:00;1;SNCF;r. de Normandie;;Source IDFM;475780;663608;6883356;true;true;49.049046549959456, 2.502176615709468
50170871;1342321;2021-10-22T09:19:24+00:00;2021-10-22T09:19:24+00:00;1;SNCF;r. de Paris;;Source IDFM;476756;682170;6848876;true;true;48.739757198166934, 2.757540835779915
50170879;1342305;2021-10-22T09:19:22+00:00;2021-10-22T09:19:22+00:00;1;SNCF;r. de Ponthierry (voie 2);;Source IDFM - Passage vers voie 2;474686;668451;6825533;true;true;48.529266897106304, 2.5727051816742716
50170881;1342301;2021-10-22T09:19:22+00:00;2021-10-22T09:19:22+00:00;1;SNCF;r. de Riesseuc;1;Source IDFM;476913;639120;6855973;true;true;48.80095929629174, 2.171145235855682
50170882;1342299;2021-10-22T09:19:22+00:00;2021-10-22T09:19:22+00:00;1;SNCF;r. de Robinson;;Source IDFM;475171;660436;6834118;true;true;48.60605117577478, 2.463364054414422
50170887;1342289;2021-10-22T09:19:20+00:00;2021-10-22T09:19:20+00:00;1;SNCF;r. de Transvaal;;Source IDFM;475738;645573;6868428;true;true;48.91354155929901, 2.257399889966612
50170888;1342287;2021-10-22T09:19:20+00:00;2021-10-22T09:19:20+00:00;1;SNCF;r. de Transvaal;;Source IDFM;475739;645593;6868426;true;true;48.91352526571108, 2.2576730097225526
50170897;1342269;2021-10-22T09:19:18+00:00;2021-10-22T09:19:18+00:00;1;SNCF;r. de Verdun (bâtiment voyageur);;Source IDFM;474931;640095;6855828;true;true;48.799746591195486, 2.1844388745841385
50170911;1342241;2021-10-22T09:19:14+00:00;2021-10-22T09:19:14+00:00;1;SNCF;r. des Ecoles / Chemin latéral;;Source IDFM - Accès direct voie 2b;474828;642085;6824106;true;true;48.51461082879625, 2.2158181920482187
50171137;1342193;2021-10-22T09:19:10+00:00;2021-10-22T09:19:10+00:00;1;SNCF;r. d'Estienne d'Orves;;Source IDFM;476674;665821;6870785;true;true;48.93613073476039, 2.533464570895978
50171138;1342191;2021-10-22T09:19:10+00:00;2021-10-22T09:19:10+00:00;1;SNCF;r. d'Estienne d'Orves;;Source IDFM - Escalier;476673;665895;6870813;true;true;48.93638644932594, 2.53447237709918
50171144;1342179;2021-10-22T09:19:08+00:00;2021-10-22T09:19:08+00:00;1;SNCF;r. du 11  Novembre;;Source IDFM - Escalier (souterrain - gare routière);474554;663074;6870402;true;true;48.93253483549622, 2.4960030056910485
50171148;1342171;2021-10-22T09:19:08+00:00;2021-10-22T09:19:08+00:00;1;SNCF;r. du 4 Septembre;;Source IDFM;475462;640316;6869247;true;true;48.92044014520814, 2.1855631742497907
50171156;1342155;2021-10-22T09:19:06+00:00;2021-10-22T09:19:06+00:00;1;SNCF;r. du Chemin de Fer;;Source IDFM;475187;659625;6837278;true;true;48.634424745171934, 2.452066790310992
50171157;1342153;2021-10-22T09:19:06+00:00;2021-10-22T09:19:06+00:00;1;SNCF;r. du Chemin de Fer;;Source IDFM;475630;667196;6864183;true;true;48.87683280266991, 2.5527430176751156
50171161;1342145;2021-10-22T09:19:05+00:00;2021-10-22T09:19:05+00:00;1;SNCF;r. du Clos aux Biches;;Source IDFM;476127;604742;6859290;true;true;48.82662540157978, 1.702430680099029
50171162;1342143;2021-10-22T09:19:05+00:00;2021-10-22T09:19:05+00:00;1;SNCF;r. du Clos de l'Abreuvoir;;Source IDFM;475352;609296;6857409;true;true;48.81036758277478, 1.7648539678881563
50171166;1342135;2021-10-22T09:19:04+00:00;2021-10-22T09:19:04+00:00;1;SNCF;r. du colonnel Pierre Brossolette;;Source IDFM;474462;657358;6847461;true;true;48.72586875452289, 2.4202876247997023
50171168;1342131;2021-10-22T09:19:04+00:00;2021-10-22T09:19:04+00:00;1;SNCF;r. du Cotentin (Gare Vaugirard);;Source IDFM;475985;649804;6860064;true;true;48.83867043935641, 2.3161128377730122
50171175;1342117;2021-10-22T09:19:02+00:00;2021-10-22T09:19:02+00:00;1;SNCF;r. du Général Galliéni;;Source IDFM;476767;627231;6876172;true;true;48.98136117869443, 2.0058351456528363
50171182;1342103;2021-10-22T09:19:01+00:00;2021-10-22T09:19:01+00:00;1;SNCF;r. du Maréchal Foch;;Source IDFM;476833;636461;6856969;true;true;48.80965990705802, 2.1347983679500957
50171192;1342083;2021-10-22T09:18:59+00:00;2021-10-22T09:18:59+00:00;1;SNCF;r. du Petit Jouy;1;Source IDFM;476187;637276;6852621;true;true;48.77063720611015, 2.1465351413499905
50171197;1342073;2021-10-22T09:18:58+00:00;2021-10-22T09:18:58+00:00;1;SNCF;r. du Port aux Loups;;Source IDFM;476799;641741;6888274;true;true;49.09165211323753, 2.2023845511985716
50171206;1342055;2021-10-22T09:18:56+00:00;2021-10-22T09:18:56+00:00;1;SNCF;r. Emile Zola;;Source IDFM;475005;661148;6835006;true;true;48.61408179755545, 2.472940756103905
50171214;1342039;2021-10-22T09:18:54+00:00;2021-10-22T09:18:54+00:00;1;SNCF;r. Félix Faure;;Source IDFM;475163;686154;6867061;true;true;48.90340103296908, 2.811125058851757
50171224;1342019;2021-10-22T09:18:52+00:00;2021-10-22T09:18:52+00:00;1;SNCF;r. Georges Bonnefous;;Source IDFM;476676;642340;6858215;true;true;48.82141782911558, 2.2146776018388885
50171229;1342009;2021-10-22T09:18:51+00:00;2021-10-22T09:18:51+00:00;1;SNCF;r. Georges Stephenson;;Source IDFM;475196;657908;6836367;true;true;48.62612109390469, 2.428855429283488
50171233;1342001;2021-10-22T09:18:50+00:00;2021-10-22T09:18:50+00:00;1;SNCF;r. Jean Jaurès;;Source IDFM - Chemin d'accès vers voie 1;474819;645642;6876364;true;true;48.98490829020479, 2.2573228905713894
50171248;1341971;2021-10-22T09:18:47+00:00;2021-10-22T09:18:47+00:00;1;SNCF;r. Marie Bétrémieux;;Source IDFM;476500;662258;6863536;true;true;48.870743947476974, 2.485476495621913
50171249;1341969;2021-10-22T09:18:47+00:00;2021-10-22T09:18:47+00:00;1;SNCF;r. Marie Bétrémieux;;Source IDFM;476499;662275;6863568;true;true;48.8710327163089, 2.4857054028400483
50171254;1341959;2021-10-22T09:18:46+00:00;2021-10-22T09:18:46+00:00;1;SNCF;r. Nouvelle (escalier);;Source IDFM;474763;640382;6831118;true;true;48.57753020834037, 2.1917890295667344
50171255;1341957;2021-10-22T09:18:46+00:00;2021-10-22T09:18:46+00:00;1;SNCF;r. Pablo Picasso;;Source IDFM;474940;649435;6849960;true;true;48.747772540995975, 2.3122846191620554
50171262;1341943;2021-10-22T09:18:45+00:00;2021-10-22T09:18:45+00:00;1;SNCF;r. Pasteur;;Source IDFM - Escalier;475142;650794;6841207;true;true;48.66915260997376, 2.3317743798957937
50171263;1341941;2021-10-22T09:18:44+00:00;2021-10-22T09:18:44+00:00;1;SNCF;r. Pasteur;;Source IDFM;475745;632285;6863508;true;true;48.86803840046498, 2.076898506402044
50171265;1341937;2021-10-22T09:18:44+00:00;2021-10-22T09:18:44+00:00;1;SNCF;r. Pierre Brossolette;;Source IDFM;475577;644228;6868007;true;true;48.90964063022246, 2.239105228172127
50171267;1341933;2021-10-22T09:18:44+00:00;2021-10-22T09:18:44+00:00;1;SNCF;r. Pierre Semard;5;Source IDFM;476924;656116;6855809;true;true;48.80086490917862, 2.4025447477934656
50171274;1341919;2021-10-22T09:18:42+00:00;2021-10-22T09:18:42+00:00;1;SNCF;r. Raoul Jacobe;;Source IDFM - Escalier;475981;680636;6804030;true;true;48.33629740215143, 2.7386991030915735
50171275;1341917;2021-10-22T09:18:42+00:00;2021-10-22T09:18:42+00:00;1;SNCF;r. Raymond Poincaré;;Source IDFM - Ascenseur;475612;678582;6864757;true;true;48.88247408846246, 2.707951519914615
50171277;1341913;2021-10-22T09:18:42+00:00;2021-10-22T09:18:42+00:00;1;SNCF;r. Robert Pissonnier;;Source IDFM;475188;659636;6837311;true;true;48.63472225744605, 2.452212960835063
50171292;1341883;2021-10-22T09:18:38+00:00;2021-10-22T09:18:38+00:00;1;SNCF;r. Sébastopol / r. Jean-Pierre Timbaud;;Source IDFM;475028;645075;6866858;true;true;48.89938118723619, 2.250808836491301
50171294;1341879;2021-10-22T09:18:38+00:00;2021-10-22T09:18:38+00:00;1;SNCF;r. Tour de Viosne;;Source IDFM;476640;623278;6892111;true;true;49.12420538936025, 1.9489373605401714
50171305;1341857;2021-10-22T09:18:36+00:00;2021-10-22T09:18:36+00:00;1;SNCF;rte de Corbeil;;Source IDFM;475414;655492;6839415;true;true;48.653375044658276, 2.3957575937097917
50171306;1341855;2021-10-22T09:18:36+00:00;2021-10-22T09:18:36+00:00;1;SNCF;rte de la Gare;;Source IDFM;475367;609495;6836912;true;true;48.626061786879674, 1.7719040653650269
50171311;1341845;2021-10-22T09:18:35+00:00;2021-10-22T09:18:35+00:00;1;SNCF;rte de Villemomble;;Source IDFM - Escaliers;474696;661868;6866089;true;true;48.89367960878923, 2.4799306879485403
50171321;1341825;2021-10-22T09:18:33+00:00;2021-10-22T09:18:33+00:00;1;SNCF;Sente des Buttes;2;Source IDFM;476813;637751;6859980;true;true;48.83686353362251, 2.1519224148062377
50171324;1341819;2021-10-22T09:18:32+00:00;2021-10-22T09:18:32+00:00;1;SNCF;Sortie Petit Bois;;Source IDFM;475044;658494;6852560;true;true;48.771802331633246, 2.435235069664857
50171329;1341809;2021-10-22T09:18:31+00:00;2021-10-22T09:18:31+00:00;1;SNCF;villa des Guignières;;Source IDFM;474725;646834;6862090;true;true;48.85665188665951, 2.275397475538784
50171331;1341805;2021-10-22T09:18:31+00:00;2021-10-22T09:18:31+00:00;1;SNCF;voie 1 (rue de Beauchamps);;Source IDFM - Escalier accès voie 1;474638;642192;6882067;true;true;49.035885664575034, 2.209409513783531
50171332;1341803;2021-10-22T09:18:30+00:00;2021-10-22T09:18:30+00:00;1;SNCF;voie 2;;Source IDFM;474783;650863;6895271;true;true;49.15532306035214, 2.3264487946169248
50149937;1824334;2024-05-29T15:57:12+00:00;2026-07-24T11:44:35+00:00;59;RATP;r. M. et F. Allard [Belle Epine];1;;50149937;653485;6851082;true;true;48.7581680612269, 2.3672423914085017
50149938;1824333;2024-05-29T15:57:11+00:00;2026-07-24T11:44:34+00:00;59;RATP;r. Antonin Carême;2;;50149938;653458;6851088;true;true;48.75822007694617, 2.3668744635639514
50210363;1824332;2024-08-30T08:24:34+00:00;2026-07-24T11:44:33+00:00;59;RATP;Parking P3 / VTC - Taxis réservés 3 - Ride app Pick-up;0;;50210363;653109;6847751;true;true;48.72818245146239, 2.3624935962247933
50211179;1824330;2026-07-24T11:44:32+00:00;2026-07-24T11:44:32+00:00;59;RATP;rte de Limours;2;;50211179;631541;6845105;true;true;48.702458803892924, 2.0697126079322947
50208160;1606692;2024-03-18T15:56:41+00:00;2026-07-23T08:28:26+00:00;59;RATP;Caisse d'Assurance Maladie;4;;50208160;653786;6865220;true;true;48.8853355716271, 2.369801913477203
50148787;1606932;2021-10-22T08:22:56+00:00;2026-07-23T08:27:19+00:00;59;RATP;Sortie;0;;50148787;653033;6865116;false;true;48.88434584794052, 2.359545564015231
50147776;1573107;2021-10-22T08:26:30+00:00;2026-07-08T15:33:03+00:00;59;RATP;r. d'Alsace;1;;50147776;652930;6864264;false;true;48.87667653154576, 2.3582355141316342
50147775;1573108;2021-10-22T08:26:31+00:00;2026-07-08T15:33:03+00:00;59;RATP;r. du 8 Mai 1945;5;;50147775;652963;6864183;true;true;48.87595052973647, 2.358694393976394
50147774;1821363;2021-10-22T08:26:31+00:00;2026-07-08T15:33:03+00:00;59;RATP;Terre-plein;7;;50147774;652910;6864185;true;true;48.87596464207053, 2.3579715985515772
50148492;1806073;2021-10-22T08:23:55+00:00;2026-06-16T09:18:36+00:00;59;RATP;pl. du Havre;2;;50148492;650592;6864137;true;true;48.87535932778586, 2.3263749022710014
50148491;1806077;2021-10-22T08:23:55+00:00;2026-06-16T09:18:36+00:00;59;RATP;r. d'Amsterdam;8;;50148491;650617;6864199;true;true;48.8759187943591, 2.3267085264393725
50147868;1573024;2021-10-22T08:26:10+00:00;2026-06-16T09:18:36+00:00;59;RATP;r. de l'Arcade;7;;50147868;650464;6864065;true;true;48.874702018522754, 2.324638240262346
50147839;1573051;2021-10-22T08:26:17+00:00;2026-06-15T09:36:43+00:00;59;RATP;r. de Rennes;8;;50147839;650334;6860671;true;true;48.84417025471318, 2.3232625053626728
50147834;1573053;2021-10-22T08:26:17+00:00;2026-06-15T09:36:43+00:00;59;RATP;pl. Bienvenüe;2;;50147834;650114;6860494;true;true;48.84256150269208, 2.3202857438044173
50147836;1573052;2021-10-22T08:26:17+00:00;2026-06-15T09:36:43+00:00;59;RATP;bd du Montparnasse;5;;50147836;650449;6860612;true;true;48.84364852209682, 2.3248362661596196
50148646;1572357;2021-10-22T08:23:23+00:00;2026-05-11T16:12:09+00:00;59;RATP;route de Belleville;2;;50148646;636487;6844564;true;true;48.698098272825945, 2.136998444199828
50148172;1606981;2021-10-22T08:25:04+00:00;2026-04-13T12:37:57+00:00;59;RATP;Entrée / Sortie;0;;50148172;649702;6862537;true;true;48.8609019908192, 2.3144307028045756
50148478;1572505;2021-10-22T08:23:58+00:00;2026-04-03T09:23:59+00:00;59;RATP;r. des Suisses;1;;50148478;649666;6859287;true;true;48.83167208150889, 2.314324696620981
50148815;1572222;2021-10-22T08:22:50+00:00;2026-04-03T09:23:51+00:00;59;RATP;r. Leibniz;3;;50148815;650771;6866459;false;true;48.89625395987685, 2.3285460617291225
50148501;1572485;2021-10-22T08:23:53+00:00;2026-04-03T09:23:51+00:00;59;RATP;bd Bessières;1;;50148501;650781;6866589;true;true;48.89742375675195, 2.3286673745616646
50148499;1572487;2021-10-22T08:23:53+00:00;2026-04-03T09:23:49+00:00;59;RATP;r. Legendre;1;;50148499;650662;6866069;true;true;48.892738511772905, 2.327104768205796
50208134;1661184;2024-03-18T15:56:43+00:00;2026-04-03T09:23:45+00:00;59;RATP;rue de Rivoli;1;;50208134;653062;6861884;false;true;48.85528321238288, 2.3602980362004766
50148007;1572912;2021-10-22T08:25:41+00:00;2026-04-03T09:23:08+00:00;59;RATP;av. du Gén. de Gaulle;2;;50148007;657229;6860856;true;true;48.84632851561819, 2.417189897787995
50148006;1572913;2021-10-22T08:25:41+00:00;2026-04-03T09:23:08+00:00;59;RATP;av. Foch;3;;50148006;657342;6860845;false;true;48.846237082835685, 2.4187307163627185
50148002;1572917;2021-10-22T08:25:42+00:00;2026-04-03T09:23:01+00:00;59;RATP;r. Segond;3;;50148002;658184;6860748;true;true;48.84541994787595, 2.430213168075155
50148000;1572919;2021-10-22T08:25:43+00:00;2026-04-03T09:23:01+00:00;59;RATP;Hôpital Bégin;1;;50148000;658011;6860750;true;true;48.845426684055376, 2.4278557466126642
50148483;1572500;2021-10-22T08:23:57+00:00;2026-04-03T09:22:25+00:00;59;RATP;r. de la Gaîté;5;;50148483;650284;6860030;true;true;48.838401884853944, 2.3226561701180755
50148521;1572465;2021-10-22T08:23:48+00:00;2026-04-03T09:21:54+00:00;59;RATP;av. Gabriel Péri;1;;50148521;648351;6868736;true;true;48.91654015207059, 2.2952632546359024
50147933;1661285;2021-10-22T08:25:56+00:00;2026-04-03T09:09:41+00:00;59;RATP;place de Clichy;1;;50147933;650697;6865049;true;true;48.883568714470854, 2.32770053165189
50147935;1661283;2021-10-22T08:25:56+00:00;2026-04-03T09:09:41+00:00;59;RATP;rue Caulaincourt;2;;50147935;650791;6865127;true;true;48.88427733252641, 2.3289732226288353
50148203;1572750;2021-10-22T08:24:56+00:00;2026-04-03T09:07:58+00:00;59;RATP;bd Diderot;1;;50148203;654976;6860972;true;true;48.84721821849415, 2.386478787201601
50148202;1572751;2021-10-22T08:24:56+00:00;2026-04-03T09:07:58+00:00;59;RATP;r. de Reuilly;3;;50148202;654967;6860989;true;true;48.847370470770805, 2.3863543530958453
50148569;1572426;2021-10-22T08:23:38+00:00;2026-04-03T08:57:25+00:00;59;RATP;bd Voltaire;4;;50148569;655592;6861140;true;true;48.84877179357534, 2.3948548593536736
50148848;1572188;2021-10-22T08:22:43+00:00;2026-04-03T08:56:02+00:00;59;RATP;r. de la Coutellerie;3;;50148848;652366;6862143;true;true;48.85756129127595, 2.350783893388991
50148843;1572193;2021-10-22T08:22:45+00:00;2026-04-03T08:54:13+00:00;59;RATP;Boieldieu;3;;50148843;644206;6865969;true;true;48.89131214459331, 2.2390730318126426
50148846;1572190;2021-10-22T08:22:44+00:00;2026-04-03T08:54:13+00:00;59;RATP;Coupole - Regnault;6;;50148846;644443;6866042;true;true;48.89198909247483, 2.2422955215511537
50148362;1572603;2021-10-22T08:24:22+00:00;2026-04-03T08:51:58+00:00;59;RATP;pl. Léon-Paul Fargue;3;;50148362;649878;6860972;true;true;48.84684182886065, 2.3170139888837786
50148364;1572601;2021-10-22T08:24:22+00:00;2026-04-03T08:51:58+00:00;59;RATP;bd du Montparnasse;4;;50148364;649846;6860948;true;true;48.84662350805094, 2.3165807939763132
50147994;1572925;2021-10-22T08:25:44+00:00;2026-04-03T08:51:08+00:00;59;RATP;passage Richelieu;1;;50147994;651324;6862688;true;true;48.862384514613936, 2.33652045548442
50147993;1572926;2021-10-22T08:25:44+00:00;2026-04-03T08:51:08+00:00;59;RATP;Carrousel du Louvre;6;;50147993;651172;6862718;true;true;48.862642796225494, 2.334445266748361
50148288;1572670;2021-10-22T08:24:37+00:00;2026-04-03T08:49:57+00:00;59;RATP;r. de Miromesnil;3;;50148288;649803;6863995;true;true;48.87402134679921, 2.3156350467910096
50208142;1606698;2024-03-06T16:54:37+00:00;2026-04-03T08:48:31+00:00;59;RATP;Jeu de Paume;1;;50208142;650381;6863128;true;true;48.866269407079955, 2.323616118913744
50148174;1572779;2021-10-22T08:25:03+00:00;2026-04-03T08:48:31+00:00;59;RATP;r. Saint-Florentin;3;;50148174;650382;6863154;true;true;48.86650329690488, 2.323626713993174
50148504;1572482;2021-10-22T08:23:52+00:00;2026-04-03T08:43:36+00:00;59;RATP;r. Farcot;2;;50148504;651011;6867574;true;true;48.90629893015599, 2.3316906493835927
50147978;1572938;2021-10-22T08:25:47+00:00;2026-04-03T08:41:12+00:00;59;RATP;av. de Friedland;2;;50147978;648434;6864012;true;true;48.8740660658928, 2.296969581761145
50147799;1573085;2021-10-22T08:26:25+00:00;2026-04-03T08:39:33+00:00;59;RATP;av. Victoria;18;;50147799;652214;6862115;true;true;48.85729823340258, 2.3487154874139216
50147796;1573088;2021-10-22T08:26:26+00:00;2026-04-03T08:39:33+00:00;59;RATP;Théâtre de la Ville;17;;50147796;652152;6862142;true;true;48.8575364397331, 2.347867476922391
50149890;1785195;2024-05-29T15:57:20+00:00;2026-04-02T14:44:34+00:00;59;RATP;Rue Carnot;3;;50149890;658979;6865037;true;true;48.88404167042773, 2.4406315149003914
50148892;1572150;2021-10-22T08:22:35+00:00;2026-03-20T14:28:54+00:00;59;RATP;r. Arago / Sortie par les quais du RER C;7;;50148892;650365;6867253;true;true;48.90336285079604, 2.3229158766744957
50148891;1572151;2021-10-22T08:22:35+00:00;2026-03-20T14:28:54+00:00;59;RATP;r. Touzet;5;;50148891;650152;6867275;false;true;48.90354422589313, 2.3200078465093448
50148885;1572157;2021-10-22T08:22:36+00:00;2026-03-20T14:28:54+00:00;59;RATP;r.Mme de Sanzillon;4;;50148885;650155;6867308;true;true;48.90384121041535, 2.320044892110721
50148650;1572354;2021-10-22T08:23:22+00:00;2026-03-20T14:28:54+00:00;59;RATP;bd Victor Hugo;2;;50148650;650322;6867453;true;true;48.90515803133571, 2.3223059165166515
50208203;1606684;2024-02-22T14:34:46+00:00;2025-09-03T07:55:13+00:00;59;RATP;Entrée / Sortie;0;;50208203;659657;6867591;true;true;48.9070517923561, 2.4496337850095538
50148612;1661200;2021-10-22T08:23:29+00:00;2025-09-03T07:51:19+00:00;59;RATP;Boulevard des Maréchaux;1;;50148612;651462;6858027;true;true;48.820478480623166, 2.3389332510298027
50147784;1661299;2021-10-22T08:26:28+00:00;2025-08-05T11:53:29+00:00;59;RATP;bd de Rochechouart;1;;50147784;652261;6865054;true;true;48.88373152922181, 2.349025810731748
50147929;1661287;2021-10-22T08:25:57+00:00;2025-08-05T11:53:24+00:00;59;RATP;bd de Rochechouart - Sacré-Cœur;0;;50147929;651889;6864960;true;true;48.882858530290996, 2.343964060011125
50147953;1661276;2021-10-22T08:25:52+00:00;2025-08-05T11:53:19+00:00;59;RATP;bd de la Villette;1;;50147953;653833;6864352;true;true;48.87753326118761, 2.3705371573746614
50148015;1661265;2021-10-22T08:25:40+00:00;2025-08-05T11:53:14+00:00;59;RATP;Boulevard de l'Hôpital;1;;50148015;652895;6859698;true;true;48.835612321218385, 2.358264269526312
50148038;1661257;2021-10-22T08:25:35+00:00;2025-08-05T11:53:10+00:00;59;RATP;bd Vincent-Auriol;1;;50148038;653166;6859398;true;true;48.832934142791565, 2.3619891036394973
50148044;1661255;2021-10-22T08:25:33+00:00;2025-08-05T11:53:09+00:00;59;RATP;bd de Reuilly;1;;50148044;655186;6860067;true;true;48.83909414899214, 2.3894355990816383
50148052;1661254;2021-10-22T08:25:32+00:00;2025-08-05T11:53:09+00:00;59;RATP;av. de Saint-Mandé;1;;50148052;656049;6860709;true;true;48.8449271329437, 2.4011266739682884
50148057;1661252;2021-10-22T08:25:31+00:00;2025-08-05T11:53:08+00:00;59;RATP;pl. Rhin-et-Danube;1;;50148057;655509;6864839;true;true;48.88203070232507, 2.393336609072237
50148089;1661243;2021-10-22T08:25:23+00:00;2025-08-05T11:53:04+00:00;59;RATP;Rue du Faubourg Saint-Martin;1;;50148089;653447;6864781;true;true;48.88136335600429, 2.365227455382721
50148094;1661240;2021-10-22T08:25:22+00:00;2025-08-05T11:53:03+00:00;59;RATP;r. de la Victoire;1;;50148094;651592;6864084;true;true;48.874958654453884, 2.3400142278925444
50148265;1661231;2021-10-22T08:24:42+00:00;2025-08-05T11:52:59+00:00;59;RATP;Allée Maria-Callas;1;;50148265;647008;6862922;true;true;48.86414823379539, 2.277665071468688
50148437;1661218;2021-10-22T08:24:06+00:00;2025-08-05T11:52:53+00:00;59;RATP;Place Jacques et Thérèse Tréfouel;1;;50148437;649524;6860550;true;true;48.843019165116736, 2.312240545249787
50148438;1661217;2021-10-22T08:24:06+00:00;2025-08-05T11:52:53+00:00;59;RATP;Rue de Vaugirard;2;;50148438;649551;6860508;true;true;48.84264357433296, 2.312613396089315
50170276;1821460;2021-10-22T09:21:40+00:00;2026-07-08T15:51:15+00:00;1;SNCF;Cour des Taxis;7;Source IDFM;475319;652621;6864695;true;true;48.88052973897501, 2.3539746400753887
50171287;1341893;2021-10-22T09:18:40+00:00;2026-06-16T09:18:36+00:00;1;SNCF;r. Saint-Lazare;;Source IDFM - Accès dans bâtiment - Accès RER E (Haussman) RER A (Auber) et métros St Lazare;475430;650782;6864199;true;true;48.87593142548594, 2.3289580401481844
50171288;1341891;2021-10-22T09:18:39+00:00;2026-06-16T09:18:36+00:00;1;SNCF;r. Saint-Lazare;;Source IDFM - Escalator - Accès RER E (Haussman) et M12 (St Lazare);475433;650766;6864179;false;true;48.87575034794569, 2.328742223440058
50170710;1766999;2021-10-22T09:19:58+00:00;2026-06-16T09:18:36+00:00;1;SNCF;pl. G. Berry;;Source IDFM;475427;650753;6864081;true;true;48.87486806625489, 2.3285763505857857
50243328;1794712;2026-04-16T09:54:12+00:00;2026-04-16T09:54:12+00:00;1;SNCF;r. de Londres;;;;650557;6864441;true;true;48.87809042788467, 2.3258623535764733
50234645;1702207;2025-12-22T17:04:21+00:00;2025-12-22T17:05:26+00:00;1;SNCF;Entrée / Sortie;;;;653512;6896534;true;true;49.1668755055756, 2.3626189073791513
50234644;1702205;2025-12-22T17:00:17+00:00;2025-12-22T17:00:18+00:00;1;SNCF;Entrée / Sortie;;;;663908;6892043;true;true;49.12716900475355, 2.505536222672235
50234635;1702166;2025-12-22T16:44:34+00:00;2025-12-22T16:45:05+00:00;1;SNCF;Entrée / Sortie;;;;655596;6799420;true;true;48.29359406702063, 2.401286333954333
50229046;1678128;2025-10-07T14:16:58+00:00;2025-10-07T14:18:39+00:00;1;SNCF;Entrée / Sortie;;Source IDFM;;681299;6888434;true;true;49.095463711016315, 2.7439524296035316
50229047;1678130;2025-10-07T14:18:34+00:00;2025-10-07T14:18:39+00:00;1;SNCF;Entrée / Sortie;;Source IDFM;;681359;6888518;true;true;49.09622071351715, 2.7447702055062226
50229039;1678114;2025-10-07T13:47:29+00:00;2025-10-07T13:47:33+00:00;1;SNCF;Entrée / Sortie;;Source IDFM;;683066;6777370;true;true;48.09648470916698, 2.7725260863540306
50229021;1676348;2025-09-30T14:10:53+00:00;2025-09-30T14:11:36+00:00;1;SNCF;Entrée / Sortie;;Source IDFM;;688162;6900065;true;true;49.20019801629294, 2.8375903518519836
50234346;1684337;2025-11-06T11:16:31+00:00;2025-11-06T11:18:13+00:00;521;MARNE ET SEINE;Entrée / Sortie;;Source IDFM;;661245;6849960;true;true;48.7485896139236, 2.4729024500300785
50234345;1684335;2025-11-06T11:15:32+00:00;2025-11-06T11:15:33+00:00;521;MARNE ET SEINE;Entrée / Sortie;;Source IDFM;;660657;6852212;true;true;48.768808040638085, 2.464697808475775
50148459;1661213;2021-10-22T08:24:02+00:00;2025-08-05T11:52:51+00:00;59;RATP;Place Pigalle;2;;50148459;651401;6864922;true;true;48.88248016274083, 2.3373144088037865
50148465;1661209;2021-10-22T08:24:00+00:00;2025-08-05T11:52:49+00:00;59;RATP;pl. Paul-Éluard;1;;50148465;653070;6865799;true;true;48.8904905342769, 2.359974594795643
50148595;1661204;2021-10-22T08:23:33+00:00;2025-08-05T11:52:46+00:00;59;RATP;Gallieni;1;;50148595;665222;6860576;true;true;48.84429142033347, 2.5261248246549006
50210158;1661176;2024-03-18T15:56:34+00:00;2025-08-05T11:52:34+00:00;59;RATP;bd Raspail;1;;50210158;650524;6861923;false;true;48.85544402692537, 2.3257056010537154
50210266;1661172;2024-02-22T14:34:36+00:00;2025-08-05T11:52:32+00:00;59;RATP;av. Aristide Briand;1;;50210266;650119;6855010;true;true;48.793243251146905, 2.3209963859432903
50210270;1661171;2024-02-22T14:34:34+00:00;2025-08-05T11:52:31+00:00;59;RATP;Entrée / Sortie;1;;50210270;649495;6853569;true;true;48.78023516258582, 2.3126733700651716
50148685;1606935;2021-10-22T08:23:18+00:00;2025-05-13T15:43:19+00:00;59;RATP;Entrée / Sortie;0;;50148685;652869;6847764;true;true;48.72828190048341, 2.3592293858549676
50149982;1595556;2024-05-29T15:57:08+00:00;2025-04-23T12:48:10+00:00;59;RATP;Orly 4 - T7 - Cœur d'Orly;0;;50149982;653148;6847727;true;true;48.727969427836165, 2.36302642962878
50149981;1572048;2024-05-29T15:57:09+00:00;2025-04-23T12:48:10+00:00;59;RATP;Orly 1-2-3;0;;50149981;653077;6847707;true;true;48.72778439392751, 2.3620633920349534
50148127;1629214;2021-10-22T08:25:13+00:00;2025-01-29T14:14:32+00:00;59;RATP;r. Bourgon;5;;50148127;652869;6858276;true;true;48.82282218601063, 2.3580675618497824
50210365;1615518;2024-11-06T17:06:33+00:00;2024-11-06T17:06:33+00:00;59;RATP;Institut Gustave Roussy;1;;50210365;652216;6854999;true;true;48.793303089843704, 2.349541649229303
50171149;1607143;2021-10-22T09:19:07+00:00;2024-09-05T05:31:19+00:00;1;SNCF;Rue du 8 mai 1945;1;Source IDFM;476610;634682;6883187;true;true;49.04523569092772, 2.1065366308564606
50147931;1607028;2021-10-22T08:25:57+00:00;2024-09-03T10:29:51+00:00;59;RATP;Entrée / Sortie;0;;50147931;651778;6865280;true;true;48.885727882381396, 2.342414209468209
50148031;1607008;2021-10-22T08:25:36+00:00;2024-09-03T10:29:37+00:00;59;RATP;bd Garibaldi;0;;50148031;648783;6861080;true;true;48.84772695912148, 2.3020807641162366
50148132;1606986;2021-10-22T08:25:12+00:00;2024-09-03T10:29:21+00:00;59;RATP;Entrée / Sortie;0;;50148132;653021;6857828;true;true;48.81880432681028, 2.3601871781491544
50148149;1606982;2021-10-22T08:25:09+00:00;2024-09-03T10:29:18+00:00;59;RATP;boulevard Maxime Gorki;0;;50148149;653607;6855319;true;true;48.796282536040124, 2.3684409384478458
50148378;1606966;2021-10-22T08:24:19+00:00;2024-09-03T10:29:06+00:00;59;RATP;Hippodrome;2;;50148378;645465;6861182;true;true;48.84837195237444, 2.2568568462339305
50211667;1606775;2024-09-01T12:50:21+00:00;2024-09-01T12:50:22+00:00;1;SNCF;Rue de la Gare;;;;641279;6878899;true;true;49.00731816418154, 2.1973644328895108
50211666;1606773;2024-09-01T12:39:46+00:00;2024-09-01T12:39:46+00:00;1;SNCF;Place de la gare;;;;647670;6874027;true;true;48.964062617787185, 2.285318290444325
50170054;1606766;2021-10-22T09:22:27+00:00;2024-09-01T12:16:12+00:00;1;SNCF;Allée de la Roseraie;;Source IDFM;476668;665201;6871825;true;true;48.945449543681256, 2.5249165081570073
50208175;1606689;2024-03-18T15:56:40+00:00;2024-08-30T08:25:17+00:00;59;RATP;r. du Temple;2;;50208175;653305;6863192;true;true;48.86706355734365, 2.3634659578146486
50210077;1606674;2024-03-18T15:56:39+00:00;2024-08-30T08:25:07+00:00;59;RATP;quai des Célestins;4;;50210077;653124;6861536;true;true;48.8521581840719, 2.3611813450556927
50210115;1606665;2024-03-06T16:54:33+00:00;2024-08-30T08:25:00+00:00;59;RATP;av. Général Leclerc;3;;50210115;657580;6857331;true;true;48.81465076433094, 2.4223239472085605
50210137;1606657;2024-03-18T15:56:34+00:00;2024-08-30T08:24:54+00:00;59;RATP;r. Robespierre;1;;50210137;657584;6861867;false;true;48.855443919211645, 2.4219262058495077
50210140;1606656;2024-02-22T14:34:41+00:00;2024-08-30T08:24:53+00:00;59;RATP;r. du Port;3;;50210140;643315;6860382;true;true;48.840992094174084, 2.2276674626797153
50210159;1606652;2024-03-18T15:56:33+00:00;2024-08-30T08:24:50+00:00;59;RATP;pl. d'Estienne d'Orves;1;;50210159;651040;6864271;false;true;48.87659856765133, 2.3324671652598687
50210222;1606644;2024-02-22T14:34:37+00:00;2024-08-30T08:24:45+00:00;59;RATP;pl. de la Gare;1;;50210222;663621;6850406;true;true;48.7527391583716, 2.5051789762032644
50210314;1606636;2024-02-22T14:34:32+00:00;2024-08-30T08:24:40+00:00;59;RATP;Imp. de la Station;1;;50210314;638420;6844303;true;true;48.6959379736594, 2.163299229992227
50147976;1572940;2021-10-22T08:25:48+00:00;2024-08-05T22:47:34+00:00;59;RATP;r. Beaujon;9;;50147976;648390;6864148;true;true;48.87528554932319, 2.2963532125721
50148550;1572440;2021-10-22T08:23:42+00:00;2024-08-05T22:47:34+00:00;59;RATP;r. de Presbourg;7;;50148550;648147;6864015;true;true;48.8740700007382, 2.2930565797791855
50148181;1572772;2021-10-22T08:25:01+00:00;2024-08-05T21:25:53+00:00;59;RATP;bd de Bonne Nouvelle;6;;50148181;652332;6863534;true;true;48.87006782527745, 2.350164502376165
50148299;1572659;2021-10-22T08:24:35+00:00;2024-08-05T21:25:53+00:00;59;RATP;r. du Fbg Montmartre;1;;50148299;651854;6863693;true;true;48.871462123968435, 2.3436304337594027
50149928;1595557;2024-05-29T15:57:16+00:00;2024-07-26T16:36:32+00:00;59;RATP;av. d'Italie;1;;50149928;652938;6858125;true;true;48.821469255382716, 2.359024006978373
50147736;1573141;2021-10-22T08:26:39+00:00;2024-05-29T16:09:14+00:00;59;RATP;av. de Laumière;2;;50147736;654499;6865179;true;true;48.88501764969941, 2.3795287413110446
50147739;1573138;2021-10-22T08:26:38+00:00;2024-05-29T16:09:12+00:00;59;RATP;r. de Lancry;2;;50147739;653113;6863593;true;true;48.870655728523886, 2.360804529505303
50147740;1573137;2021-10-22T08:26:38+00:00;2024-05-29T16:09:12+00:00;59;RATP;bd Voltaire;1;;50147740;653929;6862427;true;true;48.860228948375884, 2.372054730363636
50147769;1573113;2021-10-22T08:26:32+00:00;2024-05-29T16:08:56+00:00;59;RATP;r.Belliard;3;;50147769;651970;6866587;true;true;48.897495579613235, 2.3448844563638067
50147779;1573104;2021-10-22T08:26:30+00:00;2024-05-29T16:08:50+00:00;59;RATP;r. du Fbg Saint-Denis;1;;50147779;652831;6864567;true;true;48.87939408720543, 2.3568521346592783
50147780;1573103;2021-10-22T08:26:29+00:00;2024-05-29T16:08:49+00:00;59;RATP;bd de Denain;4;;50147780;652649;6864609;true;true;48.87975842480586, 2.3543659983381993
50147782;1573101;2021-10-22T08:26:29+00:00;2024-05-29T16:08:47+00:00;59;RATP;bd Barbès;3;;50147782;652313;6865059;false;true;48.883780345725256, 2.3497342948418174
50147785;1573099;2021-10-22T08:26:28+00:00;2024-05-29T16:08:46+00:00;59;RATP;bd de Magenta;2;;50147785;652264;6865038;true;true;48.88358786869732, 2.349068515723799
50147805;1573079;2021-10-22T08:26:23+00:00;2024-05-29T16:08:33+00:00;59;RATP;Forum - Pte du Pont Neuf;6;;50147805;651953;6862608;true;true;48.8617123087807, 2.345102705065212
50147806;1573078;2021-10-22T08:26:23+00:00;2024-05-29T16:08:32+00:00;59;RATP;r. Montorgueil;9;;50147806;652056;6862729;true;true;48.86280811842542, 2.346492917308876
50147807;1573077;2021-10-22T08:26:23+00:00;2024-05-29T16:08:32+00:00;59;RATP;r. de l'École de Médecine;1;;50147807;651510;6861554;false;true;48.852200607232916, 2.3391849674155347
50147825;1573062;2021-10-22T08:26:19+00:00;2024-05-29T16:08:22+00:00;59;RATP;pass. du Prado;7;;50147825;652588;6863472;false;true;48.869529167193306, 2.353661192338098
50147829;1573058;2021-10-22T08:26:18+00:00;2024-05-29T16:08:19+00:00;59;RATP;bd du Montparnasse;3;;50147829;650730;6860440;true;true;48.84212327347186, 2.32868480814873
50147856;1573036;2021-10-22T08:26:13+00:00;2024-05-29T16:08:03+00:00;59;RATP;bd Edgar Quinet;1;;50147856;650857;6860085;true;true;48.83894045059767, 2.330456142460287
50147857;1573035;2021-10-22T08:26:13+00:00;2024-05-29T16:08:02+00:00;59;RATP;r. Campagne Première;2;;50147857;650882;6860091;false;true;48.838996314686156, 2.3307960433496806
50147861;1573031;2021-10-22T08:26:12+00:00;2024-05-29T16:07:59+00:00;59;RATP;pl. du Général Catroux;1;;50147861;649327;6865010;true;true;48.88311164730656, 2.3090247014960896
50147872;1573020;2021-10-22T08:26:09+00:00;2024-05-29T16:07:52+00:00;59;RATP;av. de la Porte d'Orléans;4;;50147872;650433;6858311;true;true;48.822954241929835, 2.324886318574991
50147886;1573007;2021-10-22T08:26:06+00:00;2024-05-29T16:07:43+00:00;59;RATP;av. Stéphane Mallarmé;2;;50147886;648116;6865314;false;true;48.88574896752854, 2.29247527801
50147895;1572998;2021-10-22T08:26:04+00:00;2024-05-29T16:07:37+00:00;59;RATP;pl. Gambetta;2;;50147895;655868;6862964;true;true;48.86519388821675, 2.3984263911476384
50147898;1572995;2021-10-22T08:26:04+00:00;2024-05-29T16:07:34+00:00;59;RATP;r. Belgrand;4;;50147898;656366;6862889;true;true;48.864553348866124, 2.4052221878917406
50147923;1572974;2021-10-22T08:25:58+00:00;2024-05-29T16:07:18+00:00;59;RATP;r. des Bluets;4;;50147923;654576;6862860;true;true;48.86416881510401, 2.380826664838525
50148016;1572904;2021-10-22T08:25:39+00:00;2024-05-29T16:06:30+00:00;59;RATP;bd Vincent Auriol;3;;50148016;652764;6859201;true;true;48.831133163613956, 2.356534842551975
50148025;1572896;2021-10-22T08:25:37+00:00;2024-05-29T16:06:25+00:00;59;RATP;pl. des Martyrs Juifs;2;;50148025;647826;6861818;false;true;48.854286932111535, 2.288950144959152
50148045;1572883;2021-10-22T08:25:33+00:00;2024-05-29T16:06:16+00:00;59;RATP;r. Claude Decaen;2;;50148045;655666;6860073;true;true;48.839181307446886, 2.3959744350552827
50148061;1572873;2021-10-22T08:25:30+00:00;2024-05-29T16:06:09+00:00;59;RATP;av. Jean Jaurès;2;;50148061;656796;6869169;true;true;48.92105625726456, 2.4104442018219108
50148067;1572868;2021-10-22T08:25:29+00:00;2024-05-29T16:06:06+00:00;59;RATP;av. de la Division Leclerc;3;;50148067;656351;6868445;true;true;48.91451568997286, 2.404446535492183
50148068;1572867;2021-10-22T08:25:28+00:00;2024-05-29T16:06:05+00:00;59;RATP;av. Jean Jaurès;1;;50148068;656329;6868433;true;true;48.914406287698654, 2.4041476110886486
50148077;1572863;2021-10-22T08:25:26+00:00;2024-05-29T16:06:01+00:00;59;RATP;Parvis de la Cité;5;;50148077;654948;6866468;true;true;48.8966407572641, 2.3855144664110637
50148078;1572862;2021-10-22T08:25:26+00:00;2024-05-29T16:06:01+00:00;59;RATP;av. de la Pte de la Villette;4;;50148078;654993;6866691;true;true;48.89864925521477, 2.3861045714201765
50148084;1572857;2021-10-22T08:25:25+00:00;2024-05-29T16:05:57+00:00;59;RATP;r. Mathis;3;;50148084;654266;6865805;true;true;48.89063055687843, 2.3762841579052236
50148097;1572847;2021-10-22T08:25:21+00:00;2024-05-29T16:05:50+00:00;59;RATP;r. de la Chaussée d'Antin;5;;50148097;651119;6863845;true;true;48.87277366075064, 2.3335932370259402
50148099;1572845;2021-10-22T08:25:20+00:00;2024-05-29T16:05:49+00:00;59;RATP;r. Halévy;3;;50148099;651050;6863860;true;true;48.87290331153448, 2.332650859447605
50148105;1572840;2021-10-22T08:25:19+00:00;2024-05-29T16:05:46+00:00;59;RATP;av. de l'Opéra;4;;50148105;651043;6863462;false;true;48.86932365703443, 2.3326012914153753
50148106;1572839;2021-10-22T08:25:18+00:00;2024-05-29T16:05:45+00:00;59;RATP;r. de la Monnaie;1;;50148106;651737;6862268;true;true;48.8586385867523, 2.3421972916092586
50148107;1572838;2021-10-22T08:25:18+00:00;2024-05-29T16:05:45+00:00;59;RATP;Pont Neuf;3;;50148107;651728;6862238;true;true;48.85836812598792, 2.3420780381817696
50148117;1572829;2021-10-22T08:25:15+00:00;2024-05-29T16:05:39+00:00;59;RATP;r. de Mirbel;1;;50148117;652397;6860258;true;true;48.84061184121426, 2.351417398856638
50148118;1572828;2021-10-22T08:25:15+00:00;2024-05-29T16:05:38+00:00;59;RATP;r. Monge;2;;50148118;652398;6860234;true;true;48.84039608222633, 2.351433708823283
50148137;1572811;2021-10-22T08:25:11+00:00;2024-05-29T16:05:27+00:00;59;RATP;av. d'Ivry;2;;50148137;653641;6858142;true;true;48.82167307811976, 2.368596478185222
50148139;1572809;2021-10-22T08:25:11+00:00;2024-05-29T16:05:26+00:00;59;RATP;av. Maurice Thorez;2;;50148139;654292;6857472;true;true;48.81569409801445, 2.3775345769766165
50148141;1572807;2021-10-22T08:25:10+00:00;2024-05-29T16:05:24+00:00;59;RATP;r. Marat;3;;50148141;654840;6856852;true;true;48.81015687802084, 2.3850628568304995
50148142;1572806;2021-10-22T08:25:10+00:00;2024-05-29T16:05:24+00:00;59;RATP;r. Robespierre;2;;50148142;654759;6856946;true;true;48.81099657047248, 2.383949950352669
50148146;1572803;2021-10-22T08:25:09+00:00;2024-05-29T16:05:22+00:00;59;RATP;r. Henri Barbusse;3;;50148146;653293;6856236;true;true;48.80450679136732, 2.3640660311895267
50148147;1572802;2021-10-22T08:25:09+00:00;2024-05-29T16:05:21+00:00;59;RATP;r. Ambroise Croizat;2;;50148147;653267;6856230;true;true;48.80445094763828, 2.363712704668736
50148154;1572797;2021-10-22T08:25:08+00:00;2024-05-29T16:05:18+00:00;59;RATP;bd Victor;1;;50148154;647024;6859776;true;true;48.83585792913089, 2.2782751013049922
50148157;1572794;2021-10-22T08:25:07+00:00;2024-05-29T16:05:16+00:00;59;RATP;r. de Lourmel;1;;50148157;647335;6860130;true;true;48.83906693726632, 2.2824679900154607
50148159;1572792;2021-10-22T08:25:07+00:00;2024-05-29T16:05:15+00:00;59;RATP;r. de la Convention;3;;50148159;647703;6860359;true;true;48.8411562971855, 2.2874533632415233
50148161;1572790;2021-10-22T08:25:06+00:00;2024-05-29T16:05:13+00:00;59;RATP;r. Henri Bocquillon;2;;50148161;647753;6860341;true;true;48.84099847948161, 2.2881367872439937
50148162;1572789;2021-10-22T08:25:06+00:00;2024-05-29T16:05:13+00:00;59;RATP;pl. Étienne Pernet;2;;50148162;648024;6860542;true;true;48.84282798016376, 2.291804391172845
50148169;1572782;2021-10-22T08:25:04+00:00;2024-05-29T16:05:08+00:00;59;RATP;av. Bosquet;1;;50148169;649069;6861852;true;true;48.85469215174249, 2.3058853305962392
50148177;1572776;2021-10-22T08:25:03+00:00;2024-05-29T16:05:04+00:00;59;RATP;r. Duphot;3;;50148177;650522;6863472;false;true;48.86937377303941, 2.3254980189460186
50148184;1572769;2021-10-22T08:25:01+00:00;2024-05-29T16:04:59+00:00;59;RATP;r. Amelot;2;;50148184;653535;6862782;true;true;48.86339312172292, 2.366645951153166
50148190;1572763;2021-10-22T08:24:59+00:00;2024-05-29T16:04:56+00:00;59;RATP;bd Bourdon;5;;50148190;653603;6861553;false;true;48.85234573637773, 2.3677069451291892
50148195;1572758;2021-10-22T08:24:58+00:00;2024-05-29T16:04:52+00:00;59;RATP;r. de Charonne;4;;50148195;654050;6861483;true;true;48.85174826361905, 2.373805918743519
50148206;1572748;2021-10-22T08:24:55+00:00;2024-05-29T16:04:46+00:00;59;RATP;r. de Picpus;2;;50148206;656149;6859810;true;true;48.83684916835978, 2.402581892785138
50148209;1572745;2021-10-22T08:24:54+00:00;2024-05-29T16:04:44+00:00;59;RATP;r. Joseph Chailley;6;;50148209;656256;6859487;true;true;48.83395166092468, 2.404072795798886
50148213;1572741;2021-10-22T08:24:53+00:00;2024-05-29T16:04:41+00:00;59;RATP;bd Poniatowski;2;;50148213;655877;6859320;true;true;48.832423971988014, 2.398927171730151
50148226;1572730;2021-10-22T08:24:50+00:00;2024-05-29T16:04:34+00:00;59;RATP;r. Louis Pergaud;1;;50148226;659162;6856113;true;true;48.803798990800104, 2.4439837095352535
50148231;1572725;2021-10-22T08:24:49+00:00;2024-05-29T16:04:31+00:00;59;RATP;route de Choisy;2;;50148231;659653;6854550;true;true;48.78977310349481, 2.4508165442165497
50148244;1572712;2021-10-22T08:24:46+00:00;2024-05-29T16:04:22+00:00;59;RATP;av. André Morizet;5;;50148244;644412;6859544;true;true;48.83355156244432, 2.24272264740154
50148250;1572707;2021-10-22T08:24:45+00:00;2024-05-29T16:04:19+00:00;59;RATP;Parc des Princes;1;;50148250;645364;6860089;true;true;48.838534139312465, 2.255621013986011
50148251;1572706;2021-10-22T08:24:45+00:00;2024-05-29T16:04:18+00:00;59;RATP;av. de Versailles;5;;50148251;645518;6860053;true;true;48.83822343037805, 2.257723647807038
50148252;1572705;2021-10-22T08:24:44+00:00;2024-05-29T16:04:18+00:00;59;RATP;r. Gudin;4;;50148252;645530;6860024;true;true;48.8379636488659, 2.2578908423413275
50148253;1572704;2021-10-22T08:24:44+00:00;2024-05-29T16:04:17+00:00;59;RATP;bd Murat;6;;50148253;645436;6860093;true;true;48.83857621120895, 2.2566013948118537
50148254;1572703;2021-10-22T08:24:44+00:00;2024-05-29T16:04:16+00:00;59;RATP;bd Exelmans;1;;50148254;645696;6860564;true;true;48.84283384821836, 2.260083386684417
50148257;1572701;2021-10-22T08:24:43+00:00;2024-05-29T16:04:15+00:00;59;RATP;pl. Jean Lorrain;1;;50148257;646006;6861121;true;true;48.84786894810092, 2.2642363170833155
50148259;1572699;2021-10-22T08:24:43+00:00;2024-05-29T16:04:14+00:00;59;RATP;r. Jasmin;1;;50148259;646286;6861637;true;true;48.852532673617695, 2.2679864106973255
50148260;1572698;2021-10-22T08:24:43+00:00;2024-05-29T16:04:13+00:00;59;RATP;r. Ribera;2;;50148260;646296;6861619;false;true;48.852371635824156, 2.2681249563102543
50148270;1572691;2021-10-22T08:24:41+00:00;2024-05-29T16:04:08+00:00;59;RATP;av. du Président Wilson;1;;50148270;647790;6862788;true;true;48.86300705819377, 2.288340407959328
50148289;1572669;2021-10-22T08:24:37+00:00;2024-05-29T16:03:55+00:00;59;RATP;bd Malesherbes;1;;50148289;650221;6864036;true;true;48.874422492836935, 2.3213287983440987
50148290;1572668;2021-10-22T08:24:37+00:00;2024-05-29T16:03:54+00:00;59;RATP;bd Haussmann;2;;50148290;650233;6864053;false;true;48.87457629668014, 2.3214904029793995
50148304;1572654;2021-10-22T08:24:34+00:00;2024-05-29T16:03:45+00:00;59;RATP;bd Voltaire;1;;50148304;653677;6862900;true;true;48.86446450665875, 2.368568577121871
50148306;1572652;2021-10-22T08:24:33+00:00;2024-05-29T16:03:44+00:00;59;RATP;r. Amelot;3;;50148306;653572;6862998;true;true;48.86533824673101, 2.367126671056138
50148308;1572650;2021-10-22T08:24:33+00:00;2024-05-29T16:03:43+00:00;59;RATP;r. Popincourt;3;;50148308;654153;6862463;true;true;48.86056867353563, 2.3751038275514125
50148310;1572648;2021-10-22T08:24:32+00:00;2024-05-29T16:03:42+00:00;59;RATP;Saint-Ambroise;1;;50148310;654119;6862533;true;true;48.8611957553257, 2.3746328696189654
50148313;1572645;2021-10-22T08:24:32+00:00;2024-05-29T16:03:40+00:00;59;RATP;bd Voltaire;2;;50148313;654565;6862117;true;true;48.85748631596516, 2.3807561535496995
50148315;1572643;2021-10-22T08:24:31+00:00;2024-05-29T16:03:38+00:00;59;RATP;pl. Léon Blum;1;;50148315;654557;6862131;true;true;48.85761165265118, 2.3806456276092627
50148320;1572639;2021-10-22T08:24:30+00:00;2024-05-29T16:03:36+00:00;59;RATP;r. de Charonne;1;;50148320;654905;6861774;true;true;48.85442562616352, 2.3854262862052154
50148324;1572636;2021-10-22T08:24:30+00:00;2024-05-29T16:03:34+00:00;59;RATP;cité Voltaire;1;;50148324;655195;6861543;true;true;48.852368484185305, 2.3894027141755267
50148332;1572629;2021-10-22T08:24:28+00:00;2024-05-29T16:03:29+00:00;59;RATP;r. d'Avron;3;;50148332;656409;6861548;true;true;48.852496729241665, 2.405945818246681
50148341;1572621;2021-10-22T08:24:26+00:00;2024-05-29T16:03:24+00:00;59;RATP;r. Kléber;4;;50148341;658667;6862113;true;true;48.85772658416126, 2.4366616330724655
50148355;1572609;2021-10-22T08:24:24+00:00;2024-05-29T16:03:16+00:00;59;RATP;r. Monge;2;;50148355;652400;6860923;true;true;48.84659241491786, 2.3513838480297027
50148356;1572608;2021-10-22T08:24:23+00:00;2024-05-29T16:03:15+00:00;59;RATP;pl. Maubert;2;;50148356;652170;6861290;false;true;48.84987580340966, 2.3482086418024437
50148360;1572604;2021-10-22T08:24:22+00:00;2024-05-29T16:03:12+00:00;59;RATP;r. de Montfaucon;1;;50148360;651251;6861636;true;true;48.85291848228206, 2.3356461154763726
50148375;1572591;2021-10-22T08:24:19+00:00;2024-05-29T16:03:03+00:00;59;RATP;av. Émile Zola;3;;50148375;647082;6860939;false;true;48.84632150581541, 2.27892054263594
50148380;1572587;2021-10-22T08:24:18+00:00;2024-05-29T16:03:00+00:00;59;RATP;r. d'Auteuil;3;;50148380;645692;6861145;true;true;48.84805838849709, 2.2599546969348197
50148401;1572567;2021-10-22T08:24:14+00:00;2024-05-29T16:02:49+00:00;59;RATP;r. Réaumur;2;;50148401;652805;6863013;true;true;48.865417398880865, 2.3566702680484966
50148406;1572562;2021-10-22T08:24:13+00:00;2024-05-29T16:02:46+00:00;59;RATP;sq. Henri Christiné;10;;50148406;653275;6863306;true;true;48.86808656412437, 2.3630444880753143
50148408;1572560;2021-10-22T08:24:12+00:00;2024-05-29T16:02:44+00:00;59;RATP;av. Parmentier;3;;50148408;653858;6863489;true;true;48.869774279390995, 2.370971737191074
50148418;1572551;2021-10-22T08:24:10+00:00;2024-05-29T16:02:38+00:00;59;RATP;r. du Jourdain;1;;50148418;655201;6864044;true;true;48.87486010221214, 2.389220846944878
50148421;1572548;2021-10-22T08:24:10+00:00;2024-05-29T16:02:36+00:00;59;RATP;r. de Paris;2;;50148421;657205;6864577;true;true;48.87978954445233, 2.416488200542162
50148427;1572544;2021-10-22T08:24:08+00:00;2024-05-29T16:02:34+00:00;59;RATP;r. de Vaugirard;3;;50148427;647774;6859415;true;true;48.83267266056153, 2.288536571232545
50148430;1572541;2021-10-22T08:24:08+00:00;2024-05-29T16:02:32+00:00;59;RATP;r. de Vaugirard;2;;50148430;648376;6859916;true;true;48.83722666639258, 2.2966762607190576
50148432;1572539;2021-10-22T08:24:07+00:00;2024-05-29T16:02:30+00:00;59;RATP;pl. Adolphe Chérioux;1;;50148432;648688;6860170;true;true;48.8395358060437, 2.300896078978951
50148433;1572538;2021-10-22T08:24:07+00:00;2024-05-29T16:02:30+00:00;59;RATP;r. d'Alleray;2;;50148433;648710;6860165;true;true;48.83949259239273, 2.3011964067183417
50148443;1572533;2021-10-22T08:24:05+00:00;2024-05-29T16:02:26+00:00;59;RATP;r. Velpeau;2;;50148443;650490;6861420;true;true;48.850917982044706, 2.325300820817736
50148445;1572531;2021-10-22T08:24:05+00:00;2024-05-29T16:02:25+00:00;59;RATP;r. de Sèvres;1;;50148445;650621;6861511;true;true;48.85174639126592, 2.3270753731224034
50148447;1572530;2021-10-22T08:24:04+00:00;2024-05-29T16:02:24+00:00;59;RATP;r. de Bellechasse;2;;50148447;650329;6862289;false;true;48.85872041432281, 2.3230053660777408
50148448;1572529;2021-10-22T08:24:04+00:00;2024-05-29T16:02:24+00:00;59;RATP;r. Saint-Dominique;3;;50148448;650350;6862208;true;true;48.857993611122396, 2.323301034021331
50148455;1572522;2021-10-22T08:24:03+00:00;2024-05-29T16:02:19+00:00;59;RATP;pl. d'Estienne d'Orves;1;;50148455;651037;6864256;true;true;48.87646344868606, 2.3324279934398753
50148456;1572521;2021-10-22T08:24:02+00:00;2024-05-29T16:02:18+00:00;59;RATP;r. Bourdaloue;1;;50148456;651480;6864217;true;true;48.8761462605724, 2.3384721208486305
50148530;1572459;2021-10-22T08:23:46+00:00;2024-05-29T16:01:34+00:00;59;RATP;r. du Général Clavery;1;;50148530;636523;6865931;true;true;48.890258791049156, 2.134304691188525
50148533;1572456;2021-10-22T08:23:46+00:00;2024-05-29T16:01:32+00:00;59;RATP;pl. Maurice Berteaux;3;;50148533;637996;6865367;true;true;48.88533059525945, 2.154474178224843
50148535;1572454;2021-10-22T08:23:45+00:00;2024-05-29T16:01:30+00:00;59;RATP;r. des deux gares;1;;50148535;639165;6865577;true;true;48.88733052116768, 2.1703841322662956
50148540;1572449;2021-10-22T08:23:44+00:00;2024-05-29T16:01:27+00:00;59;RATP;bd de la Seine;1;;50148540;641039;6866468;true;true;48.89551713462609, 2.195814608452875
50148543;1572446;2021-10-22T08:23:44+00:00;2024-05-29T16:01:25+00:00;59;RATP;esplanade P. Chéreau;1;;50148543;642313;6867060;true;true;48.900956068300715, 2.2131094216708442
50148545;1572444;2021-10-22T08:23:43+00:00;2024-05-29T16:01:23+00:00;59;RATP;Carillon;1;;50148545;643034;6866463;true;true;48.89565179483483, 2.223023849328937
50148571;1572424;2021-10-22T08:23:38+00:00;2024-05-29T16:01:02+00:00;59;RATP;pl. Moreau-David;1;;50148571;660703;6860508;true;true;48.84342014930472, 2.464558272700277
50148576;1572419;2021-10-22T08:23:37+00:00;2024-05-29T16:00:59+00:00;59;RATP;r. J. Mermoz;1;;50148576;660632;6857902;false;true;48.81997953029408, 2.463831993059381
50148593;1572403;2021-10-22T08:23:34+00:00;2024-05-29T16:00:47+00:00;59;RATP;bd Gallieni;2;;50148593;664365;6861496;true;true;48.85251825435488, 2.514370781381242
50148600;1572397;2021-10-22T08:23:32+00:00;2024-05-29T16:00:42+00:00;59;RATP;allée Jean-Paul Sartre;3;;50148600;671936;6860467;true;true;48.843638545599646, 2.617613477454659
50148632;1572370;2021-10-22T08:23:26+00:00;2024-05-29T16:00:23+00:00;59;RATP;r. Mirabeau;1;;50148632;648270;6849471;true;true;48.743282296946745, 2.296499976750797
50148643;1572360;2021-10-22T08:23:24+00:00;2024-05-29T16:00:16+00:00;59;RATP;bd Dubreuil;1;;50148643;639807;6844471;true;true;48.69757966295707, 2.1821196929406663
50148695;1572336;2021-10-22T08:23:17+00:00;2024-05-29T15:59:59+00:00;59;RATP;École Nationale Vétérinaire;2;;50148695;657551;6857340;true;true;48.81472979537782, 2.42192814173524
50148702;1572330;2021-10-22T08:23:16+00:00;2024-05-29T15:59:54+00:00;59;RATP;r. de l'Ambroisie;2;;50148702;654917;6859477;true;true;48.83376945799903, 2.3858333007237595
50148705;1572327;2021-10-22T08:23:15+00:00;2024-05-29T15:59:53+00:00;59;RATP;sentier du Noyer Baril;5;;50148705;662473;6861654;true;true;48.853831733056495, 2.48857360470232
50148720;1572313;2021-10-22T08:23:12+00:00;2024-05-29T15:59:44+00:00;59;RATP;bd Saint-Martin;7;;50148720;653141;6863294;true;true;48.867968915596606, 2.3612192020751577
50148734;1572300;2021-10-22T08:23:08+00:00;2024-05-29T15:59:35+00:00;59;RATP;av. François Mitterrand;1;;50148734;660585;6852205;true;true;48.768740690794104, 2.463718850968673
50148738;1572296;2021-10-22T08:23:07+00:00;2024-05-29T15:59:33+00:00;59;RATP;Église Saint-Jacques;1;;50148738;650047;6857788;true;true;48.81822102085638, 2.319690541684347
50148742;1572292;2021-10-22T08:23:06+00:00;2024-05-29T15:59:30+00:00;59;RATP;pl. du Général Leclerc;5;;50148742;649992;6857685;true;true;48.8172904586509, 2.3189536326892726
50148746;1572288;2021-10-22T08:23:05+00:00;2024-05-29T15:59:27+00:00;59;RATP;bd Newton;3;;50148746;669317;6860385;true;true;48.84278172127568, 2.5819348010221304
50148747;1572287;2021-10-22T08:23:05+00:00;2024-05-29T15:59:27+00:00;59;RATP;pl. Victor et Hélène Basch;1;;50148747;650553;6858885;true;true;48.82812551553079, 2.326453980559378
50148751;1572283;2021-10-22T08:23:04+00:00;2024-05-29T15:59:24+00:00;59;RATP;r. de la Gare;4;;50148751;650647;6855714;true;true;48.79961519808533, 2.3281018792530017
50148753;1572282;2021-10-22T08:23:04+00:00;2024-05-29T15:59:24+00:00;59;RATP;av. Carnot;3;;50148753;650632;6855574;true;true;48.798354981685364, 2.327913899445452
50148754;1572281;2021-10-22T08:23:04+00:00;2024-05-29T15:59:23+00:00;59;RATP;marché Carnot;2;;50148754;650650;6855564;true;true;48.79826642579821, 2.328160094306315
50148763;1572273;2021-10-22T08:23:01+00:00;2024-05-29T15:59:18+00:00;59;RATP;av. Anatole France;6;;50148763;656857;6858201;true;true;48.82242693120896, 2.4123903208178232
50148770;1572266;2021-10-22T08:22:59+00:00;2024-05-29T15:59:13+00:00;59;RATP;r. Ernest Renan;2;;50148770;647071;6858808;true;true;48.8271565315405, 2.279035782031617
50148772;1572264;2021-10-22T08:22:59+00:00;2024-05-29T15:59:12+00:00;59;RATP;r. Fernand Léger;2;;50148772;633727;6844914;true;true;48.70096892001936, 2.099445080938506
50148778;1572258;2021-10-22T08:22:58+00:00;2024-05-29T15:59:07+00:00;59;RATP;av. des Charmes;3;;50148778;660522;6860584;true;true;48.84409256190072, 2.4620850769556992
50148779;1572257;2021-10-22T08:22:58+00:00;2024-05-29T15:59:07+00:00;59;RATP;bd de Vincennes;2;;50148779;660529;6860599;true;true;48.84422788722869, 2.462179061757267
50148790;1572247;2021-10-22T08:22:55+00:00;2024-05-29T15:59:00+00:00;59;RATP;bd de Grenelle;3;;50148790;648591;6861173;false;true;48.84854801087877, 2.2994533297965782
50148825;1572210;2021-10-22T08:22:48+00:00;2024-05-29T15:58:37+00:00;59;RATP;r. Saint-Hubert;3;;50148825;654556;6862840;true;true;48.863987547004065, 2.3805561951510223
50148832;1572203;2021-10-22T08:22:47+00:00;2024-05-29T15:58:33+00:00;59;RATP;r. Léon Blum;2;;50148832;674602;6860022;true;true;48.83974714524298, 2.6539651886257274
50148833;1572202;2021-10-22T08:22:47+00:00;2024-05-29T15:58:32+00:00;59;RATP;Montévrain;2;;50148833;683211;6861627;true;true;48.85446309412183, 2.7711942395677
50148835;1572200;2021-10-22T08:22:46+00:00;2024-05-29T15:58:31+00:00;59;RATP;r. du Bois Galon;3;;50148835;662539;6861757;true;true;48.85476185708011, 2.489463966839451
50148836;1572199;2021-10-22T08:22:46+00:00;2024-05-29T15:58:30+00:00;59;RATP;r. Dauphin;4;;50148836;653290;6856252;true;true;48.804650467425596, 2.3640234322582248
50148838;1572197;2021-10-22T08:22:46+00:00;2024-05-29T15:58:29+00:00;59;RATP;av. Aubert;2;;50148838;658430;6860965;true;true;48.84738735895361, 2.4335438492733763
50148839;1572196;2021-10-22T08:22:45+00:00;2024-05-29T15:58:28+00:00;59;RATP;Centre-ville;1;;50148839;658442;6860955;true;true;48.847298202494855, 2.4337083396340424
50148850;1572186;2021-10-22T08:22:43+00:00;2024-05-29T15:58:21+00:00;59;RATP;av. du Gén. Chanzy;4;;50148850;656331;6858691;true;true;48.826798187463204, 2.4051761726462013
50148865;1572175;2021-10-22T08:22:40+00:00;2024-05-29T15:58:13+00:00;59;RATP;pl. de la Gare;1;;50148865;641999;6845397;true;true;48.70610858005463, 2.2117761716702264
50148866;1572174;2021-10-22T08:22:40+00:00;2024-05-29T15:58:13+00:00;59;RATP;r. Charles Péguy;3;;50148866;642021;6845368;true;true;48.70584973038709, 2.212079060535544
50148870;1572170;2021-10-22T08:22:39+00:00;2024-05-29T15:58:10+00:00;59;RATP;Église Saint-Germain;2;;50148870;633617;6866758;true;true;48.897402373320695, 2.0945469202253375
50148871;1572169;2021-10-22T08:22:39+00:00;2024-05-29T15:58:09+00:00;59;RATP;Forum - Pte Saint-Eustache;5;;50148871;651986;6862732;true;true;48.86282988320504, 2.3455384777275894
50148873;1572167;2021-10-22T08:22:38+00:00;2024-05-29T15:58:08+00:00;59;RATP;Forum - Pte du Louvre;8;;50148873;651815;6862672;true;true;48.862277543735715, 2.3432145480664714
50148878;1572164;2021-10-22T08:22:38+00:00;2024-05-29T15:58:06+00:00;59;RATP;pass. St-Émilion;1;;50148878;654925;6859450;true;true;48.83352720324544, 2.385945140827289
50148879;1572163;2021-10-22T08:22:37+00:00;2024-05-29T15:58:05+00:00;59;RATP;r. François Truffaut;3;;50148879;654883;6859389;true;true;48.83297568391093, 2.3853794677968647
50148909;1572143;2021-10-22T08:22:33+00:00;2024-05-29T15:57:51+00:00;59;RATP;av. de France;2;;50148909;654270;6859114;true;true;48.830459370902354, 2.377058580597423
50148910;1572142;2021-10-22T08:22:33+00:00;2024-05-29T15:57:50+00:00;59;RATP;r. du Chevaleret;1;;50148910;654178;6859030;true;true;48.82969741310339, 2.3758144389606186
50149003;1572135;2021-10-22T08:22:31+00:00;2024-05-29T15:57:43+00:00;59;RATP;r. d'Aix;5;;50149003;653816;6863482;false;true;48.86970831943455, 2.370399959633328
50149176;1572126;2021-12-15T20:46:32+00:00;2024-05-29T15:57:36+00:00;59;RATP;av. Henri Barbusse;2;;50149176;649843;6856103;true;true;48.80305156932341, 2.317110861468751
50149336;1572112;2022-05-10T13:48:32+00:00;2024-05-29T15:57:27+00:00;59;RATP;av. de la République;5;;50149336;654627;6868422;true;true;48.91418962458464, 2.3809274283018094
50149616;1572108;2023-04-12T20:48:38+00:00;2024-05-29T15:57:24+00:00;59;RATP;r. du Guichet;5;;50149616;640518;6845303;true;true;48.70512848484422, 2.191664096221142
50149940;1572054;2024-05-29T15:57:10+00:00;2024-05-29T15:57:10+00:00;59;RATP;Entrée / Sortie;1;;50149940;653885;6849829;true;true;48.746927594120905, 2.3728188637176224
50149941;1572052;2024-05-29T15:57:10+00:00;2024-05-29T15:57:10+00:00;59;RATP;Entrée / Sortie;2;;50149941;653902;6849857;true;true;48.747180634608284, 2.373047036788538
50208197;1572024;2024-05-29T15:57:03+00:00;2024-05-29T15:57:03+00:00;59;RATP;av. du Général Leclerc;1;;50208197;650783;6859216;true;true;48.831119835256274, 2.329548510165771
50210089;1572018;2024-05-29T15:57:00+00:00;2024-05-29T15:57:00+00:00;59;RATP;pl. de la République;1;;50210089;654734;6856987;true;true;48.81136354114947, 2.3836051792263584
50210151;1571988;2024-05-29T15:56:53+00:00;2024-05-29T15:56:53+00:00;59;RATP;r. de Belleville;3;;50210151;655229;6864076;true;true;48.87514981862027, 2.3895992047270123
50210308;1571948;2024-05-29T15:56:43+00:00;2024-05-29T15:56:43+00:00;59;RATP;bd Dubreuil;1;;50210308;639794;6844465;true;true;48.69752448785597, 2.181943910949918
50210331;1571932;2024-05-29T15:56:38+00:00;2024-05-29T15:56:38+00:00;59;RATP;place de la Gare;1;;50210331;664305;6861616;true;true;48.85359410105531, 2.513543055139605
50210358;1571916;2024-05-29T15:56:34+00:00;2024-05-29T15:56:34+00:00;59;RATP;bd de la Boissière;2;;50210358;659958;6864391;true;true;48.87829394911302, 2.4540417799044003
50211316;1569867;2024-05-03T12:03:19+00:00;2024-05-06T10:00:55+00:00;1;SNCF;Boulevard de la Défense;1;Source IDFM;;643215;6866623;true;true;48.89710657784173, 2.225470998370505
50171334;1341799;2021-10-22T09:18:30+00:00;2024-02-14T15:26:11+00:00;1;SNCF;voie des Prés;;Source IDFM;475406;649694;6843206;true;true;48.687047496811516, 2.3166019938105613
50170583;1342897;2021-10-22T09:20:23+00:00;2023-08-29T16:22:24+00:00;1;SNCF;pl. de la Gare;;Source IDFM;476077;615080;6871609;true;true;48.938842991938586, 1.8407663460376775
50170916;1342231;2021-10-22T09:19:14+00:00;2023-02-21T16:53:27+00:00;1;SNCF;r. des Grands Moulins (RER);;Source IDFM;474642;654380;6858862;true;true;48.82820089204347, 2.378583971003255
50170439;1343185;2021-10-22T09:21:06+00:00;2022-06-27T15:56:16+00:00;1;SNCF;Entrée / Sortie;;Source IDFM - Escalier court et rampe;474483;663804;6866434;true;true;48.89689385363403, 2.5063050049560895
50170133;1343795;2021-10-22T09:22:09+00:00;2022-02-16T10:22:22+00:00;1;SNCF;av. de Louvois;;Source IDFM;475940;644250;6856705;true;true;48.808006211452344, 2.240887652948376
50170134;1343793;2021-10-22T09:22:08+00:00;2022-02-16T10:22:22+00:00;1;SNCF;av. de Louvois;;Source IDFM;475941;644288;6856697;true;true;48.807937550314, 2.2414060894392045
50170033;1343995;2021-10-22T09:22:31+00:00;2021-10-22T09:22:31+00:00;1;SNCF;1 av. du Chateau du Loir;;Source IDFM;475023;644861;6866694;true;true;48.897888129518556, 2.2479113034922698
50170037;1343987;2021-10-22T09:22:30+00:00;2021-10-22T09:22:30+00:00;1;SNCF;24 rue du départ;;Source IDFM;475127;649230;6875049;true;true;48.97337744837019, 2.3064998409347557
50170044;1343973;2021-10-22T09:22:29+00:00;2021-10-22T09:22:29+00:00;1;SNCF;Accès principal - voie 1  (r. du Général de Gaulle);;Source IDFM;474558;639734;6885950;true;true;49.07057201053855, 2.175241294107314
50170064;1343933;2021-10-22T09:22:24+00:00;2021-10-22T09:22:24+00:00;1;SNCF;av. Anatole France;;Source IDFM;475355;655399;6875348;true;true;48.97652364268299, 2.390731100143351
50170065;1343931;2021-10-22T09:22:24+00:00;2021-10-22T09:22:24+00:00;1;SNCF;av. Arblade;;Source IDFM;476801;647945;6857751;true;true;48.81772197688923, 2.2910694537851195
50170083;1343895;2021-10-22T09:22:19+00:00;2021-10-22T09:22:19+00:00;1;SNCF;av. de la Division Leclerc (Centre Ville);;Source IDFM;475468;643438;6849146;true;true;48.73995407513828, 2.2308344210906292
50170096;1343869;2021-10-22T09:22:16+00:00;2021-10-22T09:22:16+00:00;1;SNCF;av. de la Gare;;Source IDFM;475038;693090;6862152;true;true;48.85936622174195, 2.9058195989115756
50170102;1343857;2021-10-22T09:22:15+00:00;2021-10-22T09:22:15+00:00;1;SNCF;av. de la Gare;;Source IDFM;476010;703114;6857105;true;true;48.81400622636987, 3.0424055878203173
50170104;1343853;2021-10-22T09:22:14+00:00;2021-10-22T09:22:14+00:00;1;SNCF;av. de la Gare;;Source IDFM;475058;704649;6887907;true;true;49.090981112925945, 3.0636468800666194
50170121;1343819;2021-10-22T09:22:11+00:00;2021-10-22T09:22:11+00:00;1;SNCF;av. de la Gare (parking);;Source IDFM;475529;615541;6877533;true;true;48.99216844205602, 1.84587662002225
50170122;1343817;2021-10-22T09:22:11+00:00;2021-10-22T09:22:11+00:00;1;SNCF;av. de la Gare (parking);;Source IDFM;475945;619681;6879002;true;true;49.0059072142024, 1.9021627372170535
50170123;1343815;2021-10-22T09:22:11+00:00;2021-10-22T09:22:11+00:00;1;SNCF;av. de la Gare / av. des Près;4;Source IDFM;476624;629876;6854541;true;true;48.78714233329136, 2.0455392908376706
50170128;1343805;2021-10-22T09:22:10+00:00;2021-10-22T09:22:10+00:00;1;SNCF;av. de la Liberté;;Source IDFM;475408;680061;6849523;true;true;48.7455146665601, 2.728831846145583
50170141;1343779;2021-10-22T09:22:07+00:00;2021-10-22T09:22:07+00:00;1;SNCF;av. de Valmy;;Source IDFM;476123;656344;6837538;true;true;48.63655025134383, 2.4075151406915354
50170142;1343777;2021-10-22T09:22:07+00:00;2021-10-22T09:22:07+00:00;1;SNCF;av. de Valmy;;Source IDFM;476122;656345;6837562;true;true;48.63676619087532, 2.40752626794525
50170143;1343775;2021-10-22T09:22:07+00:00;2021-10-22T09:22:07+00:00;1;SNCF;av. de Verdun;;Source IDFM;475480;645612;6858042;true;true;48.82014637872831, 2.2592612657087203
50170146;1343769;2021-10-22T09:22:06+00:00;2021-10-22T09:22:06+00:00;1;SNCF;av. des Gresillons;;Source IDFM;475704;649763;6869110;true;true;48.92001507264454, 2.314484332250507
50170151;1343759;2021-10-22T09:22:05+00:00;2021-10-22T09:22:05+00:00;1;SNCF;av. du 8 Mai 1945;;Source IDFM;474949;656651;6851727;true;true;48.76418942275457, 2.4102432554876443
50170152;1343757;2021-10-22T09:22:05+00:00;2021-10-22T09:22:05+00:00;1;SNCF;av. du 8 mai 45;;Source IDFM;474950;656740;6851802;true;true;48.76486992202482, 2.4114464372260787
50170161;1343739;2021-10-22T09:22:03+00:00;2021-10-22T09:22:03+00:00;1;SNCF;av. du Docteur Marie;2;Source IDFM;476252;653880;6849969;true;true;48.74818636772291, 2.3727357395765316
50170166;1343729;2021-10-22T09:22:02+00:00;2021-10-22T09:22:02+00:00;1;SNCF;av. du Général de Gaulle;2;Source IDFM;476830;636012;6855952;true;true;48.800469547796475, 2.1288376697577975
50170171;1343719;2021-10-22T09:22:01+00:00;2021-10-22T09:22:01+00:00;1;SNCF;av. du Général de Gaulle;;Source IDFM;476837;668300;6871664;true;true;48.94416197717773, 2.567235885664992
50170174;1343713;2021-10-22T09:22:00+00:00;2021-10-22T09:22:00+00:00;1;SNCF;av. du Général Patton;;Source IDFM;475183;659693;6837203;true;true;48.633754381573794, 2.4529966464463864
50170178;1343705;2021-10-22T09:21:59+00:00;2021-10-22T09:21:59+00:00;1;SNCF;av. du Maréchal Foch;;Source IDFM;476021;700970;6829014;true;true;48.56134770775896, 3.0131455082436327
50170180;1343701;2021-10-22T09:21:59+00:00;2021-10-22T09:21:59+00:00;1;SNCF;av. du Maréchal Foch (quais);;Source IDFM;475996;687276;6865659;true;true;48.89081620463212, 2.8264723721444507
50170185;1343691;2021-10-22T09:21:58+00:00;2021-10-22T09:21:58+00:00;1;SNCF;av. Gabriel Péri;1;Source IDFM;476764;626978;6853228;true;true;48.77501284140475, 2.006323457096872
50170195;1343671;2021-10-22T09:21:56+00:00;2021-10-22T09:21:56+00:00;1;SNCF;av. Jean Jaurès;;Source IDFM;476497;662325;6863557;true;true;48.870936721094715, 2.4863879953152264
50170200;1343661;2021-10-22T09:21:55+00:00;2021-10-22T09:21:55+00:00;1;SNCF;av. Jean Jaurès;;Source IDFM;475517;638767;6851928;true;true;48.76454798324115, 2.166920644261742
50170202;1343657;2021-10-22T09:21:54+00:00;2021-10-22T09:21:54+00:00;1;SNCF;av. kellermann;;Source IDFM - Escalier;474830;648159;6875743;true;true;48.97953232278263, 2.291786115930521
50170228;1343605;2021-10-22T09:21:49+00:00;2021-10-22T09:21:49+00:00;1;SNCF;bd Circulaire;;Source IDFM;476075;632607;6879767;true;true;49.01427148989226, 2.0787017235498064
50170234;1343593;2021-10-22T09:21:48+00:00;2021-10-22T09:21:48+00:00;1;SNCF;bd des Provinces Françaises;1;Source IDFM;476033;642495;6867099;true;true;48.90132305628054, 2.2155865793779874
50170236;1343589;2021-10-22T09:21:48+00:00;2021-10-22T09:21:48+00:00;1;SNCF;bd du Docteur Galvani - pl. de la Gare;;Source IDFM;476642;653783;6877390;true;true;48.994770853157284, 2.368433662795595
50170249;1343563;2021-10-22T09:21:45+00:00;2021-10-22T09:21:45+00:00;1;SNCF;bd Vaugirard;;Source IDFM;475982;650006;6860370;true;true;48.84143800185765, 2.3188288533470227
50170260;1343541;2021-10-22T09:21:43+00:00;2021-10-22T09:21:43+00:00;1;SNCF;Chemin de Refectoire;;Source IDFM;476869;658727;6849567;true;true;48.744898943447005, 2.4386948436850115
50170262;1343537;2021-10-22T09:21:42+00:00;2021-10-22T09:21:42+00:00;1;SNCF;Chemin des Ardiles;;Source IDFM;475147;612724;6874396;true;true;48.96358670756278, 1.8080354056106067
50170267;1343527;2021-10-22T09:21:41+00:00;2021-10-22T09:21:41+00:00;1;SNCF;Chemin Latéral;;Source IDFM;476872;657843;6849004;true;true;48.73977826663168, 2.4267286124651717
50170272;1343517;2021-10-22T09:21:40+00:00;2021-10-22T09:21:40+00:00;1;SNCF;Cité Nord;;Source IDFM;476487;674324;6855143;true;true;48.795857170635436, 2.6504718748888876
50170279;1343503;2021-10-22T09:21:39+00:00;2021-10-22T09:21:39+00:00;1;SNCF;Cours Marc Seguin;;Source IDFM;475192;657898;6836289;true;true;48.6254188513601, 2.428727401396805
50170283;1343495;2021-10-22T09:21:38+00:00;2021-10-22T09:21:38+00:00;1;SNCF;D39;;Source IDFM;475578;692370;6808736;true;true;48.378880263909075, 2.896956378186814
50170289;1343483;2021-10-22T09:21:36+00:00;2021-10-22T09:21:36+00:00;1;SNCF;Gare Routière;;Source IDFM;475086;626804;6826393;true;true;48.53363725867076, 2.0085407705579787
50170300;1343461;2021-10-22T09:21:34+00:00;2021-10-22T09:21:34+00:00;1;SNCF;Hall Seine (accès RER C);;Source IDFM;475284;653511;6860405;true;true;48.842015145465695, 2.366578730208637
50170303;1343455;2021-10-22T09:21:33+00:00;2021-10-22T09:21:33+00:00;1;SNCF;Impasse de la Gare;;Source IDFM;475145;635823;6884221;true;true;49.0546474894656, 2.1219854323694403
50170309;1343443;2021-10-22T09:21:32+00:00;2021-10-22T09:21:32+00:00;1;SNCF;Entrée / Sortie;3;Source IDFM;474512;645640;6872209;true;true;48.94754675008595, 2.2578291203107144
50170318;1343425;2021-10-22T09:21:30+00:00;2021-10-22T09:21:30+00:00;1;SNCF;Entrée / Sortie;;Source IDFM;475918;616139;6868436;true;true;48.91045123869714, 1.8558481742995512
50170323;1343415;2021-10-22T09:21:29+00:00;2021-10-22T09:21:29+00:00;1;SNCF;Entrée / Sortie;;Source IDFM;476818;624167;6879061;true;true;49.00698284758719, 1.96346162384409
50170325;1343411;2021-10-22T09:21:29+00:00;2021-10-22T09:21:29+00:00;1;SNCF;Entrée / Sortie;;Source IDFM;476762;626984;6853172;true;true;48.77450990402315, 2.0064146842006374
50170327;1343407;2021-10-22T09:21:29+00:00;2021-10-22T09:21:29+00:00;1;SNCF;Entrée / Sortie;;Source IDFM;476766;627228;6876130;true;true;48.98098319751244, 2.0058013884165584
50170339;1343383;2021-10-22T09:21:26+00:00;2021-10-22T09:21:26+00:00;1;SNCF;Entrée / Sortie;;Source IDFM;475146;635844;6884231;true;true;49.05473949860242, 2.1222711919531214
50170340;1343381;2021-10-22T09:21:26+00:00;2021-10-22T09:21:26+00:00;1;SNCF;Entrée / Sortie;;Source IDFM;476611;636266;6881930;true;true;49.03409304047112, 2.128391647118761
50170379;1343305;2021-10-22T09:21:19+00:00;2021-10-22T09:21:19+00:00;1;SNCF;Entrée / Sortie;;Source IDFM;476493;654151;6866442;true;true;48.896350680748576, 2.3746470655361525
50170381;1343301;2021-10-22T09:21:18+00:00;2021-10-22T09:21:18+00:00;1;SNCF;Entrée / Sortie;;Source IDFM;475549;654986;6869558;true;true;48.92443022799563, 2.3857048739708375
50170387;1343289;2021-10-22T09:21:17+00:00;2021-10-22T09:21:17+00:00;1;SNCF;Entrée / Sortie;;Source IDFM;474954;656697;6851776;true;true;48.764633202067955, 2.4108640817928455
50170396;1343271;2021-10-22T09:21:15+00:00;2021-10-22T09:21:15+00:00;1;SNCF;Entrée / Sortie;;Source IDFM;475184;659633;6837302;true;true;48.634641117760005, 2.4521730959818697
50170403;1343257;2021-10-22T09:21:14+00:00;2021-10-22T09:21:14+00:00;1;SNCF;Entrée / Sortie;;Source IDFM;476881;670895;6872664;true;true;48.95327697171604, 2.6025931427373656
50170407;1343249;2021-10-22T09:21:13+00:00;2021-10-22T09:21:13+00:00;1;SNCF;Entrée / Sortie;;Source IDFM;475926;674468;6825347;true;true;48.52785868101856, 2.6542083741476605
50170411;1343241;2021-10-22T09:21:12+00:00;2021-10-22T09:21:12+00:00;1;SNCF;Entrée / Sortie;;Source IDFM;476893;691420;6862576;true;true;48.863159244536476, 2.8830496704486523
50170417;1343229;2021-10-22T09:21:11+00:00;2021-10-22T09:21:11+00:00;1;SNCF;Entrée / Sortie;;Source IDFM - Accès côté gauche bâtiment voyageur;474786;585982;6870582;true;true;48.92511012975191, 1.443918692389248
50170421;1343221;2021-10-22T09:21:10+00:00;2021-10-22T09:21:10+00:00;1;SNCF;Entrée / Sortie;;Source IDFM - Accès principal;474466;632455;6874852;true;true;48.97006244837708, 2.077409006043657
50170422;1343219;2021-10-22T09:21:10+00:00;2021-10-22T09:21:10+00:00;1;SNCF;Entrée / Sortie;;Source IDFM - Accès principal;474511;645622;6872096;true;true;48.94652912486601, 2.257597887538753
50170427;1343209;2021-10-22T09:21:09+00:00;2021-10-22T09:21:08+00:00;1;SNCF;Entrée / Sortie;;Source IDFM - Accès via gare routière;474509;645579;6872173;true;true;48.94721787722004, 2.25700096807866
50170440;1343183;2021-10-22T09:21:05+00:00;2021-10-22T09:21:05+00:00;1;SNCF;Entrée / Sortie;;Source IDFM - Escalier vers souterrain;474847;701798;6873265;true;true;48.95933749253451, 3.02455309420796
50170441;1343181;2021-10-22T09:21:05+00:00;2021-10-22T09:21:05+00:00;1;SNCF;Entrée / Sortie;;Source IDFM - Escalier vers voie F et G;474524;647338;6867602;true;true;48.906260683808426, 2.2815826709446783
50170443;1343177;2021-10-22T09:21:04+00:00;2021-10-22T09:21:04+00:00;1;SNCF;Entrée / Sortie;;Source IDFM;475864;606022;6876723;true;true;48.983564269073995, 1.716002221954887
50170451;1343161;2021-10-22T09:21:03+00:00;2021-10-22T09:21:03+00:00;1;SNCF;Entrée / Sortie;;Source IDFM;475754;668238;6836518;true;true;48.62806893407943, 2.5690083434113333
50170455;1343153;2021-10-22T09:21:02+00:00;2021-10-22T09:21:02+00:00;1;SNCF;Parking;;Source IDFM;475218;679781;6812889;true;true;48.415973310323224, 2.7267480005001885
50170462;1343139;2021-10-22T09:21:00+00:00;2021-10-22T09:21:00+00:00;1;SNCF;Parking - r. de la Noue;;Source IDFM;475647;672471;6826417;true;true;48.537402209573564, 2.627094034944663
50170465;1343133;2021-10-22T09:20:59+00:00;2021-10-22T09:20:59+00:00;1;SNCF;Parking - Sud-Est;;Source IDFM;475891;690367;6848313;true;true;48.73486783706399, 2.8690191869663693
50170467;1343129;2021-10-22T09:20:58+00:00;2021-10-22T09:20:58+00:00;1;SNCF;Parking (Nord);;Source IDFM;474990;632192;6877257;true;true;48.99165946941399, 2.073431592103711
50170469;1343125;2021-10-22T09:20:58+00:00;2021-10-22T09:20:58+00:00;1;SNCF;Parking -av. de la Résistance;;Source IDFM;476125;656360;6837497;true;true;48.63618254951269, 2.4077364528061165
50170470;1343123;2021-10-22T09:20:57+00:00;2021-10-22T09:20:57+00:00;1;SNCF;Parking Chemin Latéral Côté Pair;;Source IDFM;476825;625696;6876108;true;true;48.980610114274214, 1.9848776125124825
50170472;1343119;2021-10-22T09:20:57+00:00;2021-10-22T09:20:57+00:00;1;SNCF;Parking coté Ouest;;Source IDFM;475886;617256;6866541;true;true;48.89355612713311, 1.8714552864312675
50170477;1343109;2021-10-22T09:20:55+00:00;2021-10-22T09:20:55+00:00;1;SNCF;Parking Nord;;Source IDFM;476139;677206;6852357;true;true;48.77090894920612, 2.689853158050854
50170478;1343107;2021-10-22T09:20:54+00:00;2021-10-22T09:20:54+00:00;1;SNCF;Parking Route de Champbenoist;;Source IDFM;476407;722374;6828409;true;true;48.5555197726697, 3.3031810543360662
50170480;1343103;2021-10-22T09:20:53+00:00;2021-10-22T09:20:53+00:00;1;SNCF;Parking route de Massoury;;Source IDFM - Escalier;475225;681607;6820812;true;true;48.48730456690463, 2.7510879823918715
50170481;1343101;2021-10-22T09:20:53+00:00;2021-10-22T09:20:53+00:00;1;SNCF;Parking rue de la Gare;;Source IDFM;476894;617579;6857823;true;true;48.81520254717722, 1.8775501993767976
50170485;1343093;2021-10-22T09:20:50+00:00;2021-10-22T09:20:50+00:00;1;SNCF;Passage François Pilâtre de Rozier;2;Source IDFM;476835;636486;6856989;true;true;48.80984223103783, 2.1351357794561032
50170489;1343085;2021-10-22T09:20:48+00:00;2021-10-22T09:20:48+00:00;1;SNCF;pl. André Foulon;;Source IDFM - Accès côté droit bâtiment voyageur;474831;648159;6875767;true;true;48.97974812668487, 2.291783175328905
50170492;1343079;2021-10-22T09:20:46+00:00;2021-10-22T09:20:46+00:00;1;SNCF;pl. Augustin Mounie;;Source IDFM - Bâtiment Voyageur;474939;649454;6850000;true;true;48.748133778275644, 2.3125382816331697
50170496;1343071;2021-10-22T09:20:44+00:00;2021-10-22T09:20:44+00:00;1;SNCF;pl. Charles de Gaulle;1;Source IDFM;476622;629846;6854483;true;true;48.786617470968686, 2.045140545276673
50170501;1343061;2021-10-22T09:20:42+00:00;2021-10-22T09:20:42+00:00;1;SNCF;pl. Davout;;Source IDFM;476651;652299;6841916;true;true;48.67564240837218, 2.352132600948539
50170511;1343041;2021-10-22T09:20:38+00:00;2021-10-22T09:20:38+00:00;1;SNCF;pl. de la Gare;;Source  IDFM;476917;654836;6841947;true;true;48.67610347999042, 2.386585035709501
50170514;1343035;2021-10-22T09:20:37+00:00;2021-10-22T09:20:37+00:00;1;SNCF;pl. de la Gare;;Source IDFM;475456;597330;6856004;true;true;48.79593918767212, 1.6022797197907808
50170523;1343017;2021-10-22T09:20:35+00:00;2021-10-22T09:20:35+00:00;1;SNCF;pl. de la Gare;;Source IDFM;476232;629561;6870724;true;true;48.932633887029766, 2.038570438035121
50170525;1343013;2021-10-22T09:20:34+00:00;2021-10-22T09:20:34+00:00;1;SNCF;pl. de la Gare;;Source IDFM;474960;646568;6857324;true;true;48.81376924514749, 2.2723708960438325
50170527;1343009;2021-10-22T09:20:34+00:00;2021-10-22T09:20:34+00:00;1;SNCF;pl. de la Gare;;Source IDFM;474757;648570;6834276;true;true;48.60663819724821, 2.3024051503591787
50170528;1343007;2021-10-22T09:20:34+00:00;2021-10-22T09:20:34+00:00;1;SNCF;pl. de la Gare;;Source IDFM;476553;649424;6839458;true;true;48.653315677051495, 2.3133770079053004
50170530;1343003;2021-10-22T09:20:33+00:00;2021-10-22T09:20:33+00:00;1;SNCF;pl. de la gare;;Source IDFM;476544;652087;6870784;true;true;48.93524544900962, 2.3460061111004578
50170531;1343001;2021-10-22T09:20:33+00:00;2021-10-22T09:20:33+00:00;1;SNCF;pl. de la Gare;;Source IDFM;476545;652089;6870689;true;true;48.93439133341455, 2.3460441480249083
50170538;1342987;2021-10-22T09:20:32+00:00;2021-10-22T09:20:32+00:00;1;SNCF;pl. de la Gare;;Source IDFM;475779;663576;6883402;true;true;49.049458340329245, 2.501734913539568
50170542;1342979;2021-10-22T09:20:31+00:00;2021-10-22T09:20:31+00:00;1;SNCF;pl. de la Gare;;Source IDFM;475665;664257;6865580;true;true;48.88923936422993, 2.512555440453236
50170558;1342947;2021-10-22T09:20:28+00:00;2021-10-22T09:20:28+00:00;1;SNCF;pl. de la Gare;;Source IDFM;476003;691773;6834858;true;true;48.61386457786638, 2.888395252336679
50170559;1342945;2021-10-22T09:20:27+00:00;2021-10-22T09:20:27+00:00;1;SNCF;pl. de la Gare;;Source IDFM;476004;691803;6834829;true;true;48.61360410116445, 2.8888027758298107
50170572;1342919;2021-10-22T09:20:25+00:00;2021-10-22T09:20:25+00:00;1;SNCF;pl. de la Gare;;Source IDFM;476044;716113;6874898;true;true;48.97382249895415, 3.220097194155835
50170578;1342907;2021-10-22T09:20:24+00:00;2021-10-22T09:20:24+00:00;1;SNCF;pl. de la Gare;;Source IDFM - Accès sur le côté gauche du bâtiment voyageur;474742;677217;6803659;true;true;48.33284874225644, 2.692582494964248
50170587;1342889;2021-10-22T09:20:22+00:00;2021-10-22T09:20:22+00:00;1;SNCF;pl. de la Gare;;Source IDFM;475573;639992;6875917;true;true;48.98038633416179, 2.1801973194489954
50170590;1342883;2021-10-22T09:20:21+00:00;2021-10-22T09:20:21+00:00;1;SNCF;pl. de la gare;;Source IDFM;475178;640471;6821806;true;true;48.49377516758218, 2.194283535365626
50170603;1342857;2021-10-22T09:20:19+00:00;2021-10-22T09:20:19+00:00;1;SNCF;pl. de la Gare;;Source IDFM;476841;653886;6890975;true;true;49.116924382288175, 2.368356147261697
50170605;1342853;2021-10-22T09:20:19+00:00;2021-10-22T09:20:19+00:00;1;SNCF;pl. de la Gare;;Source IDFM;475017;689296;6864755;true;true;48.88272333184261, 2.854043489339955
50170607;1342849;2021-10-22T09:20:18+00:00;2021-10-22T09:20:18+00:00;1;SNCF;pl. de la Gare;;Source IDFM;474717;650484;6883002;true;true;49.04498552383052, 2.322696386290887
50170612;1342839;2021-10-22T09:20:17+00:00;2021-10-22T09:20:17+00:00;1;SNCF;pl. de la Gare (bâtiment voyageur);;Source IDFM;474761;640385;6831074;true;true;48.57713470943295, 2.19183580089598
50170613;1342837;2021-10-22T09:20:17+00:00;2021-10-22T09:20:17+00:00;1;SNCF;pl. de la Gare (bâtiment voyageur);;Source IDFM;474718;650486;6883018;true;true;49.04512953889855, 2.32272186478267
50170627;1342809;2021-10-22T09:20:14+00:00;2021-10-22T09:20:14+00:00;1;SNCF;pl. de la Gare des Vallées;;Source IDFM;475736;645609;6868412;true;true;48.91340072529208, 2.2578930953964695
50170633;1342797;2021-10-22T09:20:13+00:00;2021-10-22T09:20:13+00:00;1;SNCF;pl. de la Liberté;;Source IDFM - Accès principal vers T4;474693;661857;6866150;true;true;48.89422751244179, 2.4797751859770556
50170634;1342795;2021-10-22T09:20:13+00:00;2021-10-22T09:20:13+00:00;1;SNCF;pl. de la Liberté;;Source IDFM - Accès via bâtiment voyageur;474692;661803;6866174;true;true;48.89444013577022, 2.4790365524690463
50170637;1342789;2021-10-22T09:20:12+00:00;2021-10-22T09:20:12+00:00;1;SNCF;pl. de la Résistance;;Source IDFM;475691;623545;6877430;true;true;48.99224442584469, 1.9552556298552115
50170638;1342787;2021-10-22T09:20:12+00:00;2021-10-22T09:20:12+00:00;1;SNCF;pl. de la Résistance (Accès Quai A);1;Source IDFM;476237;648732;6862726;true;true;48.86252516542477, 2.301187343130926
50170647;1342769;2021-10-22T09:20:10+00:00;2021-10-22T09:20:10+00:00;1;SNCF;pl. de Rothenburg;;Source IDFM;474533;656082;6846023;true;true;48.71284981226998, 2.4030890038321244
50170648;1342767;2021-10-22T09:20:10+00:00;2021-10-22T09:20:10+00:00;1;SNCF;pl. de Rothenburg (Centre ville);;Source IDFM;474534;656064;6846000;true;true;48.71264172416136, 2.402846730386131
50170658;1342747;2021-10-22T09:20:08+00:00;2021-10-22T09:20:08+00:00;1;SNCF;pl. des Droits de l'Homme;;Source IDFM;475596;653281;6868896;true;true;48.91835573077611, 2.3625110797163695
50170662;1342739;2021-10-22T09:20:07+00:00;2021-10-22T09:20:07+00:00;1;SNCF;pl. du 19 mars 1962;;Source IDFM;475979;680620;6804066;true;true;48.33662081716923, 2.7384815892268635
50170664;1342735;2021-10-22T09:20:07+00:00;2021-10-22T09:20:07+00:00;1;SNCF;pl. du 8 Mai 1945;1;Source IDFM;476201;638099;6880291;true;true;49.019535657334934, 2.1536975182484412
50170673;1342717;2021-10-22T09:20:05+00:00;2021-10-22T09:20:05+00:00;1;SNCF;pl. du 8 Mai 1945;;Source IDFM;475861;605107;6877437;true;true;48.98984934885852, 1.7033428656662475
50170675;1342713;2021-10-22T09:20:05+00:00;2021-10-22T09:20:05+00:00;1;SNCF;pl. du 8 mai 1945;;Source IDFM;475933;658177;6830223;true;true;48.57087343016833, 2.433103865177362
50170678;1342707;2021-10-22T09:20:04+00:00;2021-10-22T09:20:04+00:00;1;SNCF;pl. du 8 mai 1945 (secondaire);;Source IDFM;475388;660736;6880584;true;true;49.02395288488974, 2.4631481399817416
50170679;1342705;2021-10-22T09:20:04+00:00;2021-10-22T09:20:04+00:00;1;SNCF;pl. du Colonel Coutisson;;Source IDFM;474996;633994;6877772;true;true;48.99647769122341, 2.0979726225163113
50170683;1342697;2021-10-22T09:20:03+00:00;2021-10-22T09:20:03+00:00;1;SNCF;pl. du Général de Gaulle;1;Source IDFM;476812;637804;6859982;true;true;48.83688663637577, 2.1526441365841116
50170703;1342657;2021-10-22T09:19:59+00:00;2021-10-22T09:19:59+00:00;1;SNCF;pl. du Président Robert Lakota;;Source IDFM;476845;656929;6845523;true;true;48.70840978893868, 2.414650944705923
50170704;1342655;2021-10-22T09:19:59+00:00;2021-10-22T09:19:59+00:00;1;SNCF;pl. du Souvenir Français (bâtiment voyageur);;Source IDFM - Accès bâtiment voyageur;474618;643442;6857931;true;true;48.81896142103011, 2.2297234818468996
50170706;1342651;2021-10-22T09:19:58+00:00;2021-10-22T09:19:58+00:00;1;SNCF;pl. du Théâtre (Accès parking) / pl. Robert Belvaux;;Source IDFM;476079;662908;6859938;true;true;48.838424748147816, 2.4946513849202847
50170707;1342649;2021-10-22T09:19:58+00:00;2021-10-22T09:19:58+00:00;1;SNCF;pl. Félix Eboue;;Source IDFM;476494;661982;6864863;true;true;48.88266122950929, 2.4815952254024607
50170708;1342647;2021-10-22T09:19:58+00:00;2021-10-22T09:19:58+00:00;1;SNCF;pl. Fernand Prud Homme;;Source IDFM;476430;613909;6838806;true;true;48.64369875648183, 1.8314099829878299
50170720;1342623;2021-10-22T09:19:55+00:00;2021-10-22T09:19:55+00:00;1;SNCF;pl. Henri Barbusse;;Source IDFM;475003;661225;6835007;true;true;48.61409541094763, 2.473985202952504
50170730;1342603;2021-10-22T09:19:53+00:00;2021-10-22T09:19:53+00:00;1;SNCF;pl. Louis Valtou;;Source IDFM;475969;612992;6856481;true;true;48.80253179132122, 1.8153654660067002
50170742;1342579;2021-10-22T09:19:51+00:00;2021-10-22T09:19:51+00:00;1;SNCF;pl. Pierre Sémard (secondaire);;Source IDFM;475012;640968;6874587;true;true;48.968517661457106, 2.1937155896737233
50170746;1342571;2021-10-22T09:19:50+00:00;2021-10-22T09:19:50+00:00;1;SNCF;pl. Roger Nicolas;;Source IDFM;476141;677199;6852334;true;true;48.77070184393505, 2.6897591430073757
50170755;1342553;2021-10-22T09:19:48+00:00;2021-10-22T09:19:48+00:00;1;SNCF;Pont Jean Monnet;;Source IDFM;475849;637374;6872076;true;true;48.94559907354893, 2.1450022649363443
50170760;1342543;2021-10-22T09:19:47+00:00;2021-10-22T09:19:47+00:00;1;SNCF;Quai Ferdinand Soupeaux;;Source IDFM;475227;681624;6820789;true;true;48.48709814163293, 2.7513190217133383
50170761;1342541;2021-10-22T09:19:47+00:00;2021-10-22T09:19:47+00:00;1;SNCF;Quai Ferdinand Soupeaux;;Source IDFM - Escalier;475226;681600;6820795;true;true;48.487151437007206, 2.75099397767904
50170763;1342537;2021-10-22T09:19:47+00:00;2021-10-22T09:19:47+00:00;1;SNCF;r. Ambroise Croizat;;Source IDFM;476546;652083;6870756;true;true;48.93499336791959, 2.3459546807436493
50170764;1342535;2021-10-22T09:19:47+00:00;2021-10-22T09:19:47+00:00;1;SNCF;r. Anatole France;3;Source IDFM;476603;648911;6837419;true;true;48.634935525833576, 2.306655900530319
50170765;1342533;2021-10-22T09:19:46+00:00;2021-10-22T09:19:46+00:00;1;SNCF;r. Anatole France;1;Source IDFM;476601;648909;6837487;true;true;48.63554699967382, 2.3066206558884526
50170768;1342527;2021-10-22T09:19:46+00:00;2021-10-22T09:19:46+00:00;1;SNCF;r. Anatole France;;Source IDFM;474926;640395;6856383;true;true;48.80476559744529, 2.188445203872202
50170770;1342523;2021-10-22T09:19:45+00:00;2021-10-22T09:19:45+00:00;1;SNCF;r. Aristide Briand (secondaire);;Source IDFM;476135;631102;6885237;true;true;49.06329285953252, 2.0572367435841348
50170779;1342505;2021-10-22T09:19:43+00:00;2021-10-22T09:19:43+00:00;1;SNCF;r. Charles de Gaulle - r. de la Station;;Source IDFM;475418;652637;6876194;true;true;48.98393320915652, 2.352907923932916
50170781;1342501;2021-10-22T09:19:43+00:00;2021-10-22T09:19:43+00:00;1;SNCF;r. Dailly;2;Source IDFM;476538;642563;6860829;true;true;48.84494532400325, 2.2173617741887792
50170790;1342483;2021-10-22T09:19:41+00:00;2021-10-22T09:19:41+00:00;1;SNCF;r. de Fontenelle;;Source IDFM;475894;633775;6863915;true;true;48.871853274326384, 2.097145193660054
50170795;1342473;2021-10-22T09:19:40+00:00;2021-10-22T09:19:40+00:00;1;SNCF;r. de la Fontaine;;Source IDFM;476579;686502;6809248;true;true;48.383391197170965, 2.81769293146305
50170796;1342471;2021-10-22T09:19:40+00:00;2021-10-22T09:19:40+00:00;1;SNCF;r. de la Gare;;Source  IDFM;476936;670401;6823940;true;true;48.515028828752264, 2.5992247191127067
50170805;1342453;2021-10-22T09:19:38+00:00;2021-10-22T09:19:38+00:00;1;SNCF;r. de la Gare;;Source IDFM;476581;686363;6809111;true;true;48.38215574671763, 2.8158198884597936
50170809;1342445;2021-10-22T09:19:38+00:00;2021-10-22T09:19:38+00:00;1;SNCF;r. de la Gare;;Source IDFM;475568;709172;6872320;true;true;48.95077678728211, 3.125230256017782
50170810;1342443;2021-10-22T09:19:37+00:00;2021-10-22T09:19:37+00:00;1;SNCF;r. de la Gare;;Source IDFM - Accès direct voie 2 côté droit bâtiment voyageur;474820;670039;6829554;true;true;48.56551299090496, 2.59393236194028
50170813;1342437;2021-10-22T09:19:37+00:00;2021-10-22T09:19:37+00:00;1;SNCF;r. de la Gare;;Source IDFM;474971;620695;6849829;true;true;48.743703457003754, 1.9214669245891518
50170822;1342419;2021-10-22T09:19:35+00:00;2021-10-22T09:19:35+00:00;1;SNCF;r. de la Gare (bâtiment voyageur);;Source IDFM;474765;638860;6829735;true;true;48.56494833049902, 2.1713542883917616
50170824;1342415;2021-10-22T09:19:35+00:00;2021-10-22T09:19:35+00:00;1;SNCF;r. de la Gare (côté voie 1 / r. de Gironville);;Source IDFM - Accès direct en bout de quai (voie 1);474787;654605;6807949;true;true;48.37025938445133, 2.3870321910598347
50170826;1342411;2021-10-22T09:19:34+00:00;2021-10-22T09:19:34+00:00;1;SNCF;r. de la Gare (guichet);;Source IDFM;476126;604771;6859313;true;true;48.82683650798873, 1.7028204899927393
50170828;1342407;2021-10-22T09:19:34+00:00;2021-10-22T09:19:34+00:00;1;SNCF;r. de la Gare (passage à niveau);;Source IDFM;474768;638777;6829673;true;true;48.564382802891586, 2.1702382812079666
50170829;1342405;2021-10-22T09:19:34+00:00;2021-10-22T09:19:34+00:00;1;SNCF;r. de la gare (Passerelle);;Source IDFM;475609;678298;6864729;true;true;48.88221277743678, 2.7040804604533824
50170843;1342377;2021-10-22T09:19:31+00:00;2021-10-22T09:19:31+00:00;1;SNCF;r. de la République;;Source IDFM;476694;680308;6786872;true;true;48.18190865338506, 2.735049932372198
50170853;1342357;2021-10-22T09:19:29+00:00;2021-10-22T09:19:29+00:00;1;SNCF;r. de l'Amiral Léon Martin;;Source IDFM;475938;644425;6857424;true;true;48.81448740036588, 2.2431765387446316
50170854;1342355;2021-10-22T09:19:28+00:00;2021-10-22T09:19:28+00:00;1;SNCF;r. de l'aqueduc;;Source IDFM;475800;652937;6864615;true;true;48.87983349348028, 2.3582920590315126
50170856;1342351;2021-10-22T09:19:28+00:00;2021-10-22T09:19:28+00:00;1;SNCF;r. de l'Arrivée;;Source IDFM;475575;644285;6867987;true;true;48.90946571981319, 2.239885454961321
50170859;1342345;2021-10-22T09:19:27+00:00;2021-10-22T09:19:27+00:00;1;SNCF;r. de l'Espérance (bâtiment voyageur);;Source IDFM- Accès principal via bâtiment voyageur;474812;627769;6883631;true;true;49.04848712624965, 2.011909388675279
50170860;1342343;2021-10-22T09:19:27+00:00;2021-10-22T09:19:27+00:00;1;SNCF;r. de l'Est;;Source IDFM;475126;672130;6856195;true;true;48.80522731455459, 2.6205365112722223
50170861;1342341;2021-10-22T09:19:27+00:00;2021-10-22T09:19:27+00:00;1;SNCF;r. de Longchamp;;Source IDFM;474566;646747;6863435;true;true;48.868739989685935, 2.2740432885776447
50170866;1342331;2021-10-22T09:19:25+00:00;2021-10-22T09:19:25+00:00;1;SNCF;r. de Milly;;Source IDFM;475854;655008;6810422;true;true;48.39253567649191, 2.392216652720468
50170884;1342295;2021-10-22T09:19:21+00:00;2021-10-22T09:19:21+00:00;1;SNCF;r. de Robinson (principale);;Source IDFM;475172;660462;6834134;true;true;48.60619668372372, 2.4637152269972984
50170904;1342255;2021-10-22T09:19:16+00:00;2021-10-22T09:19:16+00:00;1;SNCF;r. des Bourguignons;;Source IDFM;474676;646681;6868430;true;true;48.91365229467493, 2.2725162880165604
50170906;1342251;2021-10-22T09:19:15+00:00;2021-10-22T09:19:15+00:00;1;SNCF;r. des Briqueteries (côté voie 1);;Source IDFM - passage d'accès direct aux voies;474622;653363;6888901;true;true;49.098239650803826, 2.3614224330604925
50170921;1342221;2021-10-22T09:19:13+00:00;2021-10-22T09:19:13+00:00;1;SNCF;r. des Rosiers;;Source IDFM;476644;653755;6877388;true;true;48.99475085522233, 2.368051271170327
50170930;1342203;2021-10-22T09:19:11+00:00;2021-10-22T09:19:11+00:00;1;SNCF;r. des Trois Villes;;Source IDFM;476742;676619;6878791;true;true;49.00860517907481, 2.680410496722913
50171136;1342195;2021-10-22T09:19:10+00:00;2021-10-22T09:19:10+00:00;1;SNCF;r. des Vosges;2;Source IDFM;476522;652417;6849137;true;true;48.74059734342131, 2.3529315200410985
50171140;1342187;2021-10-22T09:19:09+00:00;2021-10-22T09:19:09+00:00;1;SNCF;r. d'Ivry;4;Source IDFM;476923;656094;6855874;true;true;48.80144798248244, 2.402238542948465
50171141;1342185;2021-10-22T09:19:09+00:00;2021-10-22T09:19:09+00:00;1;SNCF;r. Dora Maar;1;Source IDFM;476606;650331;6867492;true;true;48.90550943260483, 2.322424120889218
50171151;1342165;2021-10-22T09:19:07+00:00;2021-10-22T09:19:07+00:00;1;SNCF;r. du Château (voie 1);;Source IDFM - Accès direct à la voie 1;474687;668506;6825522;true;true;48.5291706207621, 2.5734508835197265
50171152;1342163;2021-10-22T09:19:07+00:00;2021-10-22T09:19:07+00:00;1;SNCF;r. du Château de Belesbat;;Source IDFM - Accès direct (chemin) en bout de voie 1;474752;653804;6815216;true;true;48.43557913239977, 2.375440630321918
50171155;1342157;2021-10-22T09:19:06+00:00;2021-10-22T09:19:06+00:00;1;SNCF;r. du Chemin de Fer;;Source IDFM;475186;659616;6837292;true;true;48.63455010945367, 2.451943335638103
50171167;1342133;2021-10-22T09:19:04+00:00;2021-10-22T09:19:04+00:00;1;SNCF;r. du Commandant René Mouchotte;;Source IDFM - Escalier et Escalator - Accès sur le côté du bâtiment voyageur;475984;650193;6860213;true;true;48.840040580442704, 2.321394996799707
50171173;1342121;2021-10-22T09:19:03+00:00;2021-10-22T09:19:03+00:00;1;SNCF;r. du Général de Gaulle;;Source IDFM;476046;716187;6874898;true;true;48.97382063991319, 3.2211079995567204
50171181;1342105;2021-10-22T09:19:01+00:00;2021-10-22T09:19:01+00:00;1;SNCF;r. du Maréchal Foch;1;Source IDFM;476834;636495;6856974;true;true;48.80970822181827, 2.135260558565919
50171186;1342095;2021-10-22T09:19:00+00:00;2021-10-22T09:19:00+00:00;1;SNCF;r. du Midi;;Source IDFM;476503;599773;6878371;true;true;48.997436966444525, 1.6302497485923653
50171189;1342089;2021-10-22T09:18:59+00:00;2021-10-22T09:18:59+00:00;1;SNCF;r. du Moulin de Senlis;;Source IDFM;475974;660444;6845497;true;true;48.7084007396809, 2.4624218146568975
50171191;1342085;2021-10-22T09:18:59+00:00;2021-10-22T09:18:59+00:00;1;SNCF;r. du petit bièvres / Jognieres;;Source IDFM;474650;642212;6850467;true;true;48.75172610493047, 2.2139847821022065
50171195;1342077;2021-10-22T09:18:58+00:00;2021-10-22T09:18:58+00:00;1;SNCF;r. du Pierrier;;Source IDFM;475669;642467;6862108;true;true;48.85643856831921, 2.215880705171298
50171198;1342071;2021-10-22T09:18:58+00:00;2021-10-22T09:18:58+00:00;1;SNCF;r. du Professeur Florian Delbarre;1;Source IDFM;476257;646519;6860180;true;true;48.839449384305524, 2.271344773627623
50171200;1342067;2021-10-22T09:18:57+00:00;2021-10-22T09:18:57+00:00;1;SNCF;r. du Transvaal;;Source IDFM;475740;645541;6868431;true;true;48.91356582927509, 2.256962923678623
50171202;1342063;2021-10-22T09:18:57+00:00;2021-10-22T09:18:57+00:00;1;SNCF;r. Edmond Bonte;;Source IDFM;476479;656857;6840086;true;true;48.65950288344075, 2.4142206209667307
50171204;1342059;2021-10-22T09:18:56+00:00;2021-10-22T09:18:56+00:00;1;SNCF;r. Emile Combres (1);;Source IDFM;475997;650473;6885355;true;true;49.06614099262756, 2.322269691199734
50171208;1342051;2021-10-22T09:18:56+00:00;2021-10-22T09:18:56+00:00;1;SNCF;r. Etienne Dolet;;Source IDFM;475627;657963;6870270;true;true;48.93103418757597, 2.4262591909264204
50171209;1342049;2021-10-22T09:18:55+00:00;2021-10-22T09:18:55+00:00;1;SNCF;r. Eugène Berr;;Source IDFM;474998;634025;6877875;true;true;48.997406994932895, 2.098380155163072
50171213;1342041;2021-10-22T09:18:54+00:00;2021-10-22T09:18:54+00:00;1;SNCF;r. Félix Faure;;Source IDFM;475164;686104;6867041;true;true;48.90322009947081, 2.8104436604232936
50171215;1342037;2021-10-22T09:18:54+00:00;2021-10-22T09:18:54+00:00;1;SNCF;r. Ferdinant Pelloutier;2;Source IDFM;476413;643852;6865200;true;true;48.88436611273216, 2.234347118509534
50171219;1342029;2021-10-22T09:18:53+00:00;2021-10-22T09:18:53+00:00;1;SNCF;r. Gabriel Péri;;Source IDFM;474463;657357;6847511;true;true;48.72631838845894, 2.4202690399321876
50171230;1342007;2021-10-22T09:18:51+00:00;2021-10-22T09:18:51+00:00;1;SNCF;r. Henri Duveyrier;;Source IDFM;476678;642330;6858171;true;true;48.82102124045369, 2.2145473728901806
50171232;1342003;2021-10-22T09:18:50+00:00;2021-10-22T09:18:50+00:00;1;SNCF;r. Jean Jaurès;;Source IDFM;476901;657366;6877247;true;true;48.99373272573708, 2.4174087789576575
50171234;1341999;2021-10-22T09:18:50+00:00;2021-10-22T09:18:50+00:00;1;SNCF;r. Jean Jaurès;;Source IDFM;476899;657296;6877322;true;true;48.9944024646125, 2.4164446937277977
50171239;1341989;2021-10-22T09:18:49+00:00;2021-10-22T09:18:49+00:00;1;SNCF;r. Jean Zay;2;Source IDFM;476765;626969;6853174;true;true;48.77452619264956, 2.0062102466178535
50171244;1341979;2021-10-22T09:18:48+00:00;2021-10-22T09:18:48+00:00;1;SNCF;r. Louis Delacarte;;Source  IDFM - Escalier;476945;662000;6845268;true;true;48.70643447485069, 2.483588070342455
50171246;1341975;2021-10-22T09:18:48+00:00;2021-10-22T09:18:48+00:00;1;SNCF;r. Louis Pasteur (accès principal);;Source IDFM;474836;644649;6893149;true;true;49.135738885345624, 2.241553987327005
50171247;1341973;2021-10-22T09:18:47+00:00;2021-10-22T09:18:47+00:00;1;SNCF;r. Marcel Neyrat;;Source IDFM;474851;701779;6873239;true;true;48.959103743956526, 3.0242935251512684
50171258;1341951;2021-10-22T09:18:45+00:00;2021-10-22T09:18:45+00:00;1;SNCF;r. Pasteur;;Source IDFM;475065;677967;6881374;true;true;49.03187859061427, 2.69870109506934
50171273;1341921;2021-10-22T09:18:42+00:00;2021-10-22T09:18:42+00:00;1;SNCF;r. Ranelagh (Maison de la Radio);;Source IDFM;474561;647192;6861681;true;true;48.853003255762985, 2.2803272106039745
50171280;1341907;2021-10-22T09:18:41+00:00;2021-10-22T09:18:41+00:00;1;SNCF;r. Robespierre;;Source IDFM;475464;640182;6869292;true;true;48.92083235181358, 2.1837284175379437
50171296;1341875;2021-10-22T09:18:38+00:00;2021-10-22T09:18:38+00:00;1;SNCF;r. Victor Hugo;;Source IDFM;476552;718899;6825511;true;true;48.52956132793709, 3.2559657940816313
50171297;1341873;2021-10-22T09:18:37+00:00;2021-10-22T09:18:37+00:00;1;SNCF;r. Vigée Lebrun;;Source IDFM;475775;635673;6862734;true;true;48.86142541102851, 2.123197513721797
50171300;1341867;2021-10-22T09:18:37+00:00;2021-10-22T09:18:37+00:00;1;SNCF;r.Racary;5;Source IDFM;476536;635387;6828194;true;true;48.5507499577625, 2.124519160566509
50171303;1341861;2021-10-22T09:18:36+00:00;2021-10-22T09:18:36+00:00;1;SNCF;rte d'Armentières;;Source IDFM;475476;700517;6877558;true;true;48.997943309427015, 3.0070652844709707
50171304;1341859;2021-10-22T09:18:36+00:00;2021-10-22T09:18:36+00:00;1;SNCF;rte de Boissy;;Source IDFM - Escalier montant vers voie Paris ou escalier descendant vers souterrain pour accès voie Evreux;474772;593196;6872511;true;true;48.9436917468297, 1.5418638430946887
50171327;1341813;2021-10-22T09:18:31+00:00;2021-10-22T09:18:31+00:00;1;SNCF;sq. Louise Michel;;Source IDFM;476490;674423;6855047;true;true;48.794997717559184, 2.6518253095790616
50171328;1341811;2021-10-22T09:18:31+00:00;2021-10-22T09:18:31+00:00;1;SNCF;vers Niveau -1 Gare;;Source IDFM;474999;634016;6877911;true;true;48.99772976311825, 2.0982515529683723
50147965;1824337;2021-10-22T08:25:50+00:00;2026-07-24T11:44:37+00:00;59;RATP;r. du Château;1;;50147965;645691;6865274;true;false;48.88518929579664, 2.259413377338059
50211180;1824328;2026-07-24T11:44:31+00:00;2026-07-24T11:44:31+00:00;59;RATP;av. de Madrid;2;;50211180;645670;6865253;true;true;48.8849986800316, 2.259129713669024
50148413;1572555;2021-10-22T08:24:11+00:00;2026-07-24T08:33:04+00:00;59;RATP;r. du Fbg du Temple;5;;50148413;654269;6863740;true;true;48.872060788126106, 2.3765474220607508
50148032;1607007;2021-10-22T08:25:36+00:00;2026-07-23T08:37:40+00:00;59;RATP;Entrée / Sortie;0;;50148032;649385;6860810;true;true;48.8453464334628, 2.310315758814877
50148470;1661208;2021-10-22T08:23:59+00:00;2026-07-23T08:34:58+00:00;59;RATP;r. Guy-Môquet;1;;50148470;648395;6857458;true;true;48.81512315386903, 2.2972331356054254
50149897;1661186;2024-05-29T15:57:17+00:00;2026-07-23T08:34:24+00:00;59;RATP;Rue de Lisbonne;1;;50149897;660930;6864803;true;true;48.88205869196375, 2.4672563426385037
50148233;1572723;2021-10-22T08:24:48+00:00;2026-07-23T08:33:20+00:00;59;RATP;av du Docteur Paul Casalis;2;;50148233;660307;6853430;true;true;48.779740878637384, 2.4598224771829784
50148232;1572724;2021-10-22T08:24:49+00:00;2026-07-23T08:33:20+00:00;59;RATP;Préfecture;1;;50148232;660230;6853428;true;true;48.77971814933763, 2.458774812281134
50147927;1572970;2021-10-22T08:25:58+00:00;2026-07-23T08:28:26+00:00;59;RATP;r. de l'Aqueduc;1;;50147927;653623;6865091;false;true;48.88416379495028, 2.367593344107737
50147803;1821372;2021-10-22T08:26:24+00:00;2026-07-08T15:33:03+00:00;59;RATP;bd de Strasbourg;6;;50147803;652937;6864182;true;true;48.875939637478496, 2.3583400346271097
50148494;1572491;2021-10-22T08:23:54+00:00;2026-06-16T09:18:36+00:00;59;RATP;r. de Caumartin;10;;50148494;650773;6864180;true;true;48.875759875777625, 2.3288375411618265
50147870;1573022;2021-10-22T08:26:10+00:00;2026-06-16T09:18:36+00:00;59;RATP;Galerie des Marchands;4;;50147870;650468;6864216;true;true;48.87606022803171, 2.3246751660936247
50147867;1806065;2021-10-22T08:26:11+00:00;2026-06-16T09:18:36+00:00;59;RATP;pl. Gabriel Péri;6;;50147867;650481;6864105;true;true;48.87506303514509, 2.324865340155184
50148782;1572254;2021-10-22T08:22:57+00:00;2026-05-11T16:12:09+00:00;59;RATP;r. du Clos;3;;50148782;636359;6844566;true;true;48.6981036654779, 2.1352590478966063
50148730;1572303;2021-10-22T08:23:09+00:00;2026-04-13T12:36:58+00:00;59;RATP;pl. des Pianos;1;;50148730;651842;6869043;true;true;48.91957153130041, 2.342859873663865
50148479;1572504;2021-10-22T08:23:58+00:00;2026-04-03T09:23:59+00:00;59;RATP;Square;4;;50148479;649622;6859303;true;true;48.83181253299573, 2.3137234421699584
50148477;1572506;2021-10-22T08:23:58+00:00;2026-04-03T09:23:59+00:00;59;RATP;r. d'Alésia;2;;50148477;649674;6859299;true;true;48.83178062305756, 2.3144322519617266
50148813;1572224;2021-10-22T08:22:51+00:00;2026-04-03T09:23:59+00:00;59;RATP;r. Raymond Losserand;5;;50148813;649586;6859271;false;true;48.83152193990959, 2.3132368465418396
50148502;1572484;2021-10-22T08:23:52+00:00;2026-04-03T09:23:51+00:00;59;RATP;av. de Saint-Ouen;2;;50148502;650800;6866582;true;true;48.8973622612712, 2.328927327882013
50149009;1572130;2021-10-22T08:22:30+00:00;2026-04-03T09:23:32+00:00;59;RATP;av. du Gén. Eisenhower;2;;50149009;649554;6863240;true;true;48.86721236176578, 2.3123300966375697
50148513;1572473;2021-10-22T08:23:50+00:00;2026-04-03T09:22:58+00:00;59;RATP;av. de Clichy;2;;50148513;650127;6865822;true;true;48.8904761204655, 2.319837557860668
50148894;1572148;2021-10-22T08:22:34+00:00;2026-04-03T09:22:45+00:00;59;RATP;av. du Cimetière des Batignolles;4;;50148894;649663;6866289;true;true;48.89463954407298, 2.313454521275101
50148895;1572147;2021-10-22T08:22:34+00:00;2026-04-03T09:22:45+00:00;59;RATP;Tribunal de Paris;5;;50148895;649519;6866331;true;true;48.895005956160276, 2.3114856124161243
50148728;1572305;2021-10-22T08:23:09+00:00;2026-04-03T09:22:41+00:00;59;RATP;av. de la Redoute;1;;50148728;647522;6870280;true;true;48.93035718212148, 2.283761297680861
50148482;1572501;2021-10-22T08:23:57+00:00;2026-04-03T09:22:25+00:00;59;RATP;r. Vandamme;4;;50148482;650274;6860070;true;true;48.83876083427108, 2.322515258538552
50208144;1606696;2024-03-06T16:54:36+00:00;2026-04-03T09:22:04+00:00;59;RATP;Champs-Élysées;1;;50208144;649203;6863553;true;true;48.86999951206543, 2.3075081604794714
50148281;1572677;2021-10-22T08:24:39+00:00;2026-04-03T09:22:04+00:00;59;RATP;av. Franklin D. Roosevelt;5;;50148281;649344;6863381;true;true;48.86846386178608, 2.3094507550416656
50148280;1572678;2021-10-22T08:24:39+00:00;2026-04-03T09:22:04+00:00;59;RATP;Rond-Point;4;;50148280;649322;6863409;true;true;48.86871392868218, 2.3091475240004526
50148776;1572260;2021-10-22T08:22:58+00:00;2026-04-03T09:21:49+00:00;59;RATP;quai Paul Doumer;4;;50148776;645062;6865607;true;true;48.88813045885503, 2.2507934241088248
50147975;1572941;2021-10-22T08:25:48+00:00;2026-04-03T09:21:44+00:00;59;RATP;Champs-Élysées;1;;50147975;648695;6863799;true;true;48.87217146081756, 2.300553488237195
50208145;1572034;2024-05-29T15:57:05+00:00;2026-04-03T09:21:44+00:00;59;RATP;Champs-Élysées;1;;50208145;648684;6863810;false;true;48.87226950449218, 2.300402203286869
50148508;1572478;2021-10-22T08:23:51+00:00;2026-04-03T09:21:20+00:00;59;RATP;bd Jean Jaurès;3;;50148508;651173;6868241;true;true;48.91230920932632, 2.3338237880892585
50148507;1572479;2021-10-22T08:23:51+00:00;2026-04-03T09:21:20+00:00;59;RATP;bd Victor Hugo;2;;50148507;651128;6868190;true;true;48.91184717954406, 2.3332157307376136
50149542;1572110;2023-03-06T13:48:33+00:00;2026-04-03T09:21:20+00:00;59;RATP;r. Albert Dhalenne;5;;50149542;651223;6868330;true;true;48.91311332709224, 2.3344957020793355
50211182;1785190;2026-04-02T14:44:30+00:00;2026-04-03T09:21:20+00:00;59;RATP;av. Gabriel Péri;1;;50211182;651183;6868177;true;true;48.91173445202749, 2.333967582660252
50147963;1572951;2021-10-22T08:25:50+00:00;2026-04-03T09:21:15+00:00;59;RATP;r. Jacques Dulud;3;;50147963;646701;6864740;true;true;48.880471634739244, 2.2732525119622657
50148560;1785196;2021-10-22T08:23:40+00:00;2026-04-03T09:21:09+00:00;59;RATP;r. Van Gogh;13;;50148560;653884;6860708;true;true;48.844766834819296, 2.371627856374751
50148474;1572509;2021-10-22T08:23:59+00:00;2026-04-03T09:15:50+00:00;59;RATP;r. Raymond Losserand;1;;50148474;649037;6858852;true;true;48.827710664417026, 2.3058086727794764
50208141;1661183;2024-03-18T15:56:42+00:00;2026-04-03T09:12:34+00:00;59;RATP;Entrée;0;;50208141;650852;6862904;true;false;48.86429112702939, 2.33006217516517
50147987;1661266;2021-10-22T08:25:45+00:00;2026-04-03T09:03:04+00:00;59;RATP;r. de l'Amiral-de-Coligny;1;;50147987;651636;6862496;true;true;48.86068138672073, 2.3407948293486314
50148517;1572469;2021-10-22T08:23:49+00:00;2026-04-03T09:02:10+00:00;59;RATP;r. Martre;1;;50148517;649164;6867190;false;true;48.90270259443005, 2.3065410985720574
50148519;1572467;2021-10-22T08:23:49+00:00;2026-04-03T09:02:10+00:00;59;RATP;r. du Landy;4;;50148519;649080;6867333;true;true;48.90398187958802, 2.3053781459382923
50148893;1572149;2021-10-22T08:22:34+00:00;2026-04-03T08:56:02+00:00;59;RATP;r. du Temple;7;;50148893;652541;6862208;true;true;48.85815874527248, 2.3531616498613452
50148847;1572189;2021-10-22T08:22:44+00:00;2026-04-03T08:56:02+00:00;59;RATP;r. de Rivoli;1;;50148847;652432;6862133;true;true;48.8574762389346, 2.3516845030019002
50148394;1572577;2021-10-22T08:24:15+00:00;2026-04-03T08:56:02+00:00;59;RATP;Hôtel de Ville;5;;50148394;652457;6862083;true;true;48.8570284393324, 2.3520308105785186
50148487;1661207;2021-10-22T08:23:56+00:00;2026-04-03T08:54:54+00:00;59;RATP;pl. André-Tardieu;1;;50148487;649673;6861487;true;true;48.851457209052654, 2.314159751229242
50148845;1572191;2021-10-22T08:22:44+00:00;2026-04-03T08:54:13+00:00;59;RATP;Calder-Miró;5;;50148845;644294;6865969;true;true;48.89131976462272, 2.2402731149319735
50148365;1572600;2021-10-22T08:24:21+00:00;2026-04-03T08:51:58+00:00;59;RATP;bd des Invalides;1;;50148365;649818;6860992;true;true;48.84701701787828, 2.3161940814219744
50147989;1572930;2021-10-22T08:25:45+00:00;2026-04-03T08:51:08+00:00;59;RATP;r. de Rivoli;7;;50147989;651268;6862691;true;true;48.862407259135324, 2.335756837969508
50148285;1572673;2021-10-22T08:24:38+00:00;2026-04-03T08:49:57+00:00;59;RATP;av. Delcassé;2;;50148285;649699;6863940;true;true;48.87351863230041, 2.3142237375454755
50148453;1572524;2021-10-22T08:24:03+00:00;2026-04-03T08:48:31+00:00;59;RATP;Musée de l'Orangerie;4;;50148453;650298;6863015;false;true;48.86524682115268, 2.32249797183074
50210176;1571978;2024-05-29T15:56:50+00:00;2026-04-03T08:43:36+00:00;59;RATP;r. Charles Schmidt;3;;50210176;651037;6867564;true;true;48.906210983697676, 2.332046479177561
50148505;1572481;2021-10-22T08:23:52+00:00;2026-04-03T08:43:36+00:00;59;RATP;r. Charles Schmidt;3;;50148505;651023;6867544;false;true;48.906030068909644, 2.3318578087996387
50147995;1572924;2021-10-22T08:25:44+00:00;2026-04-03T08:42:18+00:00;59;RATP;cours Marigny;5;;50147995;658927;6860644;true;true;48.8445324560488, 2.440347023483998
50208147;1572030;2024-05-29T15:57:04+00:00;2026-04-03T08:41:12+00:00;59;RATP;r. Beaujon;9;;50208147;648384;6864136;true;true;48.87517715606451, 2.296272871418817
50147795;1573089;2021-10-22T08:26:26+00:00;2026-04-03T08:39:33+00:00;59;RATP;r. de Rivoli;11;;50147795;652033;6862327;true;true;48.85919127439639, 2.3462247940508156
50147791;1573093;2021-10-22T08:26:27+00:00;2026-04-03T08:39:33+00:00;59;RATP;r. Bertin Poirée;12;;50147791;651948;6862342;true;true;48.85931983295799, 2.345064628040473
50148011;1572908;2021-10-22T08:25:40+00:00;2026-04-03T08:36:53+00:00;59;RATP;passage de la Voûte;2;;50148011;656603;6860943;true;true;48.84706905344015, 2.4086512781768588
50148009;1572910;2021-10-22T08:25:41+00:00;2026-04-03T08:36:53+00:00;59;RATP;r. des Pyrénées;4;;50148009;656484;6860997;true;true;48.84754665146088, 2.407024261243066
50147980;1572937;2021-10-22T08:25:47+00:00;2026-04-03T08:36:53+00:00;59;RATP;r. du Général Niessel;1;;50147980;656608;6860979;true;true;48.847393139345726, 2.4087157347931094
50148073;1785198;2021-10-22T08:25:27+00:00;2026-04-02T14:44:36+00:00;59;RATP;av. Édouard Vaillant;4;;50148073;655462;6867260;true;true;48.90379865144337, 2.392441761853929
50148887;1572155;2021-10-22T08:22:36+00:00;2026-03-20T14:28:54+00:00;59;RATP;r. Dora Maar;1;;50148887;650313;6867492;true;true;48.90550804336101, 2.322178580072989
50148869;1572171;2021-12-15T20:46:34+00:00;2026-03-12T14:39:01+00:00;59;RATP;Esplanade;2;;50148869;666781;6860182;true;true;48.840830364520585, 2.5473976121482553
50148637;1711749;2021-10-22T08:23:25+00:00;2026-01-06T10:54:35+00:00;59;RATP;Avenue Ramolfo Garnier;3;;50148637;645525;6847359;true;true;48.72406162352636, 2.2594409613120225
50211183;1711743;2026-01-06T10:54:32+00:00;2026-01-06T10:54:32+00:00;59;RATP;bd de Ménilmontant;1;;50211183;655064;6862678;true;true;48.86256633816601, 2.387497554742884
50208205;1606682;2024-02-22T14:34:45+00:00;2025-09-03T07:55:13+00:00;59;RATP;Entrée / Sortie;0;;50208205;659669;6867591;true;true;48.9070525443927, 2.44979748579484
50208206;1606681;2024-02-22T14:34:45+00:00;2025-09-03T07:55:13+00:00;59;RATP;Entrée / Sortie;0;;50208206;659682;6867591;true;true;48.90705335884655, 2.44997482831757
50149618;1572107;2023-04-12T20:48:37+00:00;2025-09-03T07:50:26+00:00;59;RATP;r. des Glaïeuls;6;;50149618;656572;6864313;true;true;48.877373073767664, 2.4078845297278657
50149617;1606927;2023-04-12T20:48:37+00:00;2025-09-03T07:50:26+00:00;59;RATP;Sq. du Docteur Variot;5;;50149617;656489;6864210;true;true;48.876441213888626, 2.4067634661372455
50147922;1661288;2021-10-22T08:25:59+00:00;2025-08-05T11:53:24+00:00;59;RATP;Avenue Parmentier;1;;50147922;654112;6863003;true;true;48.86542190678959, 2.3744867156416407
50147947;1661280;2021-10-22T08:25:54+00:00;2025-08-05T11:53:21+00:00;59;RATP;bd de Charonne;0;;50147947;655836;6861437;true;true;48.85145948519111, 2.398148856401339
50147951;1661278;2021-10-22T08:25:53+00:00;2025-08-05T11:53:20+00:00;59;RATP;bd de Ménilmontant;1;;50147951;654749;6863133;true;true;48.86663604310437, 2.3831556577528694
50147977;1661268;2021-10-22T08:25:47+00:00;2025-08-05T11:53:16+00:00;59;RATP;av. de Wagram;4;;50147977;648311;6864085;true;true;48.87471267342993, 2.2952838553224946
50148022;1661263;2021-10-22T08:25:38+00:00;2025-08-05T11:53:13+00:00;59;RATP;avenue Kléber;1;;50148022;647925;6863223;true;true;48.86692984423001, 2.290127151582219
50148033;1661260;2021-10-22T08:25:36+00:00;2025-08-05T11:53:12+00:00;59;RATP;bd Edgar-Quinet;1;;50148033;650451;6860331;true;true;48.84112164424553, 2.3248962503348225
50148059;1661250;2021-10-22T08:25:30+00:00;2025-08-05T11:53:07+00:00;59;RATP;Rue Botzaris;1;;50148059;654616;6864408;true;true;48.87809251210513, 2.3812065277348493
50148083;1661245;2021-10-22T08:25:25+00:00;2025-08-05T11:53:05+00:00;59;RATP;Rue de Flandre;1;;50148083;654334;6865883;true;true;48.89133681019393, 2.37720310685946
50148090;1661242;2021-10-22T08:25:23+00:00;2025-08-05T11:53:03+00:00;59;RATP;Rue du Château Landon;1;;50148090;653198;6864489;true;true;48.87871943121259, 2.3618645443628314
50148101;1661239;2021-10-22T08:25:20+00:00;2025-08-05T11:53:02+00:00;59;RATP;Rue Taitbout;6;;50148101;651221;6863843;true;true;48.87276340860189, 2.3349839920618782
50148223;1661233;2021-10-22T08:24:51+00:00;2025-08-05T11:53:00+00:00;59;RATP;avenue du Général Leclerc / côté des n° impairs;2;;50148223;658482;6856715;true;true;48.80916958437806, 2.434667027294392
50148267;1661229;2021-10-22T08:24:41+00:00;2025-08-05T11:52:58+00:00;59;RATP;Sortie;2;;50148267;647091;6862910;false;true;48.86404714329966, 2.2787978769720016
50148423;1661221;2021-10-22T08:24:09+00:00;2025-08-05T11:52:54+00:00;59;RATP;Rue du Général Leclerc;1;;50148423;646628;6858526;false;true;48.82458395585728, 2.27303722829261
50148435;1661220;2021-10-22T08:24:07+00:00;2025-08-05T11:52:54+00:00;59;RATP;Entrée;1;;50148435;649211;6860397;true;false;48.84161864588288, 2.307994258660769
50148436;1661219;2021-10-22T08:24:07+00:00;2025-08-05T11:52:53+00:00;59;RATP;Sortie;1;;50148436;649196;6860414;false;true;48.841770344222624, 2.3077878620021837
50148439;1661216;2021-10-22T08:24:06+00:00;2025-08-05T11:52:52+00:00;59;RATP;pl. Camille-Claudel;1;;50148439;649926;6860715;true;true;48.84453436972727, 2.317698286429971
50148446;1661214;2021-10-22T08:24:04+00:00;2025-08-05T11:52:51+00:00;59;RATP;bd Raspail;1;;50148446;650507;6861956;true;true;48.85573948650812, 2.3254700822987107
50171179;1806121;2021-10-22T09:19:01+00:00;2026-06-16T13:45:21+00:00;1;SNCF;r. du Havre;1;Source IDFM;475428;650614;6864066;true;true;48.87472253122658, 2.3266830881967264
50171252;1806120;2021-10-22T09:18:47+00:00;2026-06-16T13:44:34+00:00;1;SNCF;r. de Mogador;4;Source IDFM;475429;650963;6863999;true;true;48.87414668546995, 2.331448776340905
50171290;1341887;2021-10-22T09:18:39+00:00;2026-06-16T09:18:36+00:00;1;SNCF;r. Saint-Lazare;;Source IDFM - Escalier - Accès RER E (Haussman) et M12 (St Lazare);475432;650778;6864181;true;true;48.875769250676335, 2.328905592164
50243579;1797549;2026-04-22T15:07:30+00:00;2026-04-22T15:07:30+00:00;1;SNCF;r. Saint-Just;;;;655401;6857121;true;true;48.812615125072476, 2.3926734367007185
50170885;1342293;2021-10-22T09:19:21+00:00;2026-04-16T09:54:12+00:00;1;SNCF;r. de Rome;;Source IDFM;475335;650406;6864229;true;true;48.87617236187658, 2.323828374714386
50170449;1343165;2021-10-22T09:21:03+00:00;2026-04-13T12:37:57+00:00;1;SNCF;Entrée / Sortie;;Source IDFM;475471;649729;6862717;true;true;48.86252280762099, 2.3147774085019255
50170450;1343163;2021-10-22T09:21:03+00:00;2026-04-13T12:37:57+00:00;1;SNCF;Entrée / Sortie;;Source IDFM;475472;649736;6862664;true;true;48.8620467341693, 2.3148790856833896
50234651;1702235;2025-12-22T17:21:27+00:00;2025-12-22T17:22:21+00:00;1;SNCF;Rue Rouget de Lisle;;;;645881;6859035;true;true;48.82909914008939, 2.2627984450790155
50234646;1702209;2025-12-22T17:04:51+00:00;2025-12-22T17:05:26+00:00;1;SNCF;Entrée / Sortie;;;;653527;6896586;true;true;49.16734408768083, 2.362818805326455
50234643;1702203;2025-12-22T16:57:48+00:00;2025-12-22T16:57:48+00:00;1;SNCF;Entrée / Sortie;;;;682369;6783003;true;true;48.1471539966299, 2.7629361892471573
50234639;1702183;2025-12-22T16:53:43+00:00;2025-12-22T16:54:10+00:00;1;SNCF;Entrée / Sortie;;;;662788;6893340;true;true;49.13876587441791, 2.490077791117618
50234633;1702157;2025-12-22T16:40:09+00:00;2025-12-22T16:40:09+00:00;1;SNCF;Entrée / Sortie;;;;708794;6897760;true;true;49.179524331277065, 3.120599729310818
50234630;1702140;2025-12-22T16:34:43+00:00;2025-12-22T16:37:06+00:00;1;SNCF;Entrée / Sortie;;;;654480;6900585;true;true;49.203363969552115, 2.375450969720466
50234631;1702147;2025-12-22T16:37:06+00:00;2025-12-22T16:37:06+00:00;1;SNCF;Entrée / Sortie;;;;654494;6900563;true;true;49.203167186022796, 2.3756454328615226
50229043;1678122;2025-10-07T14:01:24+00:00;2025-10-07T14:01:27+00:00;1;SNCF;Rue Ferdinand Buisson;;Source IDFM;;657637;6901808;true;true;49.21457535862172, 2.41864086139901
50229040;1678116;2025-10-07T13:52:55+00:00;2025-10-07T13:54:27+00:00;1;SNCF;Rue de la gare;;Source IDFM;;588871;6889029;true;true;49.09145925044074, 1.4784864933244553
50229038;1678112;2025-10-07T13:43:42+00:00;2025-10-07T13:43:46+00:00;1;SNCF;Entrée / Sortie;;Source IDFM;;726726;6876969;true;true;48.992091457120644, 3.3651957456887143
50229029;1676371;2025-09-30T15:52:42+00:00;2025-09-30T15:56:45+00:00;1;SNCF;Entrée / Sortie;;Source IDFM;;613990;6909863;true;true;49.282603343241455, 1.8180732317858428
50229026;1676365;2025-09-30T15:36:35+00:00;2025-09-30T15:37:56+00:00;1;SNCF;Parking;;Source IDFM;;691795;6903510;true;true;49.23122580476025, 2.887365244878781
50229025;1676361;2025-09-30T15:34:55+00:00;2025-09-30T15:37:56+00:00;1;SNCF;Place de la Gare;;Source IDFM;;691729;6903510;true;true;49.23122495499853, 2.8864592261545754
50229024;1676356;2025-09-30T15:26:31+00:00;2025-09-30T15:26:35+00:00;1;SNCF;Entrée / Sortie;;Source IDFM;;611556;6910181;true;true;49.28512953049747, 1.7845637964540533
50229017;1676341;2025-09-30T13:59:22+00:00;2025-09-30T14:04:23+00:00;1;SNCF;Pont Mirabeau;;Source IDFM;;646927;6860930;true;true;48.84622782156997, 2.2768096986965953
50234347;1684339;2025-11-06T11:17:58+00:00;2025-11-06T11:18:55+00:00;521;MARNE ET SEINE;Entrée / Sortie;;;;661738;6849260;true;true;48.742323296863155, 2.4796701660082214
50148607;1661201;2021-10-22T08:23:31+00:00;2025-08-05T11:52:45+00:00;59;RATP;Pl.Saint-Michel;2;;50148607;651806;6861441;true;true;48.85120661459289, 2.343231436169936
50148628;1661199;2021-10-22T08:23:26+00:00;2025-08-05T11:52:44+00:00;59;RATP;av. de la Duchesse du Maine;1;;50148628;649299;6852512;true;true;48.77071364515191, 2.3101317975956315
50148630;1661197;2021-10-22T08:23:26+00:00;2025-08-05T11:52:43+00:00;59;RATP;route de Versailles;1;;50148630;648871;6851615;true;true;48.7626126342622, 2.3044159857345483
50149889;1661189;2024-05-29T15:57:21+00:00;2025-08-05T11:52:40+00:00;59;RATP;Boulevard Henri Barbusse;2;;50149889;658988;6864934;true;true;48.883115989029164, 2.440764183229289
50210074;1661179;2024-03-06T16:54:35+00:00;2025-08-05T11:52:35+00:00;59;RATP;Rue de Flandre;1;;50210074;654353;6865900;true;true;48.89149103253906, 2.377460391931574
50210337;1661170;2024-05-29T15:56:37+00:00;2025-08-05T11:52:30+00:00;59;RATP;Sortie;3;;50210337;684066;6863391;true;true;48.8703486848887, 2.7827802545278226
50149939;1572056;2024-05-29T15:57:11+00:00;2025-02-25T10:08:59+00:00;59;RATP;r. du Languedoc;3;;50149939;653425;6851222;true;true;48.7594228518632, 2.366410947338768
50148128;1629213;2021-10-22T08:25:13+00:00;2025-01-29T14:14:31+00:00;59;RATP;r. de la Vistule;4;;50148128;652892;6858296;true;true;48.8230037308547, 2.358378598661251
50210366;1615516;2024-11-06T17:06:32+00:00;2024-11-06T17:06:32+00:00;59;RATP;Institut Gustave Roussy;1;;50210366;652233;6854977;true;true;48.793106494012655, 2.349775516782916
50170682;1607137;2021-10-22T09:20:03+00:00;2024-09-05T05:10:03+00:00;1;SNCF;Centre ville - Gare Routière Place du Général de Gaulle;1;Source IDFM;476268;633872;6883406;true;true;49.04712180803083, 2.095423555741824
50211669;1607135;2024-09-05T05:09:40+00:00;2024-09-05T05:09:40+00:00;1;SNCF;Place de la Gare;;;;633827;6883407;true;true;49.04712616231186, 2.094807889997877
50147843;1607037;2021-10-22T08:26:16+00:00;2024-09-03T10:29:57+00:00;59;RATP;Entrée / Sortie;0;;50147843;650399;6858222;true;true;48.82215123601535, 2.3244336242926638
50147930;1607029;2021-10-22T08:25:57+00:00;2024-09-03T10:29:51+00:00;59;RATP;Entrée / Sortie;0;;50147930;651785;6865148;true;true;48.88454137479853, 2.3425246490205707
50148065;1606995;2021-10-22T08:25:29+00:00;2024-09-03T10:29:28+00:00;59;RATP;Entrée / Sortie;0;;50148065;656800;6869132;true;true;48.92072380583879, 2.410502552497228
50148115;1606987;2021-10-22T08:25:16+00:00;2024-09-03T10:29:22+00:00;59;RATP;pl. Monge;1;;50148115;652437;6860535;true;true;48.84310586270721, 2.351931393138698
50148247;1606976;2021-10-22T08:24:45+00:00;2024-09-03T10:29:13+00:00;59;RATP;Gare Routière;0;;50148247;645386;6859980;true;true;48.837555771488105, 2.255934724805342
50148255;1606975;2021-10-22T08:24:44+00:00;2024-09-03T10:29:13+00:00;59;RATP;r. Michel-Ange;2;;50148255;645674;6860585;true;true;48.843020845302384, 2.2597809620339544
50148353;1606969;2021-10-22T08:24:24+00:00;2024-09-03T10:29:08+00:00;59;RATP;Entrée / Sortie;0;;50148353;652645;6860842;true;true;48.8458820346328, 2.354731183875353
50148857;1606929;2021-10-22T08:22:41+00:00;2024-09-03T10:28:38+00:00;59;RATP;Entrée / Sortie;0;;50148857;660563;6852230;true;true;48.76896418913078, 2.463417216385232
50170893;1342277;2021-10-22T09:19:19+00:00;2024-09-01T12:39:46+00:00;1;SNCF;r. de Verdun;1;Source IDFM;476575;647673;6873958;true;true;48.96344241694049, 2.2853677881038728
50170399;1606764;2021-10-22T09:21:15+00:00;2024-09-01T12:01:52+00:00;1;SNCF;Avenue des Nations;;Source IDFM;476167;664409;6874941;true;true;48.97342587261308, 2.513842312818298
50210076;1606675;2024-03-06T16:54:34+00:00;2024-08-30T08:25:08+00:00;59;RATP;Grands Magasins;1;;50210076;651080;6863886;true;true;48.87313940257713, 2.333056844581368
50210094;1606669;2024-03-18T15:56:37+00:00;2024-08-30T08:25:04+00:00;59;RATP;boulevard Maxime Gorki;0;;50210094;653584;6855330;false;true;48.79637980862116, 2.3681266490129524
50210107;1606666;2024-02-22T14:34:43+00:00;2024-08-30T08:25:01+00:00;59;RATP;r. du Sentier;1;;50210107;652118;6863605;true;true;48.870690439789925, 2.3472392720518567
50210135;1606659;2024-03-06T16:54:32+00:00;2024-08-30T08:24:56+00:00;59;RATP;bd Voltaire;2;;50210135;654933;6861788;true;true;48.85455348676016, 2.3858063825867055
50210218;1606645;2024-02-22T14:34:38+00:00;2024-08-30T08:24:45+00:00;59;RATP;Entrée / Sortie;0;;50210218;664072;6856436;true;true;48.806996124573296, 2.510805119630107
50210267;1606641;2024-02-22T14:34:35+00:00;2024-08-30T08:24:43+00:00;59;RATP;av. Aristide Briand;1;;50210267;650119;6855012;true;true;48.79326123791462, 2.3209961518398745
50210269;1606639;2024-02-22T14:34:34+00:00;2024-08-30T08:24:41+00:00;59;RATP;pl. de la Gare;1;;50210269;649492;6853561;true;true;48.780162979892545, 2.3126334925949483
50210312;1606638;2024-02-22T14:34:33+00:00;2024-08-30T08:24:41+00:00;59;RATP;Imp. de la Station;1;;50210312;638399;6844285;true;true;48.69577408046708, 2.1630165121074105
50210316;1606634;2024-02-22T14:34:31+00:00;2024-08-30T08:24:38+00:00;59;RATP;bd Georges Seneuze;2;;50210316;638420;6844272;true;true;48.695659160600314, 2.1633036929529545
50210335;1606631;2024-02-22T14:34:30+00:00;2024-08-30T08:24:36+00:00;59;RATP;r. Aristide Maillol;3;;50210335;678899;6859687;true;true;48.83688941498133, 2.712525671146311
50210351;1606629;2024-03-18T15:56:31+00:00;2024-08-30T08:24:35+00:00;59;RATP;av. de la République;3;;50210351;658270;6860976;true;true;48.84747594025286, 2.431362595298281
50148552;1572438;2021-10-22T08:23:42+00:00;2024-08-05T22:47:34+00:00;59;RATP;Champs-Élysées;1;;50148552;648429;6863944;true;true;48.87345416104396, 2.2969096719918167
50148557;1572434;2021-10-22T08:23:41+00:00;2024-08-05T22:40:48+00:00;59;RATP;Haussmann Mogador;4;;50148557;650871;6863933;false;true;48.87354615276204, 2.3302021770460937
50147905;1572990;2021-10-22T08:26:02+00:00;2024-08-05T22:40:48+00:00;59;RATP;r. Auber;3;;50147905;650695;6863934;true;true;48.873541695712134, 2.3278026892986583
50147875;1573017;2021-10-22T08:26:09+00:00;2024-08-05T22:40:48+00:00;59;RATP;bd Haussmann;2;;50147875;650747;6863943;true;true;48.87362660923443, 2.3285105511509565
50148179;1572774;2021-10-22T08:25:02+00:00;2024-08-05T21:25:53+00:00;59;RATP;r. d'Hauteville;3;;50148179;652340;6863555;true;true;48.870257265987526, 2.350271202125349
50149888;1572100;2024-05-29T15:57:21+00:00;2024-06-04T09:22:55+00:00;59;RATP;place Carnot;1;;50149888;658977;6864966;true;true;48.883403056865376, 2.440611102121771
50147733;1573144;2021-10-22T08:26:39+00:00;2024-05-29T16:09:16+00:00;59;RATP;r. Adolphe Mille;3;;50147733;655037;6865423;true;true;48.8872496604887, 2.3868390080470525
50147734;1573143;2021-10-22T08:26:39+00:00;2024-05-29T16:09:16+00:00;59;RATP;r. de l'Ourcq;2;;50147734;655005;6865410;true;true;48.887130520132246, 2.3864040187848072
50147751;1573130;2021-10-22T08:26:36+00:00;2024-05-29T16:09:07+00:00;59;RATP;r. Delizy;5;;50147751;656794;6866031;true;true;48.892837510434894, 2.410736458073728
50147756;1573125;2021-10-22T08:26:35+00:00;2024-05-29T16:09:04+00:00;59;RATP;r. Charles Nodier;3;;50147756;656115;6865820;false;true;48.89089413291957, 2.4014981033643124
50147757;1573124;2021-10-22T08:26:34+00:00;2024-05-29T16:09:03+00:00;59;RATP;sente des Dorées;2;;50147757;655424;6865550;false;true;48.88841864041234, 2.392102989581491
50147758;1573123;2021-10-22T08:26:34+00:00;2024-05-29T16:09:03+00:00;59;RATP;av. Jean Jaurès;1;;50147758;655440;6865605;true;true;48.88891434541117, 2.392315405836218
50147760;1573121;2021-10-22T08:26:34+00:00;2024-05-29T16:09:01+00:00;59;RATP;r. Labat;3;;50147760;652313;6865737;false;true;48.889877367796394, 2.349658151538514
50147763;1573118;2021-10-22T08:26:33+00:00;2024-05-29T16:08:59+00:00;59;RATP;r. Ordener;5;;50147763;652484;6865877;true;true;48.89114897851794, 2.351974427742405
50147768;1573114;2021-10-22T08:26:32+00:00;2024-05-29T16:08:57+00:00;59;RATP;bd Ornano;5;;50147768;651982;6866554;true;true;48.89719972008774, 2.345051858766389
50147778;1573105;2021-10-22T08:26:30+00:00;2024-05-29T16:08:51+00:00;59;RATP;r. de Saint-Quentin;2;;50147778;652774;6864590;true;true;48.87959674224068, 2.356072418504847
50147783;1573100;2021-10-22T08:26:29+00:00;2024-05-29T16:08:47+00:00;59;RATP;bd de la Chappelle;4;;50147783;652308;6865053;true;true;48.883726019319816, 2.349666791145077
50147786;1573098;2021-10-22T08:26:28+00:00;2024-05-29T16:08:45+00:00;59;RATP;r. Guy Patin;5;;50147786;652405;6865064;true;true;48.88383211586557, 2.350988201045097
50147787;1573097;2021-10-22T08:26:28+00:00;2024-05-29T16:08:45+00:00;59;RATP;bd Barbès;3;;50147787;652308;6865408;false;true;48.886918417243464, 2.349626920728376
50147808;1573076;2021-10-22T08:26:23+00:00;2024-05-29T16:08:31+00:00;59;RATP;car. de l'Odéon;2;;50147808;651488;6861563;true;true;48.85227988747519, 2.3388841415838315
50147809;1573075;2021-10-22T08:26:23+00:00;2024-05-29T16:08:30+00:00;59;RATP;bd Saint-Michel;4;;50147809;651707;6861506;true;true;48.85178374272651, 2.341874983547041
50147811;1573073;2021-10-22T08:26:22+00:00;2024-05-29T16:08:29+00:00;59;RATP;Saint-Michel;4;;50147811;651874;6861667;true;true;48.85324410055505, 2.3441324895857587
50147822;1573065;2021-10-22T08:26:20+00:00;2024-05-29T16:08:24+00:00;59;RATP;r. Saint-Martin;2;;50147822;652646;6863427;true;true;48.86912875780354, 2.3544568507215904
50147824;1573063;2021-10-22T08:26:19+00:00;2024-05-29T16:08:22+00:00;59;RATP;bd de Sébastopol;1;;50147824;652582;6863450;true;true;48.869330883819934, 2.3535818568092095
50147831;1573056;2021-10-22T08:26:18+00:00;2024-05-29T16:08:17+00:00;59;RATP;bd Raspail;1;;50147831;650758;6860454;true;true;48.84225131568874, 2.329064675513538
50147845;1573046;2021-10-22T08:26:15+00:00;2024-05-29T16:08:11+00:00;59;RATP;r. Poirier de Narçay;7;;50147845;650479;6858445;true;true;48.82416285899324, 2.3254972285886164
50147850;1573041;2021-10-22T08:26:14+00:00;2024-05-29T16:08:07+00:00;59;RATP;av. du Général Leclerc;1;;50147850;650782;6859226;true;true;48.831209689794626, 2.3295337318251432
50147854;1573038;2021-10-22T08:26:13+00:00;2024-05-29T16:08:04+00:00;59;RATP;r. Daguerre;2;;50147854;650920;6859469;true;true;48.833405531983885, 2.3313855014372478
50147859;1573033;2021-10-22T08:26:12+00:00;2024-05-29T16:08:01+00:00;59;RATP;pl. Monseigneur Loutil;1;;50147859;649002;6865106;true;true;48.8839492833686, 2.3045817125455184
50147871;1573021;2021-10-22T08:26:10+00:00;2024-05-29T16:07:52+00:00;59;RATP;bd Brune;3;;50147871;650452;6858359;true;true;48.823387373776065, 2.3251395028614383
50147874;1573018;2021-10-22T08:26:09+00:00;2024-05-29T16:07:50+00:00;59;RATP;bd Jourdan;2;;50147874;650519;6858335;true;true;48.823176684502236, 2.3260548110708026
50147890;1573003;2021-10-22T08:26:05+00:00;2024-05-29T16:07:40+00:00;59;RATP;bd de Ménilmontant;1;;50147890;655057;6862690;false;true;48.86267376449573, 2.387400875771671
50147899;1572994;2021-10-22T08:26:03+00:00;2024-05-29T16:07:34+00:00;59;RATP;pl. Édith Piaf;5;;50147899;656369;6862905;true;true;48.86469743829901, 2.4052614368777596
50147904;1572991;2021-10-22T08:26:02+00:00;2024-05-29T16:07:31+00:00;59;RATP;pl. Saint-Fargeau;1;;50147904;656287;6863670;true;true;48.871571416221315, 2.4040650312579794
50147909;1572986;2021-10-22T08:26:01+00:00;2024-05-29T16:07:28+00:00;59;RATP;av. des Ternes;1;;50147909;648475;6864467;true;true;48.87816102336104, 2.2974733409906927
50147910;1572985;2021-10-22T08:26:01+00:00;2024-05-29T16:07:27+00:00;59;RATP;av. Raymond Poincaré;2;;50147910;647578;6863574;false;true;48.87005815006782, 2.2853538924228767
50147917;1572979;2021-10-22T08:26:00+00:00;2024-05-29T16:07:23+00:00;59;RATP;Entrée / Sortie;1;;50147917;651627;6863413;true;true;48.868927135089706, 2.3405677867882786
50147918;1572978;2021-10-22T08:25:59+00:00;2024-05-29T16:07:22+00:00;59;RATP;r. Notre-Dame des Victoires;2;;50147918;651711;6863394;true;true;48.868762575075586, 2.3417150008710204
50147920;1572976;2021-10-22T08:25:59+00:00;2024-05-29T16:07:20+00:00;59;RATP;r. des Petits Carreaux;2;;50147920;652124;6863219;true;true;48.86721966441803, 2.3473645564711347
50148014;1572905;2021-10-22T08:25:40+00:00;2024-05-29T16:06:31+00:00;59;RATP;bd de l'Hôpital;1;;50148014;653081;6860011;true;true;48.83844072060559, 2.360763613088256
50148046;1572882;2021-10-22T08:25:33+00:00;2024-05-29T16:06:16+00:00;59;RATP;pl. Félix Éboué;1;;50148046;655628;6860088;true;true;48.83931358843042, 2.3954551622442346
50148047;1572881;2021-10-22T08:25:33+00:00;2024-05-29T16:06:15+00:00;59;RATP;r. de Reuilly;4;;50148047;655578;6860179;true;true;48.84012851421012, 2.3947644626742726
50148075;1572865;2021-10-22T08:25:27+00:00;2024-05-29T16:06:03+00:00;59;RATP;av. Corentin Cariou;1;;50148075;654974;6866544;true;true;48.89732601444798, 2.385861016298146
50148081;1572859;2021-10-22T08:25:25+00:00;2024-05-29T16:05:58+00:00;59;RATP;av. Corentin Cariou;2;;50148081;654721;6866265;true;true;48.894799330510764, 2.382440086252328
50148092;1572851;2021-10-22T08:25:22+00:00;2024-05-29T16:05:53+00:00;59;RATP;r. La Fayette;1;;50148092;652259;6864342;true;true;48.87732857227394, 2.3490785726336196
50148095;1572849;2021-10-22T08:25:22+00:00;2024-05-29T16:05:52+00:00;59;RATP;bd Haussmann;4;;50148095;651134;6863862;true;true;48.87292767589211, 2.333795770679704
50148098;1572846;2021-10-22T08:25:21+00:00;2024-05-29T16:05:50+00:00;59;RATP;Grands Magasins;1;;50148098;651054;6863880;true;true;48.873083470632395, 2.332703085787108
50148109;1572836;2021-10-22T08:25:18+00:00;2024-05-29T16:05:43+00:00;59;RATP;Pont Marie;2;;50148109;652837;6861700;true;true;48.853612081558865, 2.357252135009766
50148110;1572835;2021-10-22T08:25:17+00:00;2024-05-29T16:05:43+00:00;59;RATP;quai de l'Hôtel de Ville;1;;50148110;652820;6861709;true;true;48.853691773290244, 2.3570194667312294
50148112;1572833;2021-10-22T08:25:17+00:00;2024-05-29T16:05:41+00:00;59;RATP;r. de Sully;2;;50148112;653243;6861424;true;true;48.85115961995114, 2.362815303894784
50148114;1572831;2021-10-22T08:25:16+00:00;2024-05-29T16:05:40+00:00;59;RATP;quai des Célestins;4;;50148114;653127;6861524;true;true;48.8520504869191, 2.3612235496936824
50148120;1572826;2021-10-22T08:25:15+00:00;2024-05-29T16:05:37+00:00;59;RATP;bd Saint-Marcel;1;;50148120;652447;6859796;true;true;48.83646074262592, 2.3521502532092193
50148122;1572824;2021-10-22T08:25:14+00:00;2024-05-29T16:05:36+00:00;59;RATP;r. Le Brun;3;;50148122;652514;6859646;true;true;48.83511672150749, 2.3530797449928618
50148124;1572822;2021-10-22T08:25:14+00:00;2024-05-29T16:05:34+00:00;59;RATP;r. de la Maison Blanche;4;;50148124;652827;6858634;true;true;48.82603866891074, 2.357455862808119
50148126;1572820;2021-10-22T08:25:13+00:00;2024-05-29T16:05:33+00:00;59;RATP;r. du Tage;2;;50148126;652896;6858135;true;true;48.82155611980725, 2.3584508931289894
50148130;1572816;2021-10-22T08:25:13+00:00;2024-05-29T16:05:31+00:00;59;RATP;av. d'Italie;3;;50148130;652945;6857894;true;true;48.819392336270546, 2.3591448751895947
50148131;1572815;2021-10-22T08:25:12+00:00;2024-05-29T16:05:30+00:00;59;RATP;sq. Hélène Boucher;1;;50148131;653004;6857819;true;true;48.818722148811176, 2.359956656688726
50148135;1572812;2021-10-22T08:25:12+00:00;2024-05-29T16:05:28+00:00;59;RATP;av. de Choisy;1;;50148135;653321;6857972;true;true;48.820121141563256, 2.364256948884549
50148158;1572793;2021-10-22T08:25:07+00:00;2024-05-29T16:05:15+00:00;59;RATP;av. Félix Faure;4;;50148158;647719;6860337;true;true;48.840959750133734, 2.287674055408695
50148160;1572791;2021-10-22T08:25:07+00:00;2024-05-29T16:05:14+00:00;59;RATP;r. Sarasate;1;;50148160;647720;6860366;true;true;48.8412206273443, 2.2876841153284198
50148164;1572787;2021-10-22T08:25:06+00:00;2024-05-29T16:05:11+00:00;59;RATP;r. des Frères Morane;1;;50148164;648034;6860518;true;true;48.84261295563451, 2.2919435704421667
50148166;1572785;2021-10-22T08:25:05+00:00;2024-05-29T16:05:10+00:00;59;RATP;r. des Entrepreneurs;2;;50148166;648152;6860737;true;true;48.844591917535816, 2.293524582542793
50148168;1572783;2021-10-22T08:25:05+00:00;2024-05-29T16:05:09+00:00;59;RATP;av. Duquesne;2;;50148168;649091;6861843;true;true;48.85461295464222, 2.306186220536082
50148171;1572780;2021-10-22T08:25:04+00:00;2024-05-29T16:05:07+00:00;59;RATP;bd de la Tour-Maubourg;1;;50148171;649382;6862192;true;true;48.857774394768214, 2.3101103595101855
50148176;1572777;2021-10-22T08:25:03+00:00;2024-05-29T16:05:05+00:00;59;RATP;Église;2;;50148176;650497;6863505;true;true;48.86966861368558, 2.325153381832216
50148188;1572765;2021-10-22T08:25:00+00:00;2024-05-29T16:04:57+00:00;59;RATP;bd Beaumarchais;2;;50148188;653641;6862112;true;true;48.85737552252872, 2.3681638269380505
50148193;1572760;2021-10-22T08:24:58+00:00;2024-05-29T16:04:54+00:00;59;RATP;bd Beaumarchais;8;;50148193;653671;6861738;true;true;48.854014325258966, 2.3686134430482633
50148198;1572755;2021-10-22T08:24:57+00:00;2024-05-29T16:04:50+00:00;59;RATP;r. du Fbg St-Antoine;3;;50148198;654693;6861324;true;true;48.85036391675151, 2.3825851300019782
50148200;1572753;2021-10-22T08:24:56+00:00;2024-05-29T16:04:49+00:00;59;RATP;r. Faidherbe;1;;50148200;654796;6861317;true;true;48.85030820041385, 2.383989435391751
50148210;1572744;2021-10-22T08:24:54+00:00;2024-05-29T16:04:43+00:00;59;RATP;pl. Édouard Renard;1;;50148210;656425;6859621;true;true;48.83516818894415, 2.4063612825325382
50148211;1572743;2021-10-22T08:24:54+00:00;2024-05-29T16:04:42+00:00;59;RATP;av. Daumesnil;2;;50148211;656417;6859682;true;true;48.83571622865832, 2.40624605087505
50148220;1572734;2021-10-22T08:24:52+00:00;2024-05-29T16:04:37+00:00;59;RATP;r. de la République;1;;50148220;657000;6858095;true;true;48.82148320221446, 2.4143486236341176
50148245;1572711;2021-10-22T08:24:46+00:00;2024-05-29T16:04:22+00:00;59;RATP;r. Rieux;6;;50148245;644648;6859655;true;true;48.834570094728925, 2.245923047751609
50148256;1572702;2021-10-22T08:24:44+00:00;2024-05-29T16:04:16+00:00;59;RATP;r. Claude Lorrain;3;;50148256;645626;6860455;true;true;48.84184771628271, 2.2591435949663823
50148258;1572700;2021-10-22T08:24:43+00:00;2024-05-29T16:04:14+00:00;59;RATP;r. d'Auteuil;2;;50148258;645962;6861127;false;true;48.84791921685281, 2.2636360116252834
50148273;1572685;2021-10-22T08:24:40+00:00;2024-05-29T16:04:06+00:00;59;RATP;av. Kléber;2;;50148273;647711;6862857;true;true;48.86362115271773, 2.2872551507268173
50148277;1572681;2021-10-22T08:24:39+00:00;2024-05-29T16:04:03+00:00;59;RATP;av. Montaigne;1;;50148277;648768;6862989;true;true;48.86489313589413, 2.3016463145113195
50148291;1572667;2021-10-22T08:24:36+00:00;2024-05-29T16:03:54+00:00;59;RATP;r. de Richelieu;2;;50148291;651545;6863730;true;true;48.871771683596975, 2.339413844049202
50148295;1572663;2021-10-22T08:24:36+00:00;2024-05-29T16:03:51+00:00;59;RATP;bd des Italiens;8;;50148295;651481;6863738;false;true;48.87183880762077, 2.3385404603795714
50148314;1572644;2021-10-22T08:24:32+00:00;2024-05-29T16:03:39+00:00;59;RATP;sq. Denis Poulot;6;;50148314;654472;6862169;false;true;48.85794738227132, 2.3794831184632765
50148317;1572641;2021-10-22T08:24:31+00:00;2024-05-29T16:03:37+00:00;59;RATP;Mairie du 11e;5;;50148317;654463;6862209;true;true;48.85830646292215, 2.379356174427233
50148318;1572640;2021-10-22T08:24:31+00:00;2024-05-29T16:03:36+00:00;59;RATP;bd Voltaire;2;;50148318;654915;6861794;true;true;48.8546061851043, 2.3855604440037466
50148322;1572638;2021-10-22T08:24:30+00:00;2024-05-29T16:03:35+00:00;59;RATP;r. de Belfort;3;;50148322;654793;6861907;true;true;48.855613839133625, 2.3838858221665054
50148326;1572634;2021-10-22T08:24:29+00:00;2024-05-29T16:03:32+00:00;59;RATP;bd Voltaire;3;;50148326;655213;6861489;false;true;48.851884114952256, 2.389653694416867
50148329;1572632;2021-10-22T08:24:29+00:00;2024-05-29T16:03:31+00:00;59;RATP;r. de Buzenval;1;;50148329;656054;6861484;true;true;48.85189706183426, 2.4011147102350696
50148330;1572631;2021-10-22T08:24:29+00:00;2024-05-29T16:03:30+00:00;59;RATP;r. des Maraîchers;2;;50148330;656423;6861553;true;true;48.85254264123657, 2.406136089320516
50148334;1572627;2021-10-22T08:24:28+00:00;2024-05-29T16:03:28+00:00;59;RATP;r. du Volga;4;;50148334;656734;6861637;true;true;48.85331901198429, 2.410365666650512
50148340;1572622;2021-10-22T08:24:27+00:00;2024-05-29T16:03:24+00:00;59;RATP;r. de Paris;2;;50148340;658579;6862151;true;true;48.85806266494986, 2.4354585959274657
50148343;1572619;2021-10-22T08:24:26+00:00;2024-05-29T16:03:22+00:00;59;RATP;bd Rouget de Lisle;3;;50148343;658992;6862579;true;true;48.8619380721099, 2.4410460373744045
50148354;1572610;2021-10-22T08:24:24+00:00;2024-05-29T16:03:16+00:00;59;RATP;r. du Cardinal Lemoine;1;;50148354;652426;6860918;true;true;48.84654937013417, 2.3517386775727807
50148366;1572599;2021-10-22T08:24:21+00:00;2024-05-29T16:03:08+00:00;59;RATP;bd Garibaldi;2;;50148366;649164;6860991;true;true;48.84695675963838, 2.3072829125786916
50148367;1572598;2021-10-22T08:24:21+00:00;2024-05-29T16:03:08+00:00;59;RATP;av. de Suffren;1;;50148367;649182;6861002;true;true;48.84705710184081, 2.3075268626562915
50148371;1572594;2021-10-22T08:24:20+00:00;2024-05-29T16:03:05+00:00;59;RATP;r. du Commerce;2;;50148371;648274;6860997;true;true;48.846939886287984, 2.295155230612356
50148385;1572584;2021-10-22T08:24:17+00:00;2024-05-29T16:02:59+00:00;59;RATP;route de la Reine;1;;50148385;643431;6860325;true;true;48.8404896915894, 2.2292554412975396
50148389;1572581;2021-10-22T08:24:16+00:00;2024-05-29T16:02:57+00:00;59;RATP;av. de Versailles;2;;50148389;646660;6861036;true;true;48.847159022979575, 2.273158378027436
50148390;1572580;2021-10-22T08:24:16+00:00;2024-05-29T16:02:56+00:00;59;RATP;r. Mirabeau;1;;50148390;646611;6861019;true;true;48.847002085468155, 2.2724928477414656
50148396;1572575;2021-10-22T08:24:15+00:00;2024-05-29T16:02:52+00:00;59;RATP;r. Geoffroy l'Angevin;3;;50148396;652559;6862524;true;true;48.86100182219831, 2.3533716997139087
50148397;1572573;2021-10-22T08:24:15+00:00;2024-05-29T16:02:51+00:00;59;RATP;r. Beaubourg;1;;50148397;652560;6862567;true;true;48.861388589262994, 2.353380529853849
50148398;1572570;2021-10-22T08:24:14+00:00;2024-05-29T16:02:51+00:00;59;RATP;r. du Grenier Saint-Lazare;4;;50148398;652599;6862700;true;true;48.86258751114026, 2.3538972532761706
50148403;1572565;2021-10-22T08:24:13+00:00;2024-05-29T16:02:47+00:00;59;RATP;r. Conté;1;;50148403;652801;6863042;true;true;48.86567789809281, 2.356612524311885
50148407;1572561;2021-10-22T08:24:12+00:00;2024-05-29T16:02:45+00:00;59;RATP;pl. de la République;1;;50148407;653350;6863217;true;true;48.867291638826146, 2.3640766150059553
50148409;1572559;2021-10-22T08:24:12+00:00;2024-05-29T16:02:44+00:00;59;RATP;r. du Fbg du Temple;2;;50148409;653841;6863524;true;true;48.87008780982374, 2.370736193156587
50148419;1572550;2021-10-22T08:24:10+00:00;2024-05-29T16:02:38+00:00;59;RATP;r. Lassus;2;;50148419;655184;6864077;true;true;48.875155681525854, 2.388985600762676
50148444;1572532;2021-10-22T08:24:05+00:00;2024-05-29T16:02:26+00:00;59;RATP;bd Raspail;3;;50148444;650579;6861484;true;true;48.851500362106584, 2.326506173673705
50148451;1572526;2021-10-22T08:24:03+00:00;2024-05-29T16:02:22+00:00;59;RATP;r. de l'Université;3;;50148451;650190;6862464;true;true;48.860283431270894, 2.3210904414036895
50148463;1572518;2021-10-22T08:24:01+00:00;2024-05-29T16:02:16+00:00;59;RATP;pl. Jules Joffrin;1;;50148463;651944;6866036;true;true;48.89253872438126, 2.3445922189574286
50148527;1572462;2021-10-22T08:23:47+00:00;2024-05-29T16:01:36+00:00;59;RATP;Hôtel de Ville;1;;50148527;633614;6866887;true;true;48.898562068097526, 2.0944858274185583
50148528;1572461;2021-10-22T08:23:47+00:00;2024-05-29T16:01:35+00:00;59;RATP;r. Alexandre Dumas;1;;50148528;635648;6866835;true;true;48.89830101081897, 2.12223542986112
50148538;1572451;2021-10-22T08:23:45+00:00;2024-05-29T16:01:28+00:00;59;RATP;av. Albert 1er;4;;50148538;639120;6865524;true;true;48.88684966731054, 2.169778104845728
50148541;1572448;2021-10-22T08:23:44+00:00;2024-05-29T16:01:26+00:00;59;RATP;bd du Couchant;2;;50148541;640987;6866404;true;true;48.89493685475302, 2.195114312708467
50148573;1572422;2021-10-22T08:23:37+00:00;2024-05-29T16:01:01+00:00;59;RATP;parvis de la Gare;1;;50148573;661231;6859504;true;true;48.83442300895008, 2.4718438268539917
50148577;1572418;2021-10-22T08:23:37+00:00;2024-05-29T16:00:58+00:00;59;RATP;r. Leroux;1;;50148577;661251;6856358;true;true;48.80613128875043, 2.47240264158857
50148580;1572416;2021-10-22T08:23:36+00:00;2024-05-29T16:00:57+00:00;59;RATP;av. De Lattre de Tassigny;2;;50148580;662170;6856255;false;true;48.805259535098806, 2.4849243202109457
50148598;1572399;2021-10-22T08:23:33+00:00;2024-05-29T16:00:44+00:00;59;RATP;quartier du Champy;1;;50148598;669017;6860374;true;true;48.842668441906035, 2.577848088646015
50148603;1572395;2021-10-22T08:23:32+00:00;2024-05-29T16:00:40+00:00;59;RATP;Disney Village;2;;50148603;684050;6863328;true;true;48.869781725727236, 2.782564501100867
50148608;1572390;2021-10-22T08:23:30+00:00;2024-05-29T16:00:37+00:00;59;RATP;pl. Edmond Rostand;1;;50148608;651580;6860946;true;true;48.84673815646515, 2.340208105416769
50148609;1572389;2021-10-22T08:23:30+00:00;2024-05-29T16:00:36+00:00;59;RATP;r. Gay-Lussac;2;;50148609;651600;6860926;false;true;48.84655979953788, 2.3404828975877447
50148619;1572382;2021-10-22T08:23:28+00:00;2024-05-29T16:00:31+00:00;59;RATP;av. Aristide Briand;1;;50148619;650134;6855023;true;true;48.79336132500943, 2.3211990417142094
50148622;1572379;2021-10-22T08:23:28+00:00;2024-05-29T16:00:28+00:00;59;RATP;r. Jean Mascré;1;;50148622;648354;6853702;true;true;48.78134095998914, 2.29713010888443
50148627;1572374;2021-10-22T08:23:27+00:00;2024-05-29T16:00:25+00:00;59;RATP;av. Jules Guesde;1;;50148627;647122;6853516;true;true;48.77956837443184, 2.2803873422067125
50148638;1572365;2021-10-22T08:23:24+00:00;2024-05-29T16:00:19+00:00;59;RATP;r. de la Gare;1;;50148638;644560;6846656;true;true;48.717656809833876, 2.2464142869776333
50148642;1572361;2021-10-22T08:23:24+00:00;2024-05-29T16:00:17+00:00;59;RATP;r. de Versailles;2;;50148642;640506;6845284;true;true;48.704956495132734, 2.1915036761937112
50148647;1572356;2021-10-22T08:23:23+00:00;2024-05-29T16:00:13+00:00;59;RATP;r. de Madrid;1;;50148647;633713;6844894;true;true;48.70078760676571, 2.099257957559743
50148654;1572350;2021-10-22T08:23:21+00:00;2024-05-29T16:00:09+00:00;59;RATP;r. Cardinet;1;;50148654;649790;6865611;true;true;48.888552488419684, 2.3152667716820883
50148664;1572341;2021-10-22T08:23:19+00:00;2024-05-29T16:00:03+00:00;59;RATP;av. de Verrières;2;;50148664;646547;6848555;true;true;48.734903648982055, 2.2731840700511676
50148683;1572340;2021-10-22T08:23:19+00:00;2024-05-29T16:00:02+00:00;59;RATP;bd P. Mendès France;1;;50148683;678665;6859651;true;true;48.83655795186072, 2.7093395522938057
50148707;1572325;2021-10-22T08:23:14+00:00;2024-05-29T15:59:51+00:00;59;RATP;Serris;1;;50148707;683419;6861767;true;true;48.85572752667112, 2.7740234530257704
50148715;1572318;2021-10-22T08:23:13+00:00;2024-05-29T15:59:47+00:00;59;RATP;r. de Belleville;2;;50148715;654925;6863932;true;true;48.87383365143221, 2.385469962162532
50148719;1572314;2021-10-22T08:23:12+00:00;2024-05-29T15:59:44+00:00;59;RATP;r. René Boulanger;6;;50148719;653168;6863315;true;true;48.86815972856033, 2.361584934935521
50148735;1572299;2021-10-22T08:23:08+00:00;2024-05-29T15:59:35+00:00;59;RATP;r. Léon Blum;1;;50148735;653548;6867595;true;true;48.906675866630486, 2.3662966508369028
50148740;1572294;2021-10-22T08:23:07+00:00;2024-05-29T15:59:31+00:00;59;RATP;pl. Émile Cresp;3;;50148740;650032;6857841;true;true;48.818696497066924, 2.319480046362451
50148769;1572267;2021-10-22T08:23:00+00:00;2024-05-29T15:59:14+00:00;59;RATP;r. Saint-Jacques;3;;50148769;651945;6861412;true;true;48.85095620145782, 2.3451288631125746
50148775;1572261;2021-10-22T08:22:58+00:00;2024-05-29T15:59:10+00:00;59;RATP;Gare Routière;2;;50148775;656980;6866120;false;true;48.89365031289111, 2.413264099858572
50148786;1572250;2021-10-22T08:22:56+00:00;2024-05-29T15:59:02+00:00;59;RATP;r. de la Convention;2;;50148786;646988;6860910;true;true;48.84605298462416, 2.2776433515602443
50148795;1572242;2021-10-22T08:22:54+00:00;2024-05-29T15:58:57+00:00;59;RATP;r. Traversière;3;;50148795;654186;6861406;true;true;48.85106548985731, 2.3756675089368327
50148799;1572238;2021-10-22T08:22:54+00:00;2024-05-29T15:58:54+00:00;59;RATP;r. Vasco de Gama;2;;50148799;647252;6860068;false;true;48.838502584254705, 2.2813449102493153
50148806;1572231;2021-10-22T08:22:52+00:00;2024-05-29T15:58:50+00:00;59;RATP;r. de Châteaudun;2;;50148806;651338;6864218;false;true;48.87614453927849, 2.33653605113769
50148829;1572206;2021-10-22T08:22:48+00:00;2024-05-29T15:58:35+00:00;59;RATP;pl. Jacques Bainville;1;;50148829;650286;6862296;true;true;48.85878004746888, 2.3224185044246073
50148831;1572204;2021-10-22T08:22:47+00:00;2024-05-29T15:58:33+00:00;59;RATP;av. d'Italie;2;;50148831;652778;6858710;false;true;48.82671856084626, 2.356780030165029
50148834;1572201;2021-10-22T08:22:47+00:00;2024-05-29T15:58:32+00:00;59;RATP;Cours de la Gondoire;3;;50148834;683247;6861589;true;true;48.854122290023255, 2.771686353519717
50148840;1572195;2021-10-22T08:22:45+00:00;2024-05-29T15:58:28+00:00;59;RATP;r. Richard-Lenoir;3;;50148840;654537;6862110;true;true;48.85742139014469, 2.3803752995371243
50148841;1572194;2021-10-22T08:22:45+00:00;2024-05-29T15:58:27+00:00;59;RATP;Imp. de la Station;1;;50148841;638394;6844290;true;true;48.69581857360633, 2.162947861191742
50148853;1572185;2021-10-22T08:22:42+00:00;2024-05-29T15:58:20+00:00;59;RATP;av. du Général de Gaulle;3;;50148853;659462;6855306;true;true;48.79656021208512, 2.4481449149488563
50148872;1572168;2021-10-22T08:22:38+00:00;2024-05-29T15:58:08+00:00;59;RATP;Forum - Pte du Jour;7;;50148872;651860;6862771;true;true;48.86317120026683, 2.3438166786338366
50148877;1572165;2021-10-22T08:22:38+00:00;2024-05-29T15:58:06+00:00;59;RATP;bd Ney;2;;50148877;651965;6866609;true;true;48.89769304298036, 2.3448137711290915
50148886;1572156;2021-10-22T08:22:36+00:00;2024-05-29T15:58:00+00:00;59;RATP;r. Mstilav Rostropovitch;2;;50148886;649678;6865740;true;true;48.889703790611485, 2.3137241717925816
50148995;1572138;2021-10-22T08:22:32+00:00;2024-05-29T15:57:46+00:00;59;RATP;cours des Roches;2;;50148995;671805;6860459;true;true;48.84356088141857, 2.61582909309281
50148998;1572136;2021-10-22T08:22:31+00:00;2024-05-29T15:57:44+00:00;59;RATP;r. Baudricourt;2;;50148998;653405;6858710;true;true;48.82676418924307, 2.365320147785874
50149004;1572134;2021-10-22T08:22:31+00:00;2024-05-29T15:57:43+00:00;59;RATP;r. Bichat;6;;50149004;653755;6863470;false;true;48.8695960287481, 2.369569722914171
50149326;1572121;2022-05-10T13:48:37+00:00;2024-05-29T15:57:33+00:00;59;RATP;Canal Saint-Denis;1;;50149326;654362;6867706;true;true;48.90773226741607, 2.3773889253420895
50149332;1572116;2022-05-10T13:48:34+00:00;2024-05-29T15:57:30+00:00;59;RATP;av. Victor Hugo;2;;50149332;654603;6868426;true;true;48.91422390190657, 2.3805995558530335
50149586;1572109;2023-03-13T20:46:33+00:00;2024-05-29T15:57:25+00:00;59;RATP;r. du Docteur Potain;4;;50149586;655822;6864118;true;true;48.87556846719863, 2.3976793902152345
50149619;1572106;2023-04-12T20:48:36+00:00;2024-05-29T15:57:23+00:00;59;RATP;av. Simon Bolivar;3;;50149619;654869;6863938;true;true;48.873883686423255, 2.3847058796166793
50149894;1572088;2024-05-29T15:57:18+00:00;2024-05-29T15:57:18+00:00;59;RATP;r. Lucien Piron;1;;50149894;660792;6864384;true;true;48.8782823163185, 2.4654133639293025
50149930;1572074;2024-05-29T15:57:15+00:00;2024-05-29T15:57:15+00:00;59;RATP;r. Tagore;3;;50149930;652944;6858095;true;true;48.82119989747738, 2.359109038556849
50149933;1572068;2024-05-29T15:57:13+00:00;2024-05-29T15:57:13+00:00;59;RATP;r. Gabriel Péri;2;;50149933;652266;6856887;true;true;48.81028622560116, 2.3500106912628667
50149934;1572066;2024-05-29T15:57:13+00:00;2024-05-29T15:57:13+00:00;59;RATP;r. Séverine;1;;50149934;652237;6856826;true;true;48.809735488081095, 2.3496226602632437
50149935;1572064;2024-05-29T15:57:12+00:00;2024-05-29T15:57:12+00:00;59;RATP;r. de Bicêtre;1;;50149935;652519;6853050;true;true;48.77579716652324, 2.353883128265444
50208194;1572026;2024-05-29T15:57:03+00:00;2024-05-29T15:57:03+00:00;59;RATP;r. de l'École de Médecine;1;;50208194;651543;6861546;true;true;48.852131146560765, 2.339635577627622
50210125;1572000;2024-05-29T15:56:56+00:00;2024-05-29T15:56:56+00:00;59;RATP;av. Victor Hugo;1;;50210125;644504;6859592;true;true;48.83399115382011, 2.2439696294369313
50210187;1571974;2024-05-29T15:56:50+00:00;2024-05-29T15:56:50+00:00;59;RATP;av. de l'Opéra;1;;50210187;651194;6863033;true;true;48.86547720469587, 2.3347089508671517
50210309;1571946;2024-05-29T15:56:42+00:00;2024-05-29T15:56:42+00:00;59;RATP;bd Dubreuil;1;;50210309;639814;6844471;true;true;48.69758031504957, 2.1822147995601706
50210330;1571934;2024-05-29T15:56:39+00:00;2024-05-29T15:56:39+00:00;59;RATP;place de la Gare;1;;50210330;664323;6861626;true;true;48.85368502869096, 2.513787516558591
50170878;1342307;2021-10-22T09:19:23+00:00;2024-02-14T15:27:02+00:00;1;SNCF;r. de petit vaux;1;Source IDFM;476189;650961;6841956;true;true;48.67590205439289, 2.333956365461087
50170927;1342209;2021-10-22T09:19:11+00:00;2024-02-14T15:26:11+00:00;1;SNCF;r. des Templiers;;Source IDFM;475402;649815;6843021;true;true;48.68539297534942, 2.3182673727970062
50170048;1343965;2021-10-22T09:22:28+00:00;2023-08-29T16:29:35+00:00;1;SNCF;Accès voie 1  (côté droit gare);;Source IDFM - Accès direct voie 1;474585;653583;6825958;true;true;48.53219565778391, 2.3712965867366034
50199474;1494221;2023-08-29T16:22:24+00:00;2023-08-29T16:22:24+00:00;1;SNCF;rue des Prés Dieu;;;;615077;6871533;true;true;48.938159236797226, 1.8407406293679964
50171298;1341871;2021-10-22T09:18:37+00:00;2022-06-10T15:02:50+00:00;1;SNCF;r. Waldek Rousseau / r. Brunel;3;Source IDFM;476065;647718;6864628;true;true;48.87954782969434, 2.2871326309077853
50170636;1342791;2021-10-22T09:20:13+00:00;2022-06-10T15:02:50+00:00;1;SNCF;pl. de la Porte Maillot;2;Source IDFM;476064;647513;6864457;true;true;48.87799340890998, 2.284358730433601
50170380;1370864;2021-10-22T00:00:00+00:00;2022-01-24T16:10:12+00:00;1;SNCF;Entrée / Sortie;5;Source IDFM;475524;654636;6843422;true;true;48.68935606739006, 2.3837124031473857
50170039;1343983;2021-10-22T09:22:30+00:00;2021-10-22T09:22:30+00:00;1;SNCF;37 av. du Commandant Manoukian;;Source IDFM;475077;651514;6875299;true;true;48.97580174878892, 2.337668328211138
50170052;1343957;2021-10-22T09:22:27+00:00;2021-10-22T09:22:27+00:00;1;SNCF;Accès voie 2;;Source IDFM - Bâtiment Voyageur;474493;626118;6801724;true;true;48.31164372046446, 2.003466544372648
50170055;1343951;2021-10-22T09:22:26+00:00;2021-10-22T09:22:26+00:00;1;SNCF;all. des carrières / bd Rodin;;Source IDFM;475478;645623;6858001;true;true;48.81977858921927, 2.2594163087466934
50170063;1343935;2021-10-22T09:22:24+00:00;2021-10-22T09:22:24+00:00;1;SNCF;av. Anatole France;;Source IDFM;475356;655350;6875298;true;true;48.97607064352044, 2.3900670414023253
50170066;1343929;2021-10-22T09:22:24+00:00;2021-10-22T09:22:24+00:00;1;SNCF;av. Arblade / bd Camélinat;;Source IDFM;476802;648019;6857813;true;true;48.81828552345135, 2.292069626589027
50170070;1343921;2021-10-22T09:22:23+00:00;2021-10-22T09:22:23+00:00;1;SNCF;av. Carnot;;Source IDFM;476057;676685;6796443;true;true;48.26790607274758, 2.6857915865785804
50170072;1343917;2021-10-22T09:22:22+00:00;2021-10-22T09:22:22+00:00;1;SNCF;av. Carnot;;Source IDFM;476059;676697;6796406;true;true;48.26757359791339, 2.685955287973259
50170073;1343915;2021-10-22T09:22:22+00:00;2021-10-22T09:22:22+00:00;1;SNCF;av. Château-du-Loir;;Source IDFM;475025;644893;6866709;true;true;48.89802575656717, 2.2483458053657186
50170074;1343913;2021-10-22T09:22:22+00:00;2021-10-22T09:22:22+00:00;1;SNCF;av. Château-du-Loir / r. Adam Ledoux;;Source IDFM;475026;644950;6866754;true;true;48.898435294241864, 2.2491173963766893
50170075;1343911;2021-10-22T09:22:21+00:00;2021-10-22T09:22:21+00:00;1;SNCF;av. Danielle Casanova (Parking);;Source IDFM;475690;664164;6858435;true;true;48.824978978215604, 2.5118895083108272
50170076;1343909;2021-10-22T09:22:21+00:00;2021-10-22T09:22:21+00:00;1;SNCF;av. de Chantilly;;Source IDFM;475725;661732;6881486;true;true;49.03212340739388, 2.476684187939524
50170077;1343907;2021-10-22T09:22:21+00:00;2021-10-22T09:22:21+00:00;1;SNCF;av. de Choisy (accès principal);;Source IDFM;476867;658681;6849606;true;true;48.74524676164964, 2.4380654988500186
50170078;1343905;2021-10-22T09:22:20+00:00;2021-10-22T09:22:20+00:00;1;SNCF;av. de Choisy (accès secondaire);;Source IDFM;476868;658698;6849567;true;true;48.74489708870837, 2.438300462355696
50170080;1343901;2021-10-22T09:22:20+00:00;2021-10-22T09:22:20+00:00;1;SNCF;av. de Dourdan;2;Source IDFM;476666;631294;6826549;true;true;48.535532067462206, 2.0693282911453728
50170082;1343897;2021-10-22T09:22:20+00:00;2021-10-22T09:22:20+00:00;1;SNCF;av. de la 1ère Armée Française Rhin et Danube;;Source IDFM;475410;655590;6839602;true;true;48.65506375923844, 2.39706860945173
50170084;1343893;2021-10-22T09:22:19+00:00;2021-10-22T09:22:19+00:00;1;SNCF;av. de la Gare;;Source  IDFM;476937;681742;6814494;true;true;48.43047063574212, 2.753182178023791
50170086;1343889;2021-10-22T09:22:19+00:00;2021-10-22T09:22:19+00:00;1;SNCF;av. de la Gare;;Source IDFM;474968;620682;6849855;true;true;48.74393568478152, 1.9212853188296468
50170091;1343879;2021-10-22T09:22:18+00:00;2021-10-22T09:22:18+00:00;1;SNCF;av. de la Gare;;Source IDFM;476557;666239;6829471;true;true;48.564579448746855, 2.5424377814307464
50170094;1343873;2021-10-22T09:22:17+00:00;2021-10-22T09:22:17+00:00;1;SNCF;av. de la Gare;;Source IDFM;476000;685260;6808678;true;true;48.37823608600967, 2.800937671899916
50170098;1343865;2021-10-22T09:22:15+00:00;2021-10-22T09:22:15+00:00;1;SNCF;av. de la Gare;;Source IDFM;476768;696300;6873347;true;true;48.960066734608354, 2.949472899099999
50170099;1343863;2021-10-22T09:22:15+00:00;2021-10-22T09:22:15+00:00;1;SNCF;av. de la Gare;;Source IDFM;475204;699486;6856505;true;true;48.808617397860694, 2.9930012141865423
50170101;1343859;2021-10-22T09:22:15+00:00;2021-10-22T09:22:15+00:00;1;SNCF;av. de la Gare;;Source IDFM;475205;699513;6856492;true;true;48.80850050208584, 2.9933688695498617
50170108;1343845;2021-10-22T09:22:14+00:00;2021-10-22T09:22:14+00:00;1;SNCF;av. de la Gare;;Source IDFM;475528;615543;6877561;true;true;48.99242045635571, 1.8458983540544787
50170111;1343839;2021-10-22T09:22:13+00:00;2021-10-22T09:22:13+00:00;1;SNCF;av. de la Gare;;Source IDFM;475120;642613;6831628;true;true;48.58231917290295, 2.2219634476931867
50170116;1343829;2021-10-22T09:22:12+00:00;2021-10-22T09:22:12+00:00;1;SNCF;av. de la Gare;;Source IDFM;474976;666697;6840867;true;true;48.66710935900693, 2.547760344191728
50170118;1343825;2021-10-22T09:22:12+00:00;2021-10-22T09:22:12+00:00;1;SNCF;av. de la Gare (bâtiment voyageur);;Source IDFM - Accès via bâtiment voyageur;474641;617500;6862734;true;true;48.85935438303982, 1.875522126533609
50170120;1343821;2021-10-22T09:22:11+00:00;2021-10-22T09:22:11+00:00;1;SNCF;av. de la Gare (Parking de la Gare);;Source IDFM;475122;671965;6856343;true;true;48.80655120181824, 2.6182802503435028
50170126;1343809;2021-10-22T09:22:10+00:00;2021-10-22T09:22:10+00:00;1;SNCF;av. de la Liberté;;Source IDFM;475671;658330;6854313;true;true;48.787557527420276, 2.43283230121378
50170127;1343807;2021-10-22T09:22:10+00:00;2021-10-22T09:22:10+00:00;1;SNCF;av. de la Liberté;;Source IDFM;475407;680039;6849542;true;true;48.745684873382835, 2.728531762627276
50170136;1343789;2021-10-22T09:22:08+00:00;2021-10-22T09:22:08+00:00;1;SNCF;av. de Noël Duchesne;;Source IDFM - Accès via bâtiment voyageur (côté voie Evreux);474769;593196;6872472;true;true;48.9433410993448, 1.5418736741523487
50170138;1343785;2021-10-22T09:22:08+00:00;2021-10-22T09:22:08+00:00;1;SNCF;av. de Poigny;;Source IDFM;474841;721223;6827306;true;true;48.54563647367135, 3.287530034465167
50170153;1343755;2021-10-22T09:22:05+00:00;2021-10-22T09:22:05+00:00;1;SNCF;av. du 8 mai 45;;Source IDFM;474951;656745;6851796;true;true;48.7648162950454, 2.4115150682083693
50170156;1343749;2021-10-22T09:22:04+00:00;2021-10-22T09:22:04+00:00;1;SNCF;av. du Bois St Martin - Parking (direction Tournan);;Source IDFM;475741;669160;6858214;true;true;48.823249833264015, 2.579953023047615
50170160;1343741;2021-10-22T09:22:03+00:00;2021-10-22T09:22:03+00:00;1;SNCF;av. du docteur jules bales (Uniquement en nuit);;Source IDFM;475085;626864;6826375;true;true;48.53348212329924, 2.0093564598361255
50170167;1343727;2021-10-22T09:22:02+00:00;2021-10-22T09:22:02+00:00;1;SNCF;av. du Général de Gaulle;1;Source IDFM;476829;635998;6855919;true;true;48.800171385821855, 2.1286520402889004
50170169;1343723;2021-10-22T09:22:01+00:00;2021-10-22T09:22:01+00:00;1;SNCF;av. du Général De Gaulle;;Source IDFM;475369;649220;6870640;true;true;48.9337306504702, 2.30689187762581
50170176;1343709;2021-10-22T09:22:00+00:00;2021-10-22T09:22:00+00:00;1;SNCF;av. du Maréchal de Lattre de Tassigny;;Source IDFM;474932;669372;6863840;true;true;48.873855392201655, 2.5824352395361068
50170186;1343689;2021-10-22T09:21:58+00:00;2021-10-22T09:21:58+00:00;1;SNCF;av. Gallieni;;Source IDFM;474885;677457;6820817;true;true;48.487218584815665, 2.694926380250578
50170191;1343679;2021-10-22T09:21:57+00:00;2021-10-22T09:21:57+00:00;1;SNCF;av. Guy Schuler;;Source IDFM;475606;622316;6851122;true;true;48.755528830266265, 1.943274246997547
50170193;1343675;2021-10-22T09:21:56+00:00;2021-10-22T09:21:56+00:00;1;SNCF;av. Jean Jaurès;;Source IDFM;475516;638726;6851966;true;true;48.76488584228186, 2.16635741983166
50170197;1343667;2021-10-22T09:21:55+00:00;2021-10-22T09:21:55+00:00;1;SNCF;av. Jean Jaurès;;Source IDFM;476404;722349;6828436;true;true;48.55576351284906, 3.302843695932753
50170201;1343659;2021-10-22T09:21:55+00:00;2021-10-22T09:21:55+00:00;1;SNCF;av. Jean Jaurès;;Source IDFM;475469;643469;6849154;true;true;48.74002873995414, 2.231254892814442
50170203;1343655;2021-10-22T09:21:54+00:00;2021-10-22T09:21:54+00:00;1;SNCF;av. Lavoisier;;Source IDFM;474937;649501;6849990;true;true;48.74804751949905, 2.3131786659319755
50170206;1343649;2021-10-22T09:21:54+00:00;2021-10-22T09:21:54+00:00;1;SNCF;av. Lucien Salles (accès principal);;Source IDFM;475742;669154;6858198;true;true;48.82310565257514, 2.5798724628588037
50170220;1343621;2021-10-22T09:21:51+00:00;2021-10-22T09:21:51+00:00;1;SNCF;Bâtiment voyageur (côté Asnières);;Source IDFM;474604;646375;6867573;true;true;48.905920393249026, 2.268449792520649
50170224;1343613;2021-10-22T09:21:50+00:00;2021-10-22T09:21:50+00:00;1;SNCF;bd Carnot;;Source IDFM;475662;664209;6865569;true;true;48.88913777727253, 2.5119017851999317
50170230;1343601;2021-10-22T09:21:49+00:00;2021-10-22T09:21:49+00:00;1;SNCF;bd de Finlande;;Source IDFM;475667;645839;6870354;true;true;48.93088312649615, 2.2607829720925503
50170250;1343561;2021-10-22T09:21:45+00:00;2021-10-22T09:21:45+00:00;1;SNCF;Bois d'Emery;;Source IDFM;475123;672148;6856233;true;true;48.805569845876725, 2.620779101419896
50170251;1343559;2021-10-22T09:21:44+00:00;2021-10-22T09:21:44+00:00;1;SNCF;Chemin d'Armentières;;Source IDFM;476770;696282;6873371;true;true;48.96028244725521, 2.949226880909698
50170256;1343549;2021-10-22T09:21:43+00:00;2021-10-22T09:21:43+00:00;1;SNCF;Chemin de la Cornaille;;Source IDFM - Chemin vers voie 2b;474747;665632;6842386;true;true;48.68071624004375, 2.5331765115611193
50170257;1343547;2021-10-22T09:21:43+00:00;2021-10-22T09:21:43+00:00;1;SNCF;Chemin de la Cornaille (souterrain);;Source IDFM - Escalier vers souterrain;474748;665607;6842384;true;true;48.680696921310776, 2.5328371030607024
50170264;1343533;2021-10-22T09:21:42+00:00;2021-10-22T09:21:42+00:00;1;SNCF;Chemin du Champ de course / Parking;;Source IDFM;475089;625820;6826543;true;true;48.53487461303031, 1.995187805358981
50170266;1343529;2021-10-22T09:21:42+00:00;2021-10-22T09:21:42+00:00;1;SNCF;Chemin Latéral;;Source IDFM;476871;657833;6849015;true;true;48.73987654646185, 2.426591546159032
50170268;1343525;2021-10-22T09:21:41+00:00;2021-10-22T09:21:41+00:00;1;SNCF;Chemin latéral;;Source IDFM;475091;660128;6870461;true;true;48.93288954910068, 2.4557892050673473
50170278;1343505;2021-10-22T09:21:39+00:00;2021-10-22T09:21:39+00:00;1;SNCF;Cours de la gare;1;Source IDFM;476920;656089;6855769;true;true;48.80050333532347, 2.402181295338148
50170281;1343499;2021-10-22T09:21:38+00:00;2021-10-22T09:21:38+00:00;1;SNCF;D16;;Source IDFM;476060;676714;6796329;true;true;48.26688140480076, 2.686188511373739
50170286;1343489;2021-10-22T09:21:37+00:00;2021-10-22T09:21:37+00:00;1;SNCF;Esplanade de la Gare;;Source IDFM - Escalier;476632;646085;6874874;true;true;48.97154780462749, 2.2635649705256298
50170288;1343485;2021-10-22T09:21:37+00:00;2021-10-22T09:21:37+00:00;1;SNCF;Gare;;Source IDFM - Accès via bâtiment voyageur (côté voie 2);474637;642243;6882056;true;true;49.03579134997675, 2.210108455370799
50170291;1343479;2021-10-22T09:21:36+00:00;2021-10-22T09:21:36+00:00;1;SNCF;Gare Routière;;Source IDFM;474469;667822;6878992;true;true;49.01003215020433, 2.5601531734456433
50170304;1343453;2021-10-22T09:21:33+00:00;2021-10-22T09:21:33+00:00;1;SNCF;Impasse Dupin - r. Gabriel Péri - r. Pierre Curie;2;Source IDFM;476910;638987;6856467;true;true;48.805389338149816, 2.169263877066043
50170310;1343441;2021-10-22T09:21:32+00:00;2021-10-22T09:21:32+00:00;1;SNCF;Entrée / Sortie;;Source  IDFM;476935;670296;6823955;true;true;48.51515896152758, 2.597801992057219
50170311;1343439;2021-10-22T09:21:32+00:00;2021-10-22T09:21:32+00:00;1;SNCF;Entrée / Sortie;;Source  IDFM - Escalier;476911;639082;6856011;true;true;48.801297447854566, 2.1706224866023796
50170314;1343433;2021-10-22T09:21:31+00:00;2021-10-22T09:21:31+00:00;1;SNCF;Entrée / Sortie;;Source IDFM;475454;597389;6855994;true;true;48.79585865428775, 1.6030851695789508
50170316;1343429;2021-10-22T09:21:31+00:00;2021-10-22T09:21:31+00:00;1;SNCF;Entrée / Sortie;;Source IDFM;475656;615809;6844281;true;true;48.693189598829136, 1.8561202248022237
50170320;1343421;2021-10-22T09:21:30+00:00;2021-10-22T09:21:30+00:00;1;SNCF;Entrée / Sortie;;Source IDFM;475723;620463;6877530;true;true;48.992769494759244, 1.9131270405577263
50170324;1343413;2021-10-22T09:21:29+00:00;2021-10-22T09:21:29+00:00;1;SNCF;Entrée / Sortie;;Source IDFM;475088;626884;6826465;true;true;48.5342939271231, 2.0096120465074616
50170328;1343405;2021-10-22T09:21:28+00:00;2021-10-22T09:21:28+00:00;1;SNCF;Entrée / Sortie;;Source IDFM;475965;628289;6805793;true;true;48.3484929706814, 2.032073669958903
50170342;1343377;2021-10-22T09:21:26+00:00;2021-10-22T09:21:26+00:00;1;SNCF;Entrée / Sortie;;Source IDFM;475173;637840;6815484;true;true;48.4366578186052, 2.1595866395325323
50170346;1343369;2021-10-22T09:21:25+00:00;2021-10-22T09:21:25+00:00;1;SNCF;Entrée / Sortie;;Source IDFM;475458;640256;6869297;true;true;48.9208841876064, 2.184737439314365
50170360;1343341;2021-10-22T09:21:22+00:00;2021-10-22T09:21:22+00:00;1;SNCF;Entrée / Sortie;;Source IDFM;476633;646128;6874727;true;true;48.970229603822425, 2.2641709920369
50170361;1343339;2021-10-22T09:21:22+00:00;2021-10-22T09:21:22+00:00;1;SNCF;Entrée / Sortie;;Source IDFM;476186;647404;6894480;true;true;49.14793711037669, 2.279135676183918
50170363;1343335;2021-10-22T09:21:22+00:00;2021-10-22T09:21:22+00:00;1;SNCF;Entrée / Sortie;;Source IDFM;476084;647547;6892724;true;true;49.13216164314197, 2.2813145250996736
50170365;1343333;2021-10-22T09:21:21+00:00;2021-10-22T09:21:21+00:00;1;SNCF;Entrée / Sortie;;Source IDFM;476402;647990;6890574;true;true;49.1128679760484, 2.2876497114620067
50170370;1343323;2021-10-22T09:21:20+00:00;2021-10-22T09:21:20+00:00;1;SNCF;Entrée / Sortie;;Source IDFM;475129;649233;6875004;true;true;48.97297304984407, 2.30654621581987
50170371;1343321;2021-10-22T09:21:20+00:00;2021-10-22T09:21:20+00:00;1;SNCF;Entrée / Sortie;;Source IDFM;475130;649256;6874983;true;true;48.972786035799, 2.306862886983991
50170376;1343311;2021-10-22T09:21:19+00:00;2021-10-22T09:21:19+00:00;1;SNCF;Entrée / Sortie;;Source IDFM;475566;652080;6820708;true;true;48.484859614856326, 2.35152380586864
50170385;1343293;2021-10-22T09:21:17+00:00;2021-10-22T09:21:17+00:00;1;SNCF;Entrée / Sortie;;Source IDFM;475411;655560;6839598;true;true;48.65502572004205, 2.3966617458907575
50170389;1343285;2021-10-22T09:21:17+00:00;2021-10-22T09:21:17+00:00;1;SNCF;Entrée / Sortie;;Source IDFM;475732;657219;6849676;true;true;48.745781099186885, 2.4181761296589257
50170390;1343283;2021-10-22T09:21:16+00:00;2021-10-22T09:21:16+00:00;1;SNCF;Entrée / Sortie;;Source IDFM;476896;657249;6877264;true;true;48.99387781390876, 2.4158083201392917
50170395;1343273;2021-10-22T09:21:15+00:00;2021-10-22T09:21:15+00:00;1;SNCF;Entrée / Sortie;;Source IDFM;475185;659625;6837290;true;true;48.634532681827295, 2.452065660262262
50170398;1343267;2021-10-22T09:21:15+00:00;2021-10-22T09:21:15+00:00;1;SNCF;Entrée / Sortie;;Source IDFM;475597;662404;6866037;true;true;48.89324351126371, 2.4872454070373005
50170409;1343245;2021-10-22T09:21:12+00:00;2021-10-22T09:21:12+00:00;1;SNCF;Entrée / Sortie;;Source IDFM;475223;681610;6820811;true;true;48.487295656009856, 2.7511286237020194
50170410;1343243;2021-10-22T09:21:12+00:00;2021-10-22T09:21:12+00:00;1;SNCF;Entrée / Sortie;;Source IDFM;477644;683981;6863185;true;true;48.86849400390246, 2.7816292669414016
50170412;1343239;2021-10-22T09:21:12+00:00;2021-10-22T09:21:12+00:00;1;SNCF;Entrée / Sortie;;Source IDFM;475060;704603;6888002;true;true;49.09183561110252, 3.0630181578259297
50170414;1343235;2021-10-22T09:21:11+00:00;2021-10-22T09:21:11+00:00;1;SNCF;Entrée / Sortie;;Source IDFM;475888;705548;6892870;true;true;49.135596458131864, 3.076019997103482
50170423;1343217;2021-10-22T09:21:10+00:00;2021-10-22T09:21:10+00:00;1;SNCF;Entrée / Sortie;;Source IDFM - Accès principal (Bâtiment voyageur);474515;644026;6832041;true;true;48.58615775885105, 2.2410654880482084
50170432;1343199;2021-10-22T09:21:07+00:00;2021-10-22T09:21:07+00:00;1;SNCF;Entrée / Sortie;;Source IDFM - Escalier;474523;647378;6867641;true;true;48.90661466003579, 2.2821234857984725
50170444;1343175;2021-10-22T09:21:04+00:00;2021-10-22T09:21:04+00:00;1;SNCF;Entrée / Sortie;;Source IDFM;475773;635653;6862697;true;true;48.86109068673748, 2.1229305297355334
50170463;1343137;2021-10-22T09:21:00+00:00;2021-10-22T09:21:00+00:00;1;SNCF;Parking - r. des Caillettes;;Source IDFM;476006;661178;6831984;true;true;48.586900738430465, 2.4736210012027464
50170471;1343121;2021-10-22T09:20:57+00:00;2021-10-22T09:20:57+00:00;1;SNCF;Parking coté Ouest;;Source IDFM;475885;617242;6866582;true;true;48.89392299913576, 1.8712563735340055
50170473;1343117;2021-10-22T09:20:56+00:00;2021-10-22T09:20:56+00:00;1;SNCF;Parking de la Gare;;Source IDFM- Accès voie 1  depuis parking;474751;653909;6815089;true;true;48.434444091816594, 2.376873696718854
50170474;1343115;2021-10-22T09:20:56+00:00;2021-10-22T09:20:56+00:00;1;SNCF;Parking du Port;;Source IDFM;476875;659244;6847913;true;true;48.73005582689873, 2.445883564526517
50170475;1343113;2021-10-22T09:20:56+00:00;2021-10-22T09:20:56+00:00;1;SNCF;Parking lieu dit Ferme de Noisy;;Source IDFM;476844;656859;6845556;true;true;48.708701924169304, 2.4136963266698714
50170479;1343105;2021-10-22T09:20:54+00:00;2021-10-22T09:20:54+00:00;1;SNCF;Parking route de Gressey;;Source IDFM;475455;597326;6856033;true;true;48.796199327165525, 1.602218288378395
50170486;1343091;2021-10-22T09:20:50+00:00;2021-10-22T09:20:50+00:00;1;SNCF;Passerelle (côté Asnières);;Source IDFM - Escalier et escalator vers passerelle;474607;646340;6867568;true;true;48.905872514245274, 2.2679729835269087
50170487;1343089;2021-10-22T09:20:49+00:00;2021-10-22T09:20:49+00:00;1;SNCF;Passerelle (côté Courbevoie;;Source IDFM - Escalier et escalator vers passerelle;474608;646366;6867471;true;true;48.90500241613768, 2.2683399148680183
50170493;1343077;2021-10-22T09:20:45+00:00;2021-10-22T09:20:45+00:00;1;SNCF;pl. Augustin Mounie;;Source IDFM - Escalier vers souterrain;474938;649468;6850000;true;true;48.74813487436639, 2.3127286820194617
50170498;1343067;2021-10-22T09:20:43+00:00;2021-10-22T09:20:43+00:00;1;SNCF;pl. Cyrille Lecomte;;Source IDFM;476578;644603;6879801;true;true;49.01572371621866, 2.2426778428595844
50170499;1343065;2021-10-22T09:20:42+00:00;2021-10-22T09:20:42+00:00;1;SNCF;pl. Davout;4;Source IDFM;476655;652303;6841932;true;true;48.675786612747906, 2.352185143089435
50170504;1343055;2021-10-22T09:20:40+00:00;2021-10-22T09:20:40+00:00;1;SNCF;pl. de la Gare;2;Source IDFM;476653;652259;6841954;true;true;48.675981239513526, 2.351585113682154
50170509;1343045;2021-10-22T09:20:39+00:00;2021-10-22T09:20:39+00:00;1;SNCF;pl. de la Gare;;Source  IDFM;476915;654813;6841973;true;true;48.67633572564293, 2.3862699189252297
50170510;1343043;2021-10-22T09:20:38+00:00;2021-10-22T09:20:38+00:00;1;SNCF;pl. de la Gare;;Source  IDFM;476918;654823;6841946;true;true;48.67609357715153, 2.3864085830697515
50170518;1343027;2021-10-22T09:20:36+00:00;2021-10-22T09:20:36+00:00;1;SNCF;pl. de la Gare;;Source IDFM;475351;609304;6857432;true;true;48.81057553514309, 1.7649579904385275
50170519;1343025;2021-10-22T09:20:36+00:00;2021-10-22T09:20:36+00:00;1;SNCF;pl. de la Gare;;Source IDFM;475149;612760;6874352;true;true;48.96319597570289, 1.8085360646109379
50170522;1343019;2021-10-22T09:20:35+00:00;2021-10-22T09:20:35+00:00;1;SNCF;pl. de la Gare;;Source IDFM;474853;628815;6874999;true;true;48.97099148089887, 2.027670752020642
50170532;1342999;2021-10-22T09:20:33+00:00;2021-10-22T09:20:33+00:00;1;SNCF;pl. de la Gare;;Source IDFM;475853;655075;6810473;true;true;48.39299912874654, 2.393116404903526
50170539;1342985;2021-10-22T09:20:31+00:00;2021-10-22T09:20:31+00:00;1;SNCF;pl. de la Gare;;Source IDFM;475778;663587;6883423;true;true;49.04964778405243, 2.5018835727866007
50170543;1342977;2021-10-22T09:20:31+00:00;2021-10-22T09:20:31+00:00;1;SNCF;pl. de la Gare;;Source IDFM;476670;665952;6870790;true;true;48.93618264352772, 2.5352522474767016
50170544;1342975;2021-10-22T09:20:30+00:00;2021-10-22T09:20:30+00:00;1;SNCF;pl. de la Gare;;Source IDFM;476902;666428;6858252;true;true;48.82345508825681, 2.5427404367491024
50170553;1342957;2021-10-22T09:20:29+00:00;2021-10-22T09:20:29+00:00;1;SNCF;pl. de la Gare;;Source IDFM;475925;690729;6872941;true;true;48.95635964737811, 2.873404452374536
50170554;1342955;2021-10-22T09:20:28+00:00;2021-10-22T09:20:28+00:00;1;SNCF;pl. de la Gare;;Source IDFM;475924;690751;6872994;true;true;48.956836559963236, 2.873703704419419
50170555;1342953;2021-10-22T09:20:28+00:00;2021-10-22T09:20:28+00:00;1;SNCF;pl. de la Gare;;Source IDFM;475923;690762;6873045;true;true;48.95729532892411, 2.873852798033853
50170563;1342937;2021-10-22T09:20:27+00:00;2021-10-22T09:20:27+00:00;1;SNCF;pl. de la Gare;;Source IDFM;476022;700893;6829041;true;true;48.561590696329056, 3.0121020549233757
50170565;1342933;2021-10-22T09:20:26+00:00;2021-10-22T09:20:26+00:00;1;SNCF;pl. de la Gare;;Source IDFM;476024;700928;6829012;true;true;48.561329778341644, 3.0125763169817326
50170575;1342913;2021-10-22T09:20:24+00:00;2021-10-22T09:20:24+00:00;1;SNCF;pl. de la Gare;;Source IDFM - Accès direct au quai (côté gauche bv);474705;580081;6788535;true;true;48.186143429128094, 1.3862864317732342
50170576;1342911;2021-10-22T09:20:24+00:00;2021-10-22T09:20:24+00:00;1;SNCF;pl. de la Gare;;Source IDFM - Accès direct voie 1b côté droit bâtiment voyageur;474826;642089;6824070;true;true;48.51428735280203, 2.2158771897212572
50170591;1342881;2021-10-22T09:20:21+00:00;2021-10-22T09:20:21+00:00;1;SNCF;pl. de la gare;;Source IDFM;476733;643094;6880888;true;true;49.0253654686189, 2.221903472452162
50170594;1342875;2021-10-22T09:20:21+00:00;2021-10-22T09:20:21+00:00;1;SNCF;pl. de la Gare;;Source IDFM;475899;647668;6829644;true;true;48.56490135032024, 2.2907354319952735
50170595;1342873;2021-10-22T09:20:20+00:00;2021-10-22T09:20:20+00:00;1;SNCF;pl. de la Gare;;Source IDFM;475898;647709;6829657;true;true;48.56502159791274, 2.291289500847498
50170598;1342867;2021-10-22T09:20:20+00:00;2021-10-22T09:20:20+00:00;1;SNCF;pl. de la Gare;;Source IDFM;476598;648934;6837528;true;true;48.635917751668316, 2.3069550413042057
50170599;1342865;2021-10-22T09:20:20+00:00;2021-10-22T09:20:20+00:00;1;SNCF;pl. de la Gare;;Source IDFM;475084;651554;6881621;true;true;49.03265007561071, 2.337490151985768
50170610;1342843;2021-10-22T09:20:18+00:00;2021-10-22T09:20:18+00:00;1;SNCF;pl. de la Gare (bâtiment voyageur);;Source IDFM - Bâtiment Voyageur;474850;701855;6873261;true;true;48.95930136118168, 3.0253314561481215
50170614;1342835;2021-10-22T09:20:17+00:00;2021-10-22T09:20:17+00:00;1;SNCF;pl. de la gare (côté voie 2 et bâtiment voyageur);;Source IDFM;474621;653356;6888884;true;true;49.09808629690421, 2.3613284723659946
50170615;1342833;2021-10-22T09:20:17+00:00;2021-10-22T09:20:17+00:00;1;SNCF;pl. de la Gare (Gare Routière);4;Source IDFM;476604;648934;6837548;true;true;48.6360976432676, 2.306952659036286
50170616;1342831;2021-10-22T09:20:16+00:00;2021-10-22T09:20:16+00:00;1;SNCF;pl. de la Gare (guichets);;Source IDFM;474490;630392;6875381;true;true;48.974598952038065, 2.0491463556639697
50170618;1342827;2021-10-22T09:20:16+00:00;2021-10-22T09:20:16+00:00;1;SNCF;pl. de la Gare (pl. Lénine);1;Source IDFM;476874;657796;6849010;true;true;48.73982915933627, 2.4260889130994254
50170623;1342817;2021-10-22T09:20:15+00:00;2021-10-22T09:20:15+00:00;1;SNCF;pl. de la Gare (via souterrain);;Source IDFM - Escalier sur place de la gare menant au souterrain;474780;663681;6844419;true;true;48.69889505382036, 2.5065040016593576
50170624;1342815;2021-10-22T09:20:15+00:00;2021-10-22T09:20:15+00:00;1;SNCF;pl. de la gare / r. Carnot;;Source IDFM;475893;633739;6863850;true;true;48.871265059199374, 2.096664580585432
50170628;1342807;2021-10-22T09:20:14+00:00;2021-10-22T09:20:14+00:00;1;SNCF;pl. de la Gare des Vallées (Accès parking);;Source IDFM;475737;645594;6868446;true;true;48.91370519715506, 2.2576840876531787
50170629;1342805;2021-10-22T09:20:14+00:00;2021-10-22T09:20:14+00:00;1;SNCF;pl. de la Liberation;;Source IDFM;476879;626696;6871518;true;true;48.939453340313605, 1.999332514437733
50170641;1342781;2021-10-22T09:20:11+00:00;2021-10-22T09:20:11+00:00;1;SNCF;pl. de l'Europe;;Source IDFM - Accès côté droit bâtiment voyageur. Accès direct voie 2 ou escalier pour souterrain vers voie 1;474839;685143;6811820;true;true;48.40650084493542, 2.7992497267193595
50170642;1342779;2021-10-22T09:20:11+00:00;2021-10-22T09:20:11+00:00;1;SNCF;pl. de l'Europe;;Source IDFM - Accès côté gauche bâtiment voyageur (direct voie 2);474838;685132;6811845;true;true;48.40672550666651, 2.799100234063149
50170643;1342777;2021-10-22T09:20:11+00:00;2021-10-22T09:20:11+00:00;1;SNCF;pl. de l'Europe;;Source IDFM;475865;606019;6876716;true;true;48.9835008936416, 1.715962796021785
50170650;1342763;2021-10-22T09:20:10+00:00;2021-10-22T09:20:10+00:00;1;SNCF;pl. de Stalingrad;;Source IDFM - Escalier;475140;650794;6841246;true;true;48.669503389771776, 2.331769897970381
50170651;1342761;2021-10-22T09:20:09+00:00;2021-10-22T09:20:09+00:00;1;SNCF;pl. de Verdun;;Source IDFM;475268;665315;6864923;true;true;48.883388955714864, 2.527037213385844
50170653;1342757;2021-10-22T09:20:09+00:00;2021-10-22T09:20:09+00:00;1;SNCF;pl. de Verdun;;Source IDFM;474883;622447;6896412;true;true;49.16277119344192, 1.9367609946790358
50170654;1342755;2021-10-22T09:20:09+00:00;2021-10-22T09:20:09+00:00;1;SNCF;pl. de Verdun (Accès Parking);;Source IDFM;475269;665287;6864884;true;true;48.88303672647674, 2.5266586038952963
50170680;1342703;2021-10-22T09:20:04+00:00;2021-10-22T09:20:04+00:00;1;SNCF;pl. du Commandant Charcot;;Source IDFM - Accès via bâtiment voyageur;475629;659526;6836010;true;true;48.62301319854817, 2.4508429695016765
50170685;1342693;2021-10-22T09:20:03+00:00;2021-10-22T09:20:03+00:00;1;SNCF;pl. du général de Gaulle;;Source IDFM;476785;673587;6863940;true;true;48.87494134688651, 2.6398930783435013
50170693;1342677;2021-10-22T09:20:01+00:00;2021-10-22T09:20:01+00:00;1;SNCF;pl. du Général Leclerc;;Source IDFM;475176;637869;6815511;true;true;48.43690348260027, 2.159974811384579
50170696;1342671;2021-10-22T09:20:00+00:00;2021-10-22T09:20:00+00:00;1;SNCF;pl. du Petit Prince;;Source IDFM;476887;626050;6858709;true;true;48.82419742307882, 1.9927453170974148
50170700;1342663;2021-10-22T09:20:00+00:00;2021-10-22T09:20:00+00:00;1;SNCF;pl. du Président F.Roosevelt;3;Source IDFM;476556;649461;6839452;true;true;48.65326460316069, 2.3138800047376455
50170702;1342659;2021-10-22T09:19:59+00:00;2021-10-22T09:19:59+00:00;1;SNCF;pl. du Président Robert Lakota;;Source IDFM;476846;656923;6845505;true;true;48.70824749449691, 2.414571219347091
50170712;1342639;2021-10-22T09:19:57+00:00;2021-10-22T09:19:57+00:00;1;SNCF;pl. Gabriel Péri;;Source IDFM;475439;638681;6877046;true;true;48.99041416429518, 2.1621246909362064
50170714;1342635;2021-10-22T09:19:57+00:00;2021-10-22T09:19:57+00:00;1;SNCF;pl. Gallieni;;Source IDFM;475928;674565;6825328;true;true;48.527691577935975, 2.6555231956735303
50170715;1342633;2021-10-22T09:19:56+00:00;2021-10-22T09:19:56+00:00;1;SNCF;pl. George Pompidou;;Source IDFM;476233;629767;6870756;true;true;48.932944150261925, 2.041376575493628
50170716;1342631;2021-10-22T09:19:56+00:00;2021-10-22T09:19:56+00:00;1;SNCF;pl. Georges Clémenceau;;Source IDFM;474992;632284;6876983;true;true;48.98920550394238, 2.0747324897033277
50170718;1342627;2021-10-22T09:19:56+00:00;2021-10-22T09:19:56+00:00;1;SNCF;pl. Guy Gasnier;;Source IDFM;474935;669379;6863906;true;true;48.874449259147454, 2.5825259145554194
50170721;1342621;2021-10-22T09:19:55+00:00;2021-10-22T09:19:55+00:00;1;SNCF;pl. Jean Coquelin;;Source IDFM;476099;660443;6866394;true;true;48.89633639919802, 2.4604677716363907
50170722;1342619;2021-10-22T09:19:55+00:00;2021-10-22T09:19:55+00:00;1;SNCF;pl. Jean Moulin;;Source IDFM;475840;657906;6855940;true;true;48.802162368600946, 2.4269007433424434
50170726;1342611;2021-10-22T09:19:54+00:00;2021-10-22T09:19:54+00:00;1;SNCF;pl. Joseph Piette;;Source IDFM;475971;660418;6845471;true;true;48.70816529866145, 2.462070884736524
50170736;1342591;2021-10-22T09:19:52+00:00;2021-10-22T09:19:52+00:00;1;SNCF;pl. Pierre Brosselette;1;Source IDFM;476679;641304;6858904;true;true;48.827520515292335, 2.200473345310256
50170738;1342587;2021-10-22T09:19:52+00:00;2021-10-22T09:19:52+00:00;1;SNCF;pl. Pierre Sémard;1;Source IDFM;476539;631932;6855835;true;true;48.79899963276788, 2.0733142965033107
50170739;1342585;2021-10-22T09:19:52+00:00;2021-10-22T09:19:52+00:00;1;SNCF;pl. Pierre Sémard;;Source IDFM;475967;695780;6808851;true;true;48.379945978767466, 2.943007495630937
50170743;1342577;2021-10-22T09:19:51+00:00;2021-10-22T09:19:51+00:00;1;SNCF;pl. Pierre Vennin;;Source IDFM;474758;648565;6834261;true;true;48.6065028779847, 2.302339131639646
50170748;1342567;2021-10-22T09:19:50+00:00;2021-10-22T09:19:50+00:00;1;SNCF;pl. Salvador Allende;;Source IDFM;476634;646101;6874744;true;true;48.970380202725416, 2.2638000598959263
50170749;1342565;2021-10-22T09:19:50+00:00;2021-10-22T09:19:50+00:00;1;SNCF;pl. Salvator Allende;;Source IDFM;475362;655223;6875224;true;true;48.97539640516464, 2.388340081201985
50170751;1342561;2021-10-22T09:19:49+00:00;2021-10-22T09:19:49+00:00;1;SNCF;pl. Verdun;;Source IDFM;474930;640072;6855835;true;true;48.79980740662799, 2.1841247846719414
50170753;1342557;2021-10-22T09:19:49+00:00;2021-10-22T09:19:49+00:00;1;SNCF;Pont Jean Monnet;;Source IDFM;475848;637355;6872107;true;true;48.94587597367879, 2.1447383049710744
50170788;1342487;2021-10-22T09:19:42+00:00;2021-10-22T09:19:42+00:00;1;SNCF;r. de Bondy;;Source IDFM - Accès au souterrain (escalier et ascenseur);474552;662894;6870342;true;true;48.93198493467333, 2.4935515344251673
50170792;1342479;2021-10-22T09:19:41+00:00;2021-10-22T09:19:41+00:00;1;SNCF;r. de la Cité;;Source IDFM;475698;618375;6847427;true;true;48.72181237533836, 1.8903784772831287
50170798;1342467;2021-10-22T09:19:40+00:00;2021-10-22T09:19:40+00:00;1;SNCF;r. de la Gare;;Source IDFM;476502;599780;6878350;true;true;48.997249253784325, 1.630350372374995
50170804;1342455;2021-10-22T09:19:38+00:00;2021-10-22T09:19:38+00:00;1;SNCF;r. de la Gare;;Source IDFM;475608;678318;6864686;true;true;48.88182675478223, 2.7043553649500067
50170819;1342425;2021-10-22T09:19:36+00:00;2021-10-22T09:19:36+00:00;1;SNCF;r. de la Gare;;Source IDFM;474764;638850;6829721;true;true;48.56482145706825, 2.1712207573131264
50170820;1342423;2021-10-22T09:19:35+00:00;2021-10-22T09:19:35+00:00;1;SNCF;r. de la Gare;;Source IDFM;474688;628775;6886669;true;true;49.075913570772656, 2.025156608736429
50170821;1342421;2021-10-22T09:19:35+00:00;2021-10-22T09:19:35+00:00;1;SNCF;r. de la Gare (bâtiment voyageur);;Source IDFM - Accès via bâtiment voyageur;474822;670030;6829565;true;true;48.56561152310348, 2.593809618325875
50170835;1342393;2021-10-22T09:19:32+00:00;2021-10-22T09:19:32+00:00;1;SNCF;r. de la Légion d'Honneur (Esplanade musée);3;Source IDFM;476019;650508;6862501;true;true;48.86064067638875, 2.3254202568747213
50170836;1342391;2021-10-22T09:19:32+00:00;2021-10-22T09:19:32+00:00;1;SNCF;r. de la Liberation;;Source IDFM;475519;638340;6851949;true;true;48.764696187270076, 2.1611086790352725
50170837;1342389;2021-10-22T09:19:32+00:00;2021-10-22T09:19:32+00:00;1;SNCF;r. de la Noue;;Source IDFM;475649;672200;6826674;true;true;48.539702493659505, 2.623406539573621
50170846;1342371;2021-10-22T09:19:30+00:00;2021-10-22T09:19:30+00:00;1;SNCF;r. de la Roche qui tourne (Centre ville);;Source IDFM;475619;645040;6824728;true;true;48.52046321759423, 2.2557477289018473
50170848;1342367;2021-10-22T09:19:30+00:00;2021-10-22T09:19:30+00:00;1;SNCF;r. de la Station;;Source IDFM;475080;651539;6875309;true;true;48.97589355300376, 2.3380086736648673
50170849;1342365;2021-10-22T09:19:29+00:00;2021-10-22T09:19:29+00:00;1;SNCF;r. de la Station (souterrain);;Source IDFM - Accès au souterrain;474527;647508;6867586;true;true;48.906130691358946, 2.283903670511034
50170858;1342347;2021-10-22T09:19:27+00:00;2021-10-22T09:19:27+00:00;1;SNCF;r. de l'Embarquement;;Source IDFM;474811;627694;6883572;true;true;49.047948220349284, 2.0108936359222582
50170873;1342317;2021-10-22T09:19:24+00:00;2021-10-22T09:19:24+00:00;1;SNCF;r. de Paris - RN6;;Source IDFM;476877;659309;6847920;true;true;48.7301228841016, 2.446766605380848
50170874;1342315;2021-10-22T09:19:23+00:00;2021-10-22T09:19:23+00:00;1;SNCF;r. de Paris - RN6;;Source IDFM;476878;659329;6847873;true;true;48.72970142649112, 2.447042990557907
50170875;1342313;2021-10-22T09:19:23+00:00;2021-10-22T09:19:23+00:00;1;SNCF;r. de Paris - RN6;;Source IDFM;476876;659329;6847981;true;true;48.73067277736578, 2.447032707982432
50170883;1342297;2021-10-22T09:19:21+00:00;2021-10-22T09:19:21+00:00;1;SNCF;r. de Robinson;;Source IDFM;475170;660466;6834120;true;true;48.60607099890331, 2.463770769984498
50170892;1342279;2021-10-22T09:19:19+00:00;2021-10-22T09:19:19+00:00;1;SNCF;r. de Vaucelles;;Source IDFM;476811;643755;6880417;true;true;49.0211887496198, 2.231003709196565
50170895;1342273;2021-10-22T09:19:18+00:00;2021-10-22T09:19:18+00:00;1;SNCF;r. de Verdun;;Source IDFM;475767;718483;6823709;true;true;48.51336304056991, 3.250254228598593
50170901;1342261;2021-10-22T09:19:17+00:00;2021-10-22T09:19:17+00:00;1;SNCF;r. des Belles Hates;;Source IDFM;475151;633502;6880222;true;true;49.01845579530823, 2.0908641507753556
50170902;1342259;2021-10-22T09:19:17+00:00;2021-10-22T09:19:17+00:00;1;SNCF;r. des Bergeronnettes;;Source IDFM;475726;661706;6881503;true;true;49.032274713757566, 2.4763271060054413
50170905;1342253;2021-10-22T09:19:16+00:00;2021-10-22T09:19:16+00:00;1;SNCF;r. des Bourguignons;;Source IDFM;474677;646693;6868416;true;true;48.913527395695084, 2.2726817659767553
50170908;1342247;2021-10-22T09:19:15+00:00;2021-10-22T09:19:15+00:00;1;SNCF;r. des Bussys;;Source IDFM;475156;646707;6875853;true;true;48.98040267810448, 2.2719372057619958
50170909;1342245;2021-10-22T09:19:15+00:00;2021-10-22T09:19:15+00:00;1;SNCF;r. des Callais;;Source IDFM;475157;646699;6875905;true;true;48.980869588383236, 2.271821368896621
50170912;1342239;2021-10-22T09:19:14+00:00;2021-10-22T09:19:14+00:00;1;SNCF;r. des Ecoles / Chemin latéral (souterrain);;Source IDFM - chemin vers souterrain;474829;642114;6824123;true;true;48.5147663401796, 2.2162085478554054
50170919;1342225;2021-10-22T09:19:13+00:00;2021-10-22T09:19:13+00:00;1;SNCF;r. des Herbages;1;Source IDFM;476532;635465;6828245;true;true;48.55121647734359, 2.1255682913918457
50170931;1342201;2021-10-22T09:19:11+00:00;2021-10-22T09:19:11+00:00;1;SNCF;r. des Trois Villes;;Source IDFM;476741;676655;6878797;true;true;49.008660439461416, 2.6809022356470136
50171142;1342183;2021-10-22T09:19:09+00:00;2021-10-22T09:19:09+00:00;1;SNCF;r. d'Ormesson;;Source IDFM;475533;649973;6874268;true;true;48.966412995105166, 2.3167407555630914
50171143;1342181;2021-10-22T09:19:09+00:00;2021-10-22T09:19:09+00:00;1;SNCF;r. du 11  Novembre;;Source IDFM - Escalier (souterrain - gare routière);474556;663073;6870390;true;true;48.932426869261604, 2.4959904026396504
50171145;1342177;2021-10-22T09:19:08+00:00;2021-10-22T09:19:08+00:00;1;SNCF;r. du 11  Novembre;;Source IDFM - Escalier (souterrain - gare routière);474553;663095;6870402;true;true;48.93253604048961, 2.496289623512437
50171146;1342175;2021-10-22T09:19:08+00:00;2021-10-22T09:19:08+00:00;1;SNCF;r. du 11  Novembre;;Source IDFM - Escalier (souterrain - gare routière);474555;663096;6870390;true;true;48.93242818901367, 2.496304316745325
50171147;1342173;2021-10-22T09:19:08+00:00;2021-10-22T09:19:08+00:00;1;SNCF;r. du 11 Novembre;;Source IDFM - Accès au souterrain (escalier et ascenseur);474557;662895;6870374;true;true;48.93227274928412, 2.49356238156962
50171150;1342167;2021-10-22T09:19:07+00:00;2021-10-22T09:19:07+00:00;1;SNCF;r. du Blancport;;Source IDFM;475082;651568;6875305;true;true;48.975859770929695, 2.3384052613427357
50171160;1342147;2021-10-22T09:19:05+00:00;2021-10-22T09:19:05+00:00;1;SNCF;r. du Chemin de Fer (Accès parking);;Source IDFM;475631;667195;6864251;true;true;48.87744426878246, 2.552724132173534
50171163;1342141;2021-10-22T09:19:05+00:00;2021-10-22T09:19:05+00:00;1;SNCF;r. du Clos de l'Abreuvoir;;Source IDFM;475353;609351;6857395;true;true;48.81024942272853, 1.7656057788343922
50171176;1342115;2021-10-22T09:19:02+00:00;2021-10-22T09:19:02+00:00;1;SNCF;r. du Général Leclerc;;Source IDFM;474680;646671;6868412;true;true;48.91348960360313, 2.272382118872903
50171177;1342113;2021-10-22T09:19:02+00:00;2021-10-22T09:19:02+00:00;1;SNCF;r. du Général Leclerc;;Source IDFM;474679;646665;6868418;true;true;48.91354306055733, 2.2722995054287516
50171183;1342101;2021-10-22T09:19:01+00:00;2021-10-22T09:19:01+00:00;1;SNCF;r. du Maréchal Foch;;Source IDFM;476638;646140;6874662;true;true;48.9696461368889, 2.264343159839075
50171196;1342075;2021-10-22T09:18:58+00:00;2021-10-22T09:18:58+00:00;1;SNCF;r. du Port Ancien;;Source IDFM;476234;629754;6870868;true;true;48.933949825440436, 2.041180591709124
50171199;1342069;2021-10-22T09:18:57+00:00;2021-10-22T09:18:57+00:00;1;SNCF;r. du Radillon;;Source IDFM;475977;627223;6887188;true;true;49.08040555676428, 2.003827290731569
50171205;1342057;2021-10-22T09:18:56+00:00;2021-10-22T09:18:56+00:00;1;SNCF;r. Emile Combres (2);;Source IDFM;475998;650486;6885365;true;true;49.066231906912925, 2.322446401052704
50171210;1342047;2021-10-22T09:18:55+00:00;2021-10-22T09:18:55+00:00;1;SNCF;r. Eugène Berr;;Source IDFM;474997;634034;6877886;true;true;48.99750682490993, 2.0985014230469883
50171212;1342043;2021-10-22T09:18:55+00:00;2021-10-22T09:18:55+00:00;1;SNCF;r. Félix Faure;;Source IDFM;475165;686074;6867031;true;true;48.90312952310308, 2.8100347580056724
50171217;1342033;2021-10-22T09:18:54+00:00;2021-10-22T09:18:54+00:00;1;SNCF;r. Francis Auffray;;Source IDFM;476198;654102;6873993;true;true;48.96424820404124, 2.3731611911740984
50171225;1342017;2021-10-22T09:18:52+00:00;2021-10-22T09:18:52+00:00;1;SNCF;r. Georges Clémenceau;;Source IDFM;476758;682172;6848909;true;true;48.74005405844627, 2.75756665462111
50171227;1342013;2021-10-22T09:18:51+00:00;2021-10-22T09:18:51+00:00;1;SNCF;r. Georges Clémenceau;;Source IDFM;476760;682322;6848826;true;true;48.739311673261966, 2.7596098470419377
50171235;1341997;2021-10-22T09:18:50+00:00;2021-10-22T09:18:50+00:00;1;SNCF;r. Jean Jaurès;;Source IDFM;476900;657412;6877310;true;true;48.99430226086657, 2.418030998779617
50171240;1341987;2021-10-22T09:18:49+00:00;2021-10-22T09:18:49+00:00;1;SNCF;r. Jules Ferry;3;Source IDFM;476922;656058;6855858;true;true;48.80130163618581, 2.401750087412364
50171250;1341967;2021-10-22T09:18:47+00:00;2021-10-22T09:18:47+00:00;1;SNCF;r. Mathurin Rouzic;;Source IDFM - Accès via souterrain;474710;596258;6883034;true;true;49.03880140726971, 1.5810772089799696
50171260;1341947;2021-10-22T09:18:45+00:00;2021-10-22T09:18:45+00:00;1;SNCF;r. Pasteur;;Source IDFM;475063;677997;6881431;true;true;49.032392144865135, 2.6991083676657244
50171266;1341935;2021-10-22T09:18:44+00:00;2021-10-22T09:18:44+00:00;1;SNCF;r. Pierre Brossolette;;Source IDFM;474759;648478;6834309;true;true;48.60692770788885, 2.301153369034797
50171269;1341929;2021-10-22T09:18:43+00:00;2021-10-22T09:18:43+00:00;1;SNCF;r. Pierre Semard;;Source IDFM;475624;661707;6870397;true;true;48.93240995963992, 2.4773460309854602
50171270;1341927;2021-10-22T09:18:43+00:00;2021-10-22T09:18:43+00:00;1;SNCF;r. Pierre Semard (souterrain);6;Source IDFM;476925;656124;6855792;true;true;48.80071256572727, 2.402655409836209
50171279;1341909;2021-10-22T09:18:41+00:00;2021-10-22T09:18:41+00:00;1;SNCF;r. Robert Schuman;;Source IDFM;476903;666439;6858216;true;true;48.82313190128385, 2.5428930947689214
50171284;1341899;2021-10-22T09:18:40+00:00;2021-10-22T09:18:40+00:00;1;SNCF;r. Saint-Lambert;;Source IDFM - Escalier;474980;675547;6876960;true;true;48.992101038026036, 2.6658636522132295
50171285;1341897;2021-10-22T09:18:40+00:00;2021-10-22T09:18:40+00:00;1;SNCF;r. Saint-Lambert;;Source IDFM - Escalier;474981;675565;6876943;true;true;48.991948858589225, 2.6661105912955407
50171291;1341885;2021-10-22T09:18:39+00:00;2021-10-22T09:18:39+00:00;1;SNCF;r. Salvator Allende;1;Source IDFM;476590;636771;6814489;true;true;48.42760369887189, 2.145280314319137
50171299;1341869;2021-10-22T09:18:37+00:00;2021-10-22T09:18:37+00:00;1;SNCF;r. Worth;1;Source IDFM;476726;642878;6863771;true;true;48.871430021331214, 2.221258354530282
50171315;1341837;2021-10-22T09:18:34+00:00;2021-10-22T09:18:34+00:00;1;SNCF;rte des Fraillons (sud);;Source IDFM;476744;682539;6810461;true;true;48.39420972891897, 2.7641190910610116
50171317;1341833;2021-10-22T09:18:33+00:00;2021-10-22T09:18:33+00:00;1;SNCF;rte d'Héricy;;Source  IDFM;476940;681716;6814468;true;true;48.4302359987503, 2.7528318037089483
50171323;1341821;2021-10-22T09:18:32+00:00;2021-10-22T09:18:32+00:00;1;SNCF;Sentier Pieton;;Source IDFM;476731;602291;6859633;true;true;48.829342845428734, 1.668971557308882
50171330;1341807;2021-10-22T09:18:31+00:00;2021-10-22T09:18:31+00:00;1;SNCF;voie 1;;Source IDFM;474782;650864;6895256;true;true;49.15518828200305, 2.3264642553800345
50171333;1341801;2021-10-22T09:18:30+00:00;2021-10-22T09:18:30+00:00;1;SNCF;voie 2 (côté gare);;Source IDFM - Passage à droite du bâtiment voyageur (accès direct voie 2);474639;642222;6882071;true;true;49.03592432968496, 2.2098192232695006
50147750;1824340;2021-10-22T08:26:36+00:00;2026-07-24T11:44:39+00:00;59;RATP;av. de Paris;1;;50147750;657860;6866326;true;true;48.89556100276793, 2.4252452575916768
50147940;1824339;2021-10-22T08:25:55+00:00;2026-07-24T11:44:38+00:00;59;RATP;av. de Madrid;2;;50147940;645721;6865229;false;true;48.88478715917777, 2.2598282013992756
50148648;1824335;2021-10-22T08:23:23+00:00;2026-07-24T11:44:35+00:00;59;RATP;pl. de la Gare;1;;50148648;631616;6845150;true;true;48.702871467827805, 2.070724490441345
50148416;1824290;2021-10-22T08:24:11+00:00;2026-07-24T08:33:04+00:00;59;RATP;bd de Belleville;1;;50148416;654322;6863730;true;true;48.87197462115087, 2.3772710183667582
50148415;1572554;2021-10-22T08:24:11+00:00;2026-07-24T08:33:04+00:00;59;RATP;r. de Belleville;2;;50148415;654294;6863763;true;true;48.872269397217245, 2.37688575958676
50208155;1661182;2024-02-20T08:22:33+00:00;2026-07-24T08:33:04+00:00;59;RATP;Cr. de la Grâce de Dieu;9;;50208155;654184;6863683;true;true;48.871542157279336, 2.3753948086257988
50148784;1572252;2021-10-22T08:22:57+00:00;2026-07-24T08:27:09+00:00;59;RATP;bd de la Villette;1;;50148784;653808;6864862;true;true;48.8821177628649, 2.370140844534426
50148028;1572893;2021-10-22T08:25:37+00:00;2026-07-23T08:35:40+00:00;59;RATP;r. Viala;1;;50148028;648115;6861399;true;true;48.850542253468944, 2.292939681893601
50148050;1572878;2021-10-22T08:25:32+00:00;2026-07-23T08:30:38+00:00;59;RATP;r. du Sahel;2;;50148050;656044;6860365;true;true;48.84183318022881, 2.401094098117584
50148039;1572888;2021-10-22T08:25:35+00:00;2026-07-23T08:28:47+00:00;59;RATP;r. du Chevaleret;2;;50148039;653578;6859598;true;true;48.83476256998616, 2.3675796412591557
50148781;1821451;2021-10-22T08:22:57+00:00;2026-07-08T15:33:03+00:00;59;RATP;Galerie Marchande;2;;50148781;653006;6864275;true;true;48.87678100213198, 2.359270455218916
50148490;1572494;2021-10-22T08:23:55+00:00;2026-06-16T09:18:36+00:00;59;RATP;cour du Havre;9;;50148490;650596;6864222;false;true;48.876124016380864, 2.326419549847376
50148783;1572253;2021-10-22T08:22:57+00:00;2026-05-11T16:12:09+00:00;59;RATP;r. de la gare;1;;50148783;636460;6844591;true;true;48.69833845393778, 2.1366275918100563
50148762;1661193;2021-10-22T08:23:01+00:00;2026-04-13T12:36:58+00:00;59;RATP;bd Anatole France;3;;50148762;651861;6869027;true;true;48.91942907481694, 2.343120942456711
50148703;1572329;2021-10-22T08:23:15+00:00;2026-04-03T09:24:02+00:00;59;RATP;av. de Stalingrad;2;;50148703;653431;6871940;true;true;48.945739159622846, 2.364223342760627
50148500;1572486;2021-10-22T08:23:53+00:00;2026-04-03T09:23:49+00:00;59;RATP;r. Lamarck;4;;50148500;650652;6865938;true;true;48.89155971571588, 2.326983617634898
50148726;1572307;2021-10-22T08:23:10+00:00;2026-04-03T09:23:41+00:00;59;RATP;r. Émile Zola;2;;50148726;647659;6869463;true;true;48.92302166065407, 2.2857318838883347
50147960;1661271;2021-10-22T08:25:51+00:00;2026-04-03T09:23:25+00:00;59;RATP;bd. André Maurois;3;;50147960;647206;6864538;true;true;48.87869671958892, 2.2801630599552487
50148511;1572475;2021-10-22T08:23:51+00:00;2026-04-03T09:23:21+00:00;59;RATP;Centre Ville;3;;50148511;652815;6870212;true;true;48.930155670461005, 2.356006259814204
50148510;1572476;2021-10-22T08:23:51+00:00;2026-04-03T09:23:21+00:00;59;RATP;r. Danielle Casanova;2;;50148510;652858;6870189;true;true;48.92995199956814, 2.3565956673020323
50148512;1572474;2021-10-22T08:23:50+00:00;2026-04-03T09:22:58+00:00;59;RATP;r. Brochant;1;;50148512;650138;6865813;true;true;48.890396039053094, 2.3199886242212044
50148897;1572145;2021-10-22T08:22:33+00:00;2026-04-03T09:22:45+00:00;59;RATP;av. de Clichy;7;;50148897;649745;6866213;true;true;48.893962515532216, 2.314581859094676
50148896;1572146;2021-10-22T08:22:34+00:00;2026-04-03T09:22:45+00:00;59;RATP;r. André Suarès;6;;50148896;649611;6866248;true;true;48.894266781219, 2.3127501968248083
50148516;1572470;2021-10-22T08:23:49+00:00;2026-04-03T09:22:45+00:00;59;RATP;bd Berthier;1;;50148516;649665;6866233;true;true;48.89413611702719, 2.313488438143385
50148723;1572310;2021-10-22T08:23:11+00:00;2026-04-03T09:22:31+00:00;59;RATP;pl. du Caquet;2;;50148723;653074;6870990;true;true;48.93717060765708, 2.359454872494202
50148485;1572498;2021-10-22T08:23:56+00:00;2026-04-03T09:22:25+00:00;59;RATP;av. du Maine;3;;50148485;650237;6860059;true;true;48.838659055028245, 2.3220124688859967
50148484;1572499;2021-10-22T08:23:57+00:00;2026-04-03T09:22:25+00:00;59;RATP;r. Vercingétorix;1;;50148484;650240;6860042;true;true;48.83850640528323, 2.322055328373378
50147972;1572944;2021-10-22T08:25:48+00:00;2026-04-03T09:22:04+00:00;59;RATP;Champs-Élysées;1;;50147972;649168;6863564;true;true;48.870095671042826, 2.307029730284086
50148282;1572676;2021-10-22T08:24:38+00:00;2026-04-03T09:22:04+00:00;59;RATP;av. Montaigne;3;;50148282;649320;6863371;false;true;48.8683720461381, 2.30912479328352
50148525;1572464;2021-10-22T08:23:47+00:00;2026-04-03T09:21:54+00:00;59;RATP;r. des Bas;2;;50148525;648298;6868691;true;true;48.916131239926756, 2.294545607793363
50148522;1606945;2021-10-22T08:23:48+00:00;2026-04-03T09:21:54+00:00;59;RATP;Entrée / Sortie;0;;50148522;648313;6868742;true;true;48.91659105528036, 2.2947440512060866
50148481;1572502;2021-10-22T08:23:57+00:00;2026-04-03T09:21:30+00:00;59;RATP;r. Pernety;1;;50148481;649917;6859539;true;true;48.83395788658845, 2.3177141139960216
50147985;1572932;2021-10-22T08:25:46+00:00;2026-04-03T09:21:09+00:00;59;RATP;r. de Chalon;11;;50147985;654146;6860835;true;true;48.84592764536451, 2.3751840007552167
50147981;1572936;2021-10-22T08:25:47+00:00;2026-04-03T09:21:09+00:00;59;RATP;r. M. Chasles;3;;50147981;654032;6860841;false;true;48.84597348093065, 2.373630029953887
50147983;1572934;2021-10-22T08:25:46+00:00;2026-04-03T09:21:09+00:00;59;RATP;cour Chalon;4;;50147983;654071;6860762;true;true;48.84526581374581, 2.3741699617467287
50147982;1572935;2021-10-22T08:25:46+00:00;2026-04-03T09:21:09+00:00;59;RATP;Min. Économie et Finances;2;;50147982;654075;6860551;true;true;48.84336857037938, 2.374247247324479
50148562;1572429;2021-10-22T08:23:40+00:00;2026-04-03T09:21:09+00:00;59;RATP;r. Villiot;12;;50148562;654095;6860505;true;true;48.84295631580737, 2.374524711334235
50148653;1572351;2021-10-22T08:23:21+00:00;2026-04-03T09:21:09+00:00;59;RATP;Tour de l'Horloge;6;;50148653;654039;6860650;true;true;48.84425631363314, 2.3737460504109005
50148475;1572508;2021-10-22T08:23:58+00:00;2026-04-03T09:15:50+00:00;59;RATP;pl. de la Porte de Vanves;3;;50148475;648951;6858849;true;true;48.827676879896195, 2.3046376461305433
50148473;1572510;2021-10-22T08:23:59+00:00;2026-04-03T09:15:50+00:00;59;RATP;bd Brune;2;;50148473;649026;6858823;true;true;48.82744899485901, 2.30566231770618
50147967;1661269;2021-10-22T08:25:49+00:00;2026-04-03T09:12:34+00:00;59;RATP;rue de Rivoli;1;;50147967;650860;6862897;false;true;48.864228787610344, 2.3301720275592337
50147934;1661284;2021-10-22T08:25:56+00:00;2026-04-03T09:09:41+00:00;59;RATP;Rue Biot;3;;50147934;650638;6865064;true;true;48.88369908425747, 2.3268942985587917
50147956;1661275;2021-10-22T08:25:52+00:00;2026-04-03T09:05:06+00:00;59;RATP;Avenue de la Grande Armée;2;;50147956;647868;6864165;true;true;48.87539638180627, 2.2892346008057034
50147955;1572957;2021-10-22T08:25:52+00:00;2026-04-03T09:05:06+00:00;59;RATP;r. des Acacias;1;;50147955;647869;6864205;true;true;48.875756170374174, 2.2892433252813107
50148054;1572875;2021-10-22T08:25:31+00:00;2026-04-03T08:57:25+00:00;59;RATP;bd Diderot;3;;50148054;655590;6861058;true;true;48.84803422881132, 2.394836170132728
50148053;1572876;2021-10-22T08:25:32+00:00;2026-04-03T08:57:25+00:00;59;RATP;av. Dorian;2;;50148053;655605;6861027;true;true;48.84775647900623, 2.3950437996353906
50148568;1572427;2021-10-22T08:23:38+00:00;2026-04-03T08:57:25+00:00;59;RATP;av. du Bel Air;6;;50148568;655667;6860998;true;true;48.84749995027022, 2.395891643691279
50147946;1572961;2021-10-22T08:25:54+00:00;2026-04-03T08:57:25+00:00;59;RATP;av. du Trône;1;;50147946;655736;6861028;true;true;48.84777448456457, 2.396828720323288
50208135;1572036;2024-05-29T15:57:06+00:00;2026-04-03T08:56:02+00:00;59;RATP;Hôtel de Ville;5;;50208135;652470;6862099;true;true;48.85717328500974, 2.352206192237604
50148393;1572578;2021-10-22T08:24:16+00:00;2026-04-03T08:56:02+00:00;59;RATP;av. Victoria;4;;50148393;652390;6862107;true;true;48.85723932102317, 2.3511150127876026
50148548;1572441;2021-10-22T08:23:43+00:00;2026-04-03T08:54:13+00:00;59;RATP;Dôme - Valmy;2;;50148548;644071;6866020;true;true;48.8917590491432, 2.2372252771552845
50147992;1572927;2021-10-22T08:25:44+00:00;2026-04-03T08:51:08+00:00;59;RATP;pl. Colette;5;;50147992;651285;6862768;true;true;48.8631009937435, 2.3359797203164945
50147991;1572928;2021-10-22T08:25:44+00:00;2026-04-03T08:51:08+00:00;59;RATP;r. de Valois;4;;50147991;651374;6862705;true;true;48.862541169225956, 2.3372000048477997
50148287;1572671;2021-10-22T08:24:37+00:00;2026-04-03T08:49:57+00:00;59;RATP;r. La Boétie;4;;50148287;649802;6863970;true;true;48.87379645059077, 2.315624367907794
50148286;1572672;2021-10-22T08:24:38+00:00;2026-04-03T08:49:57+00:00;59;RATP;av. Percier;1;;50148286;649700;6863966;true;true;48.87375252142096, 2.314234291924145
50148452;1572525;2021-10-22T08:24:03+00:00;2026-04-03T08:48:31+00:00;59;RATP;r. de Rivoli;2;;50148452;650394;6863118;false;true;48.866180480369, 2.3237944877264956
50147970;1572946;2021-10-22T08:25:49+00:00;2026-04-03T08:48:31+00:00;59;RATP;r. Royale;6;;50147970;650301;6863178;true;true;48.8667128793439, 2.3225198007461993
50147968;1572948;2021-10-22T08:25:49+00:00;2026-04-03T08:48:31+00:00;59;RATP;r. Cambon;5;;50147968;650478;6863086;true;true;48.86589917425696, 2.3249432092238846
50148503;1572483;2021-10-22T08:23:52+00:00;2026-04-03T08:43:36+00:00;59;RATP;r. Garibaldi;1;;50148503;651003;6867542;true;true;48.906010561795554, 2.3315852136166098
50147999;1572920;2021-10-22T08:25:43+00:00;2026-04-03T08:42:18+00:00;59;RATP;av. de Paris;1;;50147999;658684;6860678;true;true;48.8448226859621, 2.437032760130126
50147798;1573086;2021-10-22T08:26:25+00:00;2026-04-03T08:39:33+00:00;59;RATP;r. Saint-Martin;19;;50147798;652261;6862095;true;true;48.857121859953644, 2.349358276382533
50147793;1573091;2021-10-22T08:26:26+00:00;2026-04-03T08:39:33+00:00;59;RATP;pl. Ste-Opportune;10;;50147793;652086;6862368;true;true;48.859563926572946, 2.3469425129335297
50148070;1785200;2021-10-22T08:25:28+00:00;2026-04-02T14:44:38+00:00;59;RATP;r. Lécuyer;2;;50148070;655422;6867248;true;true;48.903687971812175, 2.3918973902306635
50148072;1785199;2021-10-22T08:25:27+00:00;2026-04-02T14:44:36+00:00;59;RATP;av. de la République;1;;50148072;655411;6867257;true;true;48.903768142935036, 2.391746395981803
50148890;1572152;2021-10-22T08:22:35+00:00;2026-03-20T14:28:54+00:00;59;RATP;r. Pierre Dreyfus;3;;50148890;650213;6867342;true;true;48.9041514438023, 2.3208320645370266
50210332;1571930;2024-05-29T15:56:38+00:00;2026-03-12T14:39:01+00:00;59;RATP;av. du Pavé Neuf;4;;50210332;667115;6860182;true;true;48.840847495110346, 2.5519481987490673
50148842;1711747;2021-10-22T08:22:45+00:00;2026-01-06T10:54:34+00:00;59;RATP;Place du Grand Ouest;2;;50148842;645598;6847459;true;true;48.72496716307743, 2.260420567423074
50211184;1711741;2026-01-06T10:54:32+00:00;2026-01-06T10:54:32+00:00;59;RATP;r. des Coteaux;3;;50211184;660652;6852204;true;true;48.768735786142344, 2.4646305183764268
50147747;1573132;2021-10-22T08:26:36+00:00;2025-09-03T07:55:13+00:00;59;RATP;Hôtel de Ville;1;;50147747;659614;6867580;true;true;48.906950177359725, 2.4490482376048908
50147746;1607045;2021-10-22T08:26:37+00:00;2025-09-03T07:55:13+00:00;59;RATP;Entrée / Sortie;0;;50147746;659642;6867632;true;true;48.90741954763944, 2.449425259112233
50148816;1572221;2021-10-22T08:22:50+00:00;2025-09-03T07:50:26+00:00;59;RATP;av. Gambetta;1;;50148816;656464;6864239;true;true;48.87670031531051, 2.406419652434597
50147744;1661302;2021-10-22T08:26:37+00:00;2025-08-05T11:53:30+00:00;59;RATP;place Mazas;1;;50147744;653502;6860859;true;true;48.846097327617514, 2.3664064748301885
50147813;1661297;2021-10-22T08:26:22+00:00;2025-08-05T11:53:28+00:00;59;RATP;pl.St-André des Arts;4;;50147813;651761;6861653;true;true;48.85310974887073, 2.342594170104601
50147866;1661294;2021-10-22T08:26:11+00:00;2025-08-05T11:53:27+00:00;59;RATP;Rue de Madrid;1;;50147866;650323;6864529;true;true;48.87886377728461, 2.3226617112630494
50147877;1661293;2021-10-22T08:26:08+00:00;2025-08-05T11:53:26+00:00;59;RATP;place Paul-Signac;1;;50147877;656081;6863280;true;true;48.86805019300222, 2.4012970732729744
50147902;1661292;2021-10-22T08:26:03+00:00;2025-08-05T11:53:26+00:00;59;RATP;Avenue du Général de Gaulle;1;;50147902;657203;6862961;true;true;48.86525699150941, 2.416623717843612
50147916;1661290;2021-10-22T08:26:00+00:00;2025-08-05T11:53:25+00:00;59;RATP;Entrée / Sortie;1;;50147916;651276;6863486;true;true;48.86955715203717, 2.335774725466496
50147936;1661282;2021-10-22T08:25:56+00:00;2025-08-05T11:53:22+00:00;59;RATP;bd des Batignolles;1;;50147936;650213;6864909;true;true;48.88227250144974, 2.321117407116059
50148035;1661258;2021-10-22T08:25:35+00:00;2025-08-05T11:53:11+00:00;59;RATP;bd Auguste-Blanqui;1;;50148035;651746;6859230;true;true;48.8313185540247, 2.3426646392014696
50148058;1661251;2021-10-22T08:25:31+00:00;2025-08-05T11:53:07+00:00;59;RATP;Rue Botzaris;1;;50148058;655192;6864568;true;true;48.879571688778434, 2.389042872960981
50148204;1661235;2021-10-22T08:24:55+00:00;2025-08-05T11:53:00+00:00;59;RATP;Entrée / Sortie;1;;50148204;655222;6860648;true;true;48.84432161975087, 2.3898648951354566
50148266;1661230;2021-10-22T08:24:42+00:00;2025-08-05T11:52:58+00:00;59;RATP;Sortie;2;;50148266;647035;6862919;true;true;48.86412347611193, 2.278033462331392
50148361;1661228;2021-10-22T08:24:22+00:00;2025-08-05T11:52:57+00:00;59;RATP;r. de Sèvres;1;;50148361;650173;6861191;true;true;48.84883416381355, 2.3210079390394593
50148388;1661223;2021-10-22T08:24:17+00:00;2025-08-05T11:52:55+00:00;59;RATP;r. Chardon-Lagache - Hôpital Sainte-Périne;1;;50148388;646163;6860801;true;true;48.845004356167884, 2.266416106027258
50148422;1661222;2021-10-22T08:24:09+00:00;2025-08-05T11:52:55+00:00;59;RATP;Rue du Général Leclerc;1;;50148422;646625;6858483;true;true;48.824197004708964, 2.273001760789792
50171289;1341889;2021-10-22T09:18:39+00:00;2026-06-16T09:18:36+00:00;1;SNCF;r. Saint-Lazare;;Source IDFM - Escalier - Accès RER E (Haussman) et M12 (St Lazare);475431;650749;6864184;true;true;48.87579401173237, 2.3285098764225887
50170817;1342429;2021-10-22T09:19:36+00:00;2026-04-22T15:07:30+00:00;1;SNCF;r. de la Gare;;Source IDFM;475489;655322;6857355;true;true;48.814714084864825, 2.391573145012143
50234652;1702251;2025-12-22T17:34:51+00:00;2025-12-22T17:37:11+00:00;1;SNCF;Porte de Massy Vilmorin;2;;;645386;6847622;true;true;48.72641526634044, 2.2575178225766077
50234637;1702176;2025-12-22T16:51:12+00:00;2025-12-22T16:54:10+00:00;1;SNCF;Entrée / Sortie;;;;662765;6893294;true;true;49.138350969900884, 2.4897667001325194
50234638;1702178;2025-12-22T16:51:50+00:00;2025-12-22T16:54:10+00:00;1;SNCF;Entrée / Sortie;;;;662750;6893324;true;true;49.1386198170339, 2.489558502607609
50234634;1702164;2025-12-22T16:43:55+00:00;2025-12-22T16:45:05+00:00;1;SNCF;Entrée / Sortie;;;;655569;6799492;true;true;48.294240012712905, 2.400914932806583
50229050;1678136;2025-10-07T14:24:16+00:00;2025-10-07T14:24:20+00:00;1;SNCF;Entrée / Sortie;;Source IDFM;;723506;6874346;true;true;48.96863099811984, 3.32105104927884
50229049;1678134;2025-10-07T14:23:15+00:00;2025-10-07T14:24:20+00:00;1;SNCF;Entrée / Sortie;;Source IDFM;;723506;6874359;true;true;48.96874789683649, 3.321051771201511
50229044;1678124;2025-10-07T14:15:30+00:00;2025-10-07T14:18:39+00:00;1;SNCF;Avenue de la Gare;;Source IDFM;;681364;6888477;true;true;49.095852222023005, 2.744840478277471
50229042;1678120;2025-10-07T13:59:41+00:00;2025-10-07T14:01:27+00:00;1;SNCF;Avenue de la Gare;;Source IDFM;;657583;6901739;true;true;49.213951480043775, 2.417906811576323
50229037;1678110;2025-10-07T13:42:29+00:00;2025-10-07T13:43:46+00:00;1;SNCF;Entrée / Sortie;;Source IDFM;;726714;6876986;true;true;48.99224481986888, 3.3650328486431307
50229035;1678106;2025-10-07T13:33:05+00:00;2025-10-07T13:33:08+00:00;1;SNCF;Entrée / Sortie;;Source IDFM;;617932;6907442;true;true;49.26136000064077, 1.8727105389777177
50229033;1678099;2025-10-07T12:33:42+00:00;2025-10-07T12:35:04+00:00;1;SNCF;Avenue de la gare;;Source IDFM;;685010;6893680;true;true;49.14272771407447, 2.7945750303626813
50229023;1676354;2025-09-30T15:19:15+00:00;2025-09-30T15:19:19+00:00;1;SNCF;Rue des Rochelles;;Source IDFM;;580167;6849093;true;true;48.730834702293926, 1.3706302783415822
50234349;1684343;2025-11-06T11:18:54+00:00;2025-11-06T11:18:55+00:00;521;MARNE ET SEINE;Entrée / Sortie;;Source IDFM;;661714;6849282;true;true;48.74251974024118, 2.479341823701529
50234348;1684341;2025-11-06T11:18:13+00:00;2025-11-06T11:18:13+00:00;521;MARNE ET SEINE;Entrée / Sortie;;Source IDFM;;661279;6849948;true;true;48.74848372789502, 2.4733659507303045
50148851;1661191;2021-10-22T08:22:43+00:00;2025-08-05T11:52:41+00:00;59;RATP;r. du Château;3;;50148851;644219;6860521;true;true;48.84232099312979, 2.2399654579634642
50210157;1661177;2024-05-29T15:56:53+00:00;2025-08-05T11:52:34+00:00;59;RATP;Sortie;1;;50210157;650744;6860704;false;true;48.844498493498286, 2.328844979109258
50210219;1661174;2024-02-22T14:34:37+00:00;2025-08-05T11:52:33+00:00;59;RATP;pl. de la Gare;1;;50210219;663972;6856484;true;true;48.80742222979832, 2.509439496468745
50210364;1606624;2024-08-30T08:24:33+00:00;2025-04-23T12:48:10+00:00;59;RATP;Bus;0;;50210364;653044;6847790;true;true;48.72852849153773, 2.36160564080947
50210371;1629211;2025-01-29T14:14:30+00:00;2025-01-29T14:14:30+00:00;59;RATP;r. Claude Decaen;3;;50210371;656056;6859409;true;true;48.83323659083278, 2.401356343454613
50210367;1615514;2024-11-06T17:06:32+00:00;2024-11-06T17:06:32+00:00;59;RATP;Parc des Hautes-Bruyères;3;;50210367;652218;6854942;true;true;48.79279061347713, 2.3495752640818073
50210370;1615508;2024-11-06T17:06:30+00:00;2024-11-06T17:06:30+00:00;59;RATP;Chemin de la Redoute;2;;50210370;652185;6854998;true;true;48.793291799038734, 2.3491197939166812
50170337;1607144;2021-10-22T09:21:27+00:00;2024-09-05T05:31:54+00:00;1;SNCF;Rue du Général Leclerc;;Source IDFM;476607;634692;6883228;true;true;49.04560534142784, 2.10666706131966
50147815;1607038;2021-10-22T08:26:21+00:00;2024-09-03T10:29:58+00:00;59;RATP;Entrée / Sortie;0;;50147815;652088;6861879;true;true;48.85516654951844, 2.34702488550437
50148686;1606934;2021-10-22T08:23:18+00:00;2024-09-03T10:28:42+00:00;59;RATP;Entrée / Sortie;0;;50148686;653618;6847817;true;true;48.72881281140521, 2.3694062421642132
50170400;1606763;2021-10-22T09:21:14+00:00;2024-09-01T11:59:28+00:00;1;SNCF;Parc des Expositions;;Source IDFM;476168;664486;6874903;true;true;48.9730884321199, 2.5148972618727248
50208222;1606679;2024-02-22T14:34:44+00:00;2024-08-30T08:25:10+00:00;59;RATP;pl. des Martyrs Juifs;2;;50208222;647823;6861815;false;true;48.85425971056863, 2.288909630050427
50210075;1606676;2024-03-06T16:54:34+00:00;2024-08-30T08:25:08+00:00;59;RATP;bd Haussmann;4;;50210075;651114;6863871;true;true;48.87300709291448, 2.3335220822620424
50210084;1606672;2024-03-18T15:56:38+00:00;2024-08-30T08:25:06+00:00;59;RATP;r. de la Maison Blanche;4;;50210084;652837;6858621;true;true;48.82592248959812, 2.357593507510164
50210104;1606667;2024-03-18T15:56:36+00:00;2024-08-30T08:25:02+00:00;59;RATP;r. de Richelieu;2;;50210104;651537;6863728;true;true;48.87175309613548, 2.3393050134154563
50210131;1606662;2024-03-18T15:56:36+00:00;2024-08-30T08:24:58+00:00;59;RATP;av. Franklin D. Roosevelt;2;;50210131;649383;6863804;true;true;48.87227086269095, 2.3099319887772687
50210136;1606658;2024-03-06T16:54:32+00:00;2024-08-30T08:24:55+00:00;59;RATP;r. de Charonne;1;;50210136;654899;6861789;false;true;48.85456010047248, 2.3853429277162412
50210204;1606647;2024-03-18T15:56:33+00:00;2024-08-30T08:24:47+00:00;59;RATP;av. de la République;3;;50210204;658254;6860953;true;true;48.84726806368446, 2.431146835282544
50210268;1606640;2024-02-22T14:34:35+00:00;2024-08-30T08:24:42+00:00;59;RATP;av. Aristide Briand;1;;50210268;650127;6855032;true;true;48.793441724221765, 2.321102705602512
50210317;1606633;2024-02-22T14:34:30+00:00;2024-08-30T08:24:38+00:00;59;RATP;bd Georges Seneuze;2;;50210317;638405;6844264;true;true;48.695585779087885, 2.163101053063085
50210329;1606632;2024-03-18T15:56:32+00:00;2024-08-30T08:24:37+00:00;59;RATP;sentier du Bois de l'Aulnay;2;;50210329;662419;6861683;true;true;48.85408938363975, 2.4878351377609067
50210352;1606628;2024-03-18T15:56:30+00:00;2024-08-30T08:24:34+00:00;59;RATP;av. de la République;3;;50210352;658266;6860953;true;true;48.84726884102777, 2.4313103479998732
50148553;1572437;2021-10-22T08:23:42+00:00;2024-08-05T22:47:34+00:00;59;RATP;av. Carnot;5;;50148553;648185;6864137;true;true;48.87517016884182, 2.293559748818453
50148764;1572272;2021-10-22T08:23:01+00:00;2024-08-05T22:47:34+00:00;59;RATP;av. Hoche;3;;50148764;648350;6864065;true;true;48.87453594826226, 2.295817975944321
50210229;1595555;2024-05-29T15:56:47+00:00;2024-08-05T22:40:48+00:00;59;RATP;Haussmann - Charras;5;;50210229;650792;6863939;true;true;48.87359407806642, 2.329124491218081
50210106;1572014;2024-05-29T15:56:59+00:00;2024-08-05T21:25:53+00:00;59;RATP;r. Rougemont;6;;50210106;652021;6863654;true;true;48.87112386769098, 2.3459114277193884
50210354;1595554;2024-05-29T15:56:36+00:00;2024-07-26T16:36:30+00:00;59;RATP;av. d'Italie;1;;50210354;652943;6858127;true;true;48.82148760677259, 2.359091882001052
50149983;1572044;2024-05-29T15:57:07+00:00;2024-07-02T09:04:40+00:00;59;RATP;bd Ornano;1;;50149983;652131;6868853;true;true;48.91788453999316, 2.3468246893504605
50147738;1573139;2021-10-22T08:26:38+00:00;2024-05-29T16:09:13+00:00;59;RATP;bd de Magenta;1;;50147738;653132;6863613;true;true;48.870836967394254, 2.36106133294192
50147743;1573134;2021-10-22T08:26:37+00:00;2024-05-29T16:09:10+00:00;59;RATP;bd Henri IV;6;;50147743;653609;6861582;true;true;48.852606964096644, 2.367785544775994
50147761;1573120;2021-10-22T08:26:34+00:00;2024-05-29T16:09:01+00:00;59;RATP;bd Barbès;1;;50147761;652290;6865821;true;true;48.89063104475424, 2.3493350587489727
50147762;1573119;2021-10-22T08:26:33+00:00;2024-05-29T16:09:00+00:00;59;RATP;r. Marcadet;2;;50147762;652315;6865822;true;true;48.89064188945904, 2.349675878893831
50147764;1573117;2021-10-22T08:26:33+00:00;2024-05-29T16:08:59+00:00;59;RATP;r. des Poissonniers;4;;50147764;652466;6865883;true;true;48.8912016055772, 2.3517282820905794
50147765;1573116;2021-10-22T08:26:33+00:00;2024-05-29T16:08:58+00:00;59;RATP;bd Ornano;1;;50147765;652179;6866191;true;true;48.893950076034656, 2.3477796402795184
50147766;1573115;2021-10-22T08:26:33+00:00;2024-05-29T16:08:57+00:00;59;RATP;r. Joseph Dijon;2;;50147766;652156;6866185;true;true;48.893894411610226, 2.347466638729014
50147770;1573112;2021-10-22T08:26:32+00:00;2024-05-29T16:08:56+00:00;59;RATP;Pte de Clignancourt;1;;50147770;651918;6866600;true;true;48.89760860119157, 2.344173751074016
50147781;1573102;2021-10-22T08:26:29+00:00;2024-05-29T16:08:48+00:00;59;RATP;r. de Dunkerque;3;;50147781;652679;6864602;true;true;48.879697680971624, 2.354775811992991
50147788;1573096;2021-10-22T08:26:28+00:00;2024-05-29T16:08:44+00:00;59;RATP;r. Dejean;1;;50147788;652314;6865455;true;true;48.88734151643986, 2.3497034603648665
50147789;1573095;2021-10-22T08:26:27+00:00;2024-05-29T16:08:43+00:00;59;RATP;r. de Rennes;2;;50147789;651105;6861710;true;true;48.853572894569126, 2.333648004102165
50147802;1573082;2021-10-22T08:26:24+00:00;2024-05-29T16:08:35+00:00;59;RATP;r. du Château d'Eau;1;;50147802;652745;6863796;true;true;48.8724543699053, 2.355765346703651
50147816;1573071;2021-10-22T08:26:21+00:00;2024-05-29T16:08:28+00:00;59;RATP;Église Saint-Germain-des-Prés;1;;50147816;651116;6861736;true;true;48.85380754500786, 2.333794918009915
50147818;1573069;2021-10-22T08:26:21+00:00;2024-05-29T16:08:26+00:00;59;RATP;r. Réaumur;2;;50147818;652467;6863129;true;true;48.866435713697975, 2.352050115970831
50147846;1573045;2021-10-22T08:26:15+00:00;2024-05-29T16:08:10+00:00;59;RATP;r. d'Alésia;6;;50147846;650609;6858886;true;true;48.82813880211952, 2.327216635764887
50147848;1573043;2021-10-22T08:26:15+00:00;2024-05-29T16:08:08+00:00;59;RATP;av. du Maine;3;;50147848;650575;6858912;true;true;48.82837001682054, 2.3267505049731647
50147849;1573042;2021-10-22T08:26:14+00:00;2024-05-29T16:08:08+00:00;59;RATP;r. du Moulin Vert;2;;50147849;650550;6858901;true;true;48.82826917515694, 2.326411258681911
50147860;1573032;2021-10-22T08:26:12+00:00;2024-05-29T16:08:00+00:00;59;RATP;av. de Villiers;2;;50147860;648961;6865118;false;true;48.884053946515024, 2.3040212155614856
50147863;1573029;2021-10-22T08:26:11+00:00;2024-05-29T16:07:58+00:00;59;RATP;av. de Villiers;1;;50147863;649781;6864810;true;true;48.881348681818075, 2.315238767798365
50147865;1573027;2021-10-22T08:26:11+00:00;2024-05-29T16:07:56+00:00;59;RATP;bd de Courcelles;3;;50147865;649690;6864760;true;true;48.88089194512919, 2.3140039224262665
50147873;1573019;2021-10-22T08:26:09+00:00;2024-05-29T16:07:51+00:00;59;RATP;pl. du 25 Août 1944;1;;50147873;650501;6858281;true;true;48.822689672375176, 2.3258159374309457
50147878;1573015;2021-10-22T08:26:08+00:00;2024-05-29T16:07:48+00:00;59;RATP;r. Voltaire;1;;50147878;647585;6866035;false;true;48.892189609563005, 2.2851455946499937
50147879;1573014;2021-10-22T08:26:08+00:00;2024-05-29T16:07:48+00:00;59;RATP;r. Anatole France;2;;50147879;647560;6866021;true;true;48.89206167805362, 2.2848063837470325
50147884;1573009;2021-10-22T08:26:07+00:00;2024-05-29T16:07:44+00:00;59;RATP;av. de Villiers;3;;50147884;648120;6865276;true;true;48.88540757056641, 2.292534464387389
50147887;1573006;2021-10-22T08:26:06+00:00;2024-05-29T16:07:42+00:00;59;RATP;pl. du Maréchal Juin;1;;50147887;648513;6865189;true;true;48.884656757179734, 2.297903903468202
50147888;1573005;2021-10-22T08:26:06+00:00;2024-05-29T16:07:42+00:00;59;RATP;r. Servan;2;;50147888;654570;6862837;false;true;48.863961555914656, 2.380747340980158
50147891;1573002;2021-10-22T08:26:05+00:00;2024-05-29T16:07:39+00:00;59;RATP;av. de la République;2;;50147891;654944;6862748;true;true;48.86318745803985, 2.3858545336394177
50147893;1573000;2021-10-22T08:26:05+00:00;2024-05-29T16:07:38+00:00;59;RATP;Mairie du 20e;1;;50147893;655903;6862937;true;true;48.864953477480725, 2.398906267529306
50147894;1572999;2021-10-22T08:26:05+00:00;2024-05-29T16:07:38+00:00;59;RATP;pl. Martin Nadaud;4;;50147894;655611;6862931;true;true;48.86487946409105, 2.3949267476996794
50147896;1572997;2021-10-22T08:26:04+00:00;2024-05-29T16:07:36+00:00;59;RATP;r. Orfila;5;;50147896;655602;6862953;true;true;48.865076687113365, 2.39480177373623
50147914;1572981;2021-10-22T08:26:00+00:00;2024-05-29T16:07:24+00:00;59;RATP;bd Lannes;1;;50147914;646942;6863729;true;true;48.8713999428808, 2.2766647097912074
50147915;1572980;2021-10-22T08:26:00+00:00;2024-05-29T16:07:23+00:00;59;RATP;av. Bugeaud;4;;50147915;647028;6863723;false;true;48.871353065541555, 2.2778378232614336
50147938;1572969;2021-10-22T08:25:55+00:00;2024-05-29T16:07:15+00:00;59;RATP;r. de Chazelles;2;;50147938;648909;6864596;true;true;48.87935565689551, 2.3033749650738082
50148013;1572906;2021-10-22T08:25:40+00:00;2024-05-29T16:06:31+00:00;59;RATP;r. des Wallons;2;;50148013;653060;6860021;true;true;48.83852912197368, 2.3604764128412725
50148019;1572901;2021-10-22T08:25:39+00:00;2024-05-29T16:06:28+00:00;59;RATP;Mairie du 13e;4;;50148019;652687;6859315;true;true;48.83215273057287, 2.35547329285966
50148021;1572899;2021-10-22T08:25:38+00:00;2024-05-29T16:06:27+00:00;59;RATP;av. Kléber;1;;50148021;648159;6863748;true;true;48.87166991143895, 2.293252754531101
50148027;1572894;2021-10-22T08:25:37+00:00;2024-05-29T16:06:24+00:00;59;RATP;bd de Grenelle;3;;50148027;647878;6861729;false;true;48.853490775913556, 2.2896696961969996
50148030;1572891;2021-10-22T08:25:36+00:00;2024-05-29T16:06:22+00:00;59;RATP;r. du Commerce;1;;50148030;648500;6861213;true;true;48.848900460599786, 2.2982085003855253
50148062;1572872;2021-10-22T08:25:30+00:00;2024-05-29T16:06:09+00:00;59;RATP;av. Paul Vaillant-Couturier;3;;50148062;656770;6869136;true;true;48.920757760832004, 2.4100927867282813
50148080;1572860;2021-10-22T08:25:25+00:00;2024-05-29T16:05:59+00:00;59;RATP;r. Benjamin Constant;1;;50148080;654705;6866281;true;true;48.89494208694646, 2.382220163998941
50148085;1572856;2021-10-22T08:25:24+00:00;2024-05-29T16:05:56+00:00;59;RATP;r. Riquet;1;;50148085;654111;6865542;true;true;48.88825445869418, 2.3741987969743015
50148091;1572852;2021-10-22T08:25:23+00:00;2024-05-29T16:05:54+00:00;59;RATP;r. du Faubourg Poissonnière;3;;50148091;652264;6864325;true;true;48.87717606641148, 2.3491486521636213
50148102;1572843;2021-10-22T08:25:20+00:00;2024-05-29T16:05:48+00:00;59;RATP;pl. de l'Opéra;1;;50148102;651008;6863633;true;true;48.87085876075037, 2.3321044649423217
50148103;1572842;2021-10-22T08:25:19+00:00;2024-05-29T16:05:47+00:00;59;RATP;r. de la Paix;2;;50148103;651020;6863586;true;true;48.87043701308199, 2.3322734682273722
50148104;1572841;2021-10-22T08:25:19+00:00;2024-05-29T16:05:47+00:00;59;RATP;r. Scribe;3;;50148104;650897;6863710;true;true;48.87154275092259, 2.3305824034824507
50148119;1572827;2021-10-22T08:25:15+00:00;2024-05-29T16:05:38+00:00;59;RATP;bd Arago;2;;50148119;652436;6859762;true;true;48.83615416651222, 2.352004199955314
50148121;1572825;2021-10-22T08:25:14+00:00;2024-05-29T16:05:36+00:00;59;RATP;r. des Gobelins;5;;50148121;652465;6859692;false;true;48.83552679093743, 2.352407089417697
50148134;1572813;2021-10-22T08:25:12+00:00;2024-05-29T16:05:29+00:00;59;RATP;av. de la Porte de Choisy;3;;50148134;653338;6857937;true;true;48.81980760983156, 2.364492306161374
50148140;1572808;2021-10-22T08:25:10+00:00;2024-05-29T16:05:25+00:00;59;RATP;r. Pierre et Marie Curie;1;;50148140;654238;6857499;true;true;48.81593308531562, 2.3767963171686177
50148150;1572801;2021-10-22T08:25:09+00:00;2024-05-29T16:05:21+00:00;59;RATP;bd Maxime Gorki;2;;50148150;653560;6854356;true;true;48.7876184722329, 2.36790608307733
50148163;1572788;2021-10-22T08:25:06+00:00;2024-05-29T16:05:12+00:00;59;RATP;av. Félix Faure;3;;50148163;647999;6860525;true;true;48.84267308293108, 2.2914658519711195
50148185;1572768;2021-10-22T08:25:00+00:00;2024-05-29T16:04:59+00:00;59;RATP;bd des Filles du Calvaire;1;;50148185;653515;6862764;true;true;48.86322980718371, 2.3663753160858945
50148194;1572759;2021-10-22T08:24:58+00:00;2024-05-29T16:04:53+00:00;59;RATP;r. de la Roquette;1;;50148194;653777;6861689;true;true;48.85358128460686, 2.370063311158534
50148205;1572749;2021-10-22T08:24:55+00:00;2024-05-29T16:04:46+00:00;59;RATP;r. de Toul;1;;50148205;656129;6859845;true;true;48.8371625660472, 2.4023058175511807
50148212;1572742;2021-10-22T08:24:54+00:00;2024-05-29T16:04:42+00:00;59;RATP;av. de la Pte de Charenton;1;;50148212;655869;6859271;true;true;48.83198276016076, 2.398823276584147
50148217;1572737;2021-10-22T08:24:52+00:00;2024-05-29T16:04:38+00:00;59;RATP;r. des Bordeaux;5;;50148217;656844;6858185;true;true;48.82228216927644, 2.4122148888894546
50148224;1572732;2021-10-22T08:24:50+00:00;2024-05-29T16:04:35+00:00;59;RATP;r. du Buisson Joyeux;3;;50148224;659378;6856003;true;true;48.8028233578058, 2.4469349794250324
50148225;1572731;2021-10-22T08:24:50+00:00;2024-05-29T16:04:35+00:00;59;RATP;av. du Maréchal de Lattre de Tassigny;4;;50148225;659355;6855968;true;true;48.80250713884267, 2.4466251861086583
50148229;1572727;2021-10-22T08:24:49+00:00;2024-05-29T16:04:32+00:00;59;RATP;r. Gustave Eiffel;1;;50148229;659550;6855279;true;true;48.79632291355307, 2.449345407751692
50148235;1572721;2021-10-22T08:24:48+00:00;2024-05-29T16:04:28+00:00;59;RATP;r. de Bellevue;3;;50148235;643643;6859191;true;true;48.830310255612424, 2.2322939410038733
50148237;1572719;2021-10-22T08:24:48+00:00;2024-05-29T16:04:27+00:00;59;RATP;r. de la Ferme;1;;50148237;644111;6859370;true;true;48.8319607522746, 2.2386452216098087
50148239;1572717;2021-10-22T08:24:47+00:00;2024-05-29T16:04:25+00:00;59;RATP;r. de Silly;4;;50148239;643927;6859321;true;true;48.83150411437947, 2.2361452721274664
50148241;1572715;2021-10-22T08:24:47+00:00;2024-05-29T16:04:24+00:00;59;RATP;av. Édouard Vaillant;3;;50148241;644532;6859562;true;true;48.83372377477066, 2.244354965316021
50148242;1572714;2021-10-22T08:24:46+00:00;2024-05-29T16:04:23+00:00;59;RATP;pl. Marcel Sembat;2;;50148242;644511;6859548;true;true;48.83359606536793, 2.2440707238880018
50148243;1572713;2021-10-22T08:24:46+00:00;2024-05-29T16:04:23+00:00;59;RATP;r. des Quatre Cheminées;4;;50148243;644425;6859514;true;true;48.83328289406399, 2.242903654452821
50148248;1572709;2021-10-22T08:24:45+00:00;2024-05-29T16:04:20+00:00;59;RATP;av. Georges Lafont;3;;50148248;645445;6859934;true;true;48.837147092215154, 2.2567443966522878
50148249;1572708;2021-10-22T08:24:45+00:00;2024-05-29T16:04:20+00:00;59;RATP;av. Édouard Vaillant;2;;50148249;645357;6860004;true;true;48.83776914436929, 2.2555365673363745
50148268;1572693;2021-10-22T08:24:41+00:00;2024-05-29T16:04:09+00:00;59;RATP;av. Paul Doumer;6;;50148268;647692;6862688;true;true;48.86209982833232, 2.2870169778694653
50148276;1572682;2021-10-22T08:24:40+00:00;2024-05-29T16:04:04+00:00;59;RATP;r. Boissière;2;;50148276;648195;6863013;true;true;48.86506313402741, 2.293833124894085
50148278;1572680;2021-10-22T08:24:39+00:00;2024-05-29T16:04:02+00:00;59;RATP;Pont de l'Alma;2;;50148278;648702;6862934;true;true;48.86439327966053, 2.300753341138485
50148284;1572674;2021-10-22T08:24:38+00:00;2024-05-29T16:03:58+00:00;59;RATP;av. Franklin D. Roosevelt;2;;50148284;649376;6863816;false;true;48.872378225367925, 2.3098351318710013
50148293;1572665;2021-10-22T08:24:36+00:00;2024-05-29T16:03:53+00:00;59;RATP;r. Chauchat;4;;50148293;651510;6863780;true;true;48.87221868790939, 2.3389310053650254
50148294;1572664;2021-10-22T08:24:36+00:00;2024-05-29T16:03:52+00:00;59;RATP;bd Montmartre;3;;50148294;651570;6863766;true;true;48.87209730367845, 2.3397505490636177
50148296;1572662;2021-10-22T08:24:35+00:00;2024-05-29T16:03:51+00:00;59;RATP;r. Taitbout;6;;50148296;651405;6863718;true;true;48.87165322242585, 2.3375066885011377
50148297;1572661;2021-10-22T08:24:35+00:00;2024-05-29T16:03:50+00:00;59;RATP;r. Laffitte;5;;50148297;651430;6863776;true;true;48.872176688783696, 2.337840865776614
50148305;1572653;2021-10-22T08:24:33+00:00;2024-05-29T16:03:45+00:00;59;RATP;r. Oberkampf;4;;50148305;653773;6862841;true;true;48.86394082443477, 2.3698835205166437
50148309;1572649;2021-10-22T08:24:33+00:00;2024-05-29T16:03:42+00:00;59;RATP;bd Voltaire;2;;50148309;654108;6862506;true;true;48.86095216372838, 2.374485858941818
50148311;1572647;2021-10-22T08:24:32+00:00;2024-05-29T16:03:41+00:00;59;RATP;r. Saint-Sébastien;5;;50148311;654019;6862618;true;true;48.86195302048865, 2.37326071140599
50148316;1572642;2021-10-22T08:24:31+00:00;2024-05-29T16:03:38+00:00;59;RATP;r. Sedaine;4;;50148316;654422;6862216;true;true;48.85836651392248, 2.378796639867594
50148331;1572630;2021-10-22T08:24:28+00:00;2024-05-29T16:03:30+00:00;59;RATP;r. des Pyrénées;1;;50148331;656403;6861594;true;true;48.852910000622785, 2.4058593370789327
50148333;1572628;2021-10-22T08:24:28+00:00;2024-05-29T16:03:29+00:00;59;RATP;r. d'Avron;3;;50148333;656731;6861670;true;true;48.85361557897376, 2.410321425372285
50148337;1572625;2021-10-22T08:24:27+00:00;2024-05-29T16:03:27+00:00;59;RATP;r. Robespierre;1;;50148337;657554;6861851;true;true;48.855298055743496, 2.4215189577587815
50148358;1572606;2021-10-22T08:24:23+00:00;2024-05-29T16:03:13+00:00;59;RATP;r. des Carmes;3;;50148358;652139;6861317;true;true;48.85011631122709, 2.347783177247225
50148359;1572605;2021-10-22T08:24:23+00:00;2024-05-29T16:03:13+00:00;59;RATP;r. du Four;2;;50148359;651218;6861628;false;true;48.85284404115904, 2.335197328899349
50148368;1572597;2021-10-22T08:24:21+00:00;2024-05-29T16:03:07+00:00;59;RATP;av. de La Motte-Picquet;2;;50148368;648519;6861263;true;true;48.849351624680345, 2.298461346853308
50148374;1572592;2021-10-22T08:24:20+00:00;2024-05-29T16:03:04+00:00;59;RATP;quai André Citroën;1;;50148374;646987;6860924;true;true;48.846178803197354, 2.2776279808815536
50148376;1572590;2021-10-22T08:24:19+00:00;2024-05-29T16:03:02+00:00;59;RATP;r. Wilhem;2;;50148376;646414;6860989;true;true;48.846715945440216, 2.269812352962228
50148377;1572589;2021-10-22T08:24:19+00:00;2024-05-29T16:03:02+00:00;59;RATP;pl. Théodore Rivière;1;;50148377;646316;6861046;true;true;48.84722038344748, 2.2684698404877754
50148386;1572583;2021-10-22T08:24:17+00:00;2024-05-29T16:02:58+00:00;59;RATP;av. Jean-Baptiste Clément;2;;50148386;643408;6860384;true;true;48.84101825378715, 2.228934240013587
50148400;1572568;2021-10-22T08:24:14+00:00;2024-05-29T16:02:49+00:00;59;RATP;r. Beaubourg;4;;50148400;652712;6862990;true;true;48.865203742873845, 2.3554051716754167
50148402;1572566;2021-10-22T08:24:13+00:00;2024-05-29T16:02:48+00:00;59;RATP;r. de Turbigo;5;;50148402;652710;6863016;true;true;48.8654374098489, 2.355375017124681
50148405;1572563;2021-10-22T08:24:13+00:00;2024-05-29T16:02:46+00:00;59;RATP;bd de Magenta;5;;50148405;653229;6863326;true;true;48.86826308195534, 2.3624152416173856
50148420;1572549;2021-10-22T08:24:10+00:00;2024-05-29T16:02:37+00:00;59;RATP;bd de la Liberté;2;;50148420;657200;6864563;true;true;48.87966331330064, 2.416421438561043
50148425;1572546;2021-10-22T08:24:09+00:00;2024-05-29T16:02:35+00:00;59;RATP;Palais des Sports;2;;50148425;647673;6859362;true;true;48.83218783755156, 2.2871672626367965
50148426;1572545;2021-10-22T08:24:09+00:00;2024-05-29T16:02:34+00:00;59;RATP;av. Ernest Renan;1;;50148426;647703;6859340;true;true;48.83199242556237, 2.2875786240317075
50148429;1572542;2021-10-22T08:24:08+00:00;2024-05-29T16:02:33+00:00;59;RATP;bd Lefebvre;5;;50148429;647797;6859360;true;true;48.832179906700524, 2.2888566259400402
50148442;1572534;2021-10-22T08:24:05+00:00;2024-05-29T16:02:27+00:00;59;RATP;r. de Rennes;1;;50148442;650662;6861112;true;true;48.84816135044042, 2.3276803796237133
50148449;1572528;2021-10-22T08:24:04+00:00;2024-05-29T16:02:23+00:00;59;RATP;r. de Lille;2;;50148449;650129;6862573;true;true;48.86125893156394, 2.3202462642011885
50148454;1572523;2021-10-22T08:24:03+00:00;2024-05-29T16:02:20+00:00;59;RATP;r. de Châteaudun;2;;50148454;651124;6864242;false;true;48.87634415914137, 2.3336157245018896
50148457;1572520;2021-10-22T08:24:02+00:00;2024-05-29T16:02:18+00:00;59;RATP;pl. Saint-Georges;1;;50148457;651427;6864476;true;true;48.87847138095967, 2.3377199291600026
50148467;1572515;2021-10-22T08:24:00+00:00;2024-05-29T16:02:14+00:00;59;RATP;bd Ney;1;;50148467;652993;6866642;true;true;48.89806568346455, 2.3588311742044077
50148526;1572463;2021-10-22T08:23:47+00:00;2024-05-29T16:01:37+00:00;59;RATP;Château;3;;50148526;633650;6866857;true;true;48.898296011271924, 2.0949815191935253
50148534;1572455;2021-10-22T08:23:45+00:00;2024-05-29T16:01:31+00:00;59;RATP;r. Labélonye;2;;50148534;638048;6865346;true;true;48.885146758786306, 2.15518629275842
50148537;1572452;2021-10-22T08:23:45+00:00;2024-05-29T16:01:29+00:00;59;RATP;av. de Colmar;3;;50148537;639184;6865546;true;true;48.88705354967253, 2.1706476590580004
50148542;1572447;2021-10-22T08:23:44+00:00;2024-05-29T16:01:25+00:00;59;RATP;r. Maurice Thorez;3;;50148542;641029;6866425;true;true;48.895129544342325, 2.1956841989194307
50148544;1572445;2021-10-22T08:23:44+00:00;2024-05-29T16:01:24+00:00;59;RATP;Université Paris 10;2;;50148544;642322;6867098;true;true;48.901298585946925, 2.213227015197636
50148582;1572414;2021-10-22T08:23:36+00:00;2024-05-29T16:00:55+00:00;59;RATP;r. La Fayette;2;;50148582;663967;6856437;true;true;48.80699925911135, 2.5093753940156165
50148586;1572410;2021-10-22T08:23:35+00:00;2024-05-29T16:00:52+00:00;59;RATP;av. Pierre Sémard;3;;50148586;664254;6855208;true;true;48.795962245730166, 2.5133862047288233
50148604;1572394;2021-10-22T08:23:31+00:00;2024-05-29T16:00:40+00:00;59;RATP;Hôtel Dieu;5;;50148604;652122;6861773;true;true;48.85421582788743, 2.347500175312342
50148613;1572387;2021-10-22T08:23:29+00:00;2024-05-29T16:00:34+00:00;59;RATP;av. Paul Vaillant-Couturier;1;;50148613;651580;6857558;true;true;48.816269542113226, 2.3405936263113225
50148616;1572384;2021-10-22T08:23:29+00:00;2024-05-29T16:00:32+00:00;59;RATP;r. Ernest Renan;2;;50148616;651147;6856737;true;true;48.808853423858416, 2.3347912947175313
50148623;1572378;2021-10-22T08:23:27+00:00;2024-05-29T16:00:28+00:00;59;RATP;r. Jean-Louis Sinet;2;;50148623;648372;6853725;true;true;48.78154925017361, 2.297372279521836
50148634;1572368;2021-10-22T08:23:25+00:00;2024-05-29T16:00:21+00:00;59;RATP;Av. Pierre Vermeir;2;;50148634;647591;6849078;true;true;48.73969298531013, 2.2873146791394894
50148645;1572358;2021-10-22T08:23:23+00:00;2024-05-29T16:00:15+00:00;59;RATP;av. du Maréchal Foch;1;;50148645;637620;6844198;true;true;48.69491686845958, 2.15244559923638
50148660;1572344;2021-10-22T08:23:20+00:00;2024-05-29T16:00:05+00:00;59;RATP;r. de Lyon;4;;50148660;653750;6861508;true;true;48.85195162235069, 2.3697150541812
50148661;1572343;2021-10-22T08:23:20+00:00;2024-05-29T16:00:04+00:00;59;RATP;pl. de la Bastille;7;;50148661;653647;6861670;true;true;48.85340107874965, 2.368293790983578
50148711;1572322;2021-10-22T08:23:14+00:00;2024-05-29T15:59:49+00:00;59;RATP;Cimetière de Belleville;3;;50148711;655928;6864101;true;true;48.87542285232386, 2.3991262966779985
50148717;1572316;2021-10-22T08:23:12+00:00;2024-05-29T15:59:46+00:00;59;RATP;av. de la République;3;;50148717;653392;6863251;true;true;48.867600435532815, 2.364645396585729
50148721;1572312;2021-10-22T08:23:11+00:00;2024-05-29T15:59:43+00:00;59;RATP;r. du Temple;2;;50148721;653310;6863179;true;true;48.8669470129762, 2.3635355419194513
50148724;1572309;2021-10-22T08:23:10+00:00;2024-05-29T15:59:41+00:00;59;RATP;r. Nationale;1;;50148724;653468;6858722;true;true;48.82687665810803, 2.36617693455036
50148750;1572284;2021-10-22T08:23:04+00:00;2024-05-29T15:59:25+00:00;59;RATP;parc Bourdeau;3;;50148750;648637;6850835;false;true;48.75557901883387, 2.3013265906056155
50148757;1572278;2021-10-22T08:23:03+00:00;2024-05-29T15:59:21+00:00;59;RATP;r. Louis Armand;6;;50148757;646949;6859648;true;true;48.8347006552664, 2.2772693473093164
50148759;1572276;2021-10-22T08:23:02+00:00;2024-05-29T15:59:20+00:00;59;RATP;r. Duranton;5;;50148759;647700;6860342;false;true;48.841003173258834, 2.2874145806697266
50148765;1572271;2021-10-22T08:23:01+00:00;2024-05-29T15:59:17+00:00;59;RATP;bd de Strasbourg;2;;50148765;652781;6863827;false;true;48.87273578645868, 2.3562526730357045
50148774;1572262;2021-10-22T08:22:59+00:00;2024-05-29T15:59:10+00:00;59;RATP;r. Charles Auray;3;;50148774;656989;6866067;true;true;48.8931743032023, 2.413392213351113
50148797;1572240;2021-10-22T08:22:54+00:00;2024-05-29T15:58:55+00:00;59;RATP;Entrée / Sortie;4;;50148797;652492;6859633;true;true;48.83499819012745, 2.3527814954599844
50148800;1572237;2021-10-22T08:22:53+00:00;2024-05-29T15:58:53+00:00;59;RATP;r. de Sèze;4;;50148800;650510;6863662;true;true;48.87108147742769, 2.3253123078154405
50148802;1572235;2021-10-22T08:22:53+00:00;2024-05-29T15:58:52+00:00;59;RATP;av. Daumesnil;4;;50148802;656061;6859855;false;true;48.837247864551024, 2.4013783948973937
50148807;1572230;2021-10-22T08:22:52+00:00;2024-05-29T15:58:49+00:00;59;RATP;r. Danton;3;;50148807;651693;6861510;true;true;48.85181866494903, 2.3416837494095386
50148810;1572227;2021-10-22T08:22:51+00:00;2024-05-29T15:58:47+00:00;59;RATP;r. Antoine Arnault;3;;50148810;643892;6845699;true;true;48.70899194313085, 2.23746046452242
50148811;1572226;2021-10-22T08:22:51+00:00;2024-05-29T15:58:46+00:00;59;RATP;sq. Albert Besnard;2;;50148811;648486;6865194;true;true;48.88469956081196, 2.297535134191012
50148820;1572215;2021-10-22T08:22:49+00:00;2024-05-29T15:58:41+00:00;59;RATP;r. de l'Échelle;2;;50148820;651163;6863024;true;true;48.86539391972143, 2.3342874337039086
50148826;1572209;2021-10-22T08:22:48+00:00;2024-05-29T15:58:37+00:00;59;RATP;r. de Rennes;2;;50148826;650596;6861001;false;true;48.84715807538518, 2.3267939490002227
50148837;1572198;2021-10-22T08:22:46+00:00;2024-05-29T15:58:30+00:00;59;RATP;r. René Thibert;1;;50148837;653261;6856260;false;true;48.80472031281731, 2.363627724169936
50148861;1572178;2021-10-22T08:22:41+00:00;2024-05-29T15:58:15+00:00;59;RATP;bd Haussmann;1;;50148861;651511;6863752;true;true;48.8719669656915, 2.3389478334650526
50148863;1572176;2021-10-22T08:22:40+00:00;2024-05-29T15:58:14+00:00;59;RATP;av. Louis Aragon;3;;50148863;653558;6854426;true;true;48.78824787116016, 2.3678712351174815
50148883;1572159;2021-10-22T08:22:37+00:00;2024-05-29T15:58:02+00:00;59;RATP;r. Henri Desgrange;4;;50148883;654552;6860055;true;false;48.838941832575536, 2.3807993555252205
50149005;1572133;2021-10-22T08:22:31+00:00;2024-05-29T15:57:42+00:00;59;RATP;av. G. Clemenceau;3;;50149005;661230;6859582;false;true;48.835124417142524, 2.471823096477102
50149173;1572129;2021-12-15T20:46:34+00:00;2024-05-29T15:57:39+00:00;59;RATP;av. Marx Dormoy;1;;50149173;649862;6856895;true;true;48.810175719989495, 2.317276303833352
50149174;1572128;2021-12-15T20:46:33+00:00;2024-05-29T15:57:38+00:00;59;RATP;av. de Stalingrad;2;;50149174;649901;6856818;true;true;48.809486271240225, 2.317816394287196
50149175;1572127;2021-12-15T20:46:33+00:00;2024-05-29T15:57:37+00:00;59;RATP;r. de Verdun;1;;50149175;649902;6856130;true;true;48.803298974712284, 2.317910932996357
50149177;1572125;2021-12-15T20:46:32+00:00;2024-05-29T15:57:36+00:00;59;RATP;pl. Lucie Aubrac;3;;50149177;649882;6856171;true;true;48.80366614593095, 2.3176338208212535
50149179;1572123;2021-12-15T20:46:31+00:00;2024-05-29T15:57:34+00:00;59;RATP;r. Claude Debussy;5;;50149179;649857;6856306;true;true;48.804878297000776, 2.3172775662935927
50149333;1572115;2022-05-10T13:48:33+00:00;2024-05-29T15:57:29+00:00;59;RATP;r. Pasteur;3;;50149333;654560;6868296;true;true;48.913051846746356, 2.3800268105240043
50149335;1572113;2022-05-10T13:48:33+00:00;2024-05-29T15:57:27+00:00;59;RATP;r. Fourrier;4;;50149335;654550;6868266;false;true;48.9127813664782, 2.3798935927157117
50149337;1572111;2022-05-10T13:48:31+00:00;2024-05-29T15:57:26+00:00;59;RATP;av. de la République;5;;50149337;654660;6868424;true;true;48.9142099352652, 2.3813774505336176
50149895;1572086;2024-05-29T15:57:18+00:00;2024-05-29T15:57:18+00:00;59;RATP;bd de la Boissière;3;;50149895;660751;6864211;true;true;48.876724058746966, 2.464870346455127
50149932;1572070;2024-05-29T15:57:14+00:00;2024-05-29T15:57:14+00:00;59;RATP;r. Bourgon;5;;50149932;652876;6858279;true;true;48.82284967731143, 2.358162566747802
50210110;1572008;2024-05-29T15:56:58+00:00;2024-05-29T15:56:58+00:00;59;RATP;r. Traversière;3;;50210110;654201;6861419;true;true;48.85118346491714, 2.3758705133925826
50210138;1571998;2024-05-29T15:56:55+00:00;2024-05-29T15:56:55+00:00;59;RATP;sq. Jean Jaurès;1;;50210138;659047;6862596;true;true;48.8620944510299, 2.4417940443620805
50210145;1571994;2024-05-29T15:56:54+00:00;2024-05-29T15:56:54+00:00;59;RATP;r. Rouget de Lisle;3;;50210145;657291;6864593;true;true;48.87993913828227, 2.4176591630634334
50210186;1571976;2024-05-29T15:56:50+00:00;2024-05-29T15:56:50+00:00;59;RATP;r. de l'Échelle;2;;50210186;651176;6863007;true;true;48.86524202730296, 2.3344665855198303
50210209;1571972;2024-05-29T15:56:49+00:00;2024-05-29T15:56:49+00:00;59;RATP;av. G. Clemenceau;3;;50210209;661242;6859566;true;true;48.83498124799314, 2.471988029225706
50210214;1571968;2024-05-29T15:56:48+00:00;2024-05-29T15:56:48+00:00;59;RATP;av. Jean Jaurès;3;;50210214;660652;6858009;false;true;48.82094303364394, 2.4640944822888455
50210243;1571960;2024-05-29T15:56:46+00:00;2024-05-29T15:56:46+00:00;59;RATP;aV. des Tilleuls;4;;50210243;638225;6865339;true;true;48.885100816972624, 2.1576008032067637
50210274;1571952;2024-05-29T15:56:44+00:00;2024-05-29T15:56:44+00:00;59;RATP;bd Brossolette;4;;50210274;648607;6850770;true;true;48.754992042688095, 2.3009263597220393
50210277;1571950;2024-05-29T15:56:43+00:00;2024-05-29T15:56:43+00:00;59;RATP;r. Velpeau;2;;50210277;648631;6850795;false;true;48.755218794851196, 2.301249793657801
50210355;1571922;2024-05-29T15:56:36+00:00;2024-05-29T15:56:36+00:00;59;RATP;r. des Saules Clouet;1;;50210355;660026;6864370;true;true;48.87810932446993, 2.454970882202091
50170759;1342545;2021-10-22T09:19:48+00:00;2024-05-27T10:16:08+00:00;1;SNCF;Quai des Grands Augustins;3;Source IDFM;476596;651865;6861749;true;true;48.85398084788952, 2.344000558295019
50170287;1343487;2021-10-22T09:21:37+00:00;2024-05-27T10:16:08+00:00;1;SNCF;Fontaine Saint-Michel;4;Source IDFM;476597;651836;6861671;true;true;48.853277232628656, 2.3436141912608446
50170597;1342869;2021-10-22T09:20:20+00:00;2024-02-14T15:19:06+00:00;1;SNCF;pl. de la Gare;;Source IDFM;475765;648075;6844892;true;true;48.70208353464067, 2.2944046598452927
50199475;1494225;2023-08-29T16:29:34+00:00;2023-08-29T16:29:50+00:00;1;SNCF;Parking;;;;653543;6825894;true;true;48.53161708580308, 2.370761730169325
50170437;1343189;2021-10-22T09:21:06+00:00;2022-06-27T15:56:16+00:00;1;SNCF;Entrée / Sortie;;Source IDFM - Escalier court;474481;663863;6866522;true;true;48.89768852600682, 2.507102221735992
50170785;1370863;2021-10-22T00:00:00+00:00;2022-01-24T16:09:56+00:00;1;SNCF;r. Danton;4;Source IDFM;475525;654627;6843405;true;true;48.689202533273395, 2.383591942461868
50170915;1370854;2021-10-22T00:00:00+00:00;2022-01-24T16:02:25+00:00;1;SNCF;r. des Gaulois;2;Source IDFM;475526;654485;6843522;true;true;48.69024487402743, 2.3816504546928066
50171211;1342045;2021-10-22T09:18:55+00:00;2021-10-22T19:43:22+00:00;1;SNCF;r. Faubourg St Martin;;Source IDFM - Accès au bâtiment voyageur. Sur le côté de la gare;475292;653110;6864274;true;true;48.87677959006913, 2.360688469112018
50170782;1342499;2021-10-22T09:19:43+00:00;2021-10-22T19:43:22+00:00;1;SNCF;r. d'Alsace;;Source IDFM - Accès au bâtiment voyageur. Sur le côté de la gare;475291;652930;6864349;true;true;48.877440914931164, 2.3582260951882046
50170433;1343197;2021-10-22T09:21:07+00:00;2021-10-22T15:48:36+00:00;1;SNCF;Entrée / Sortie;;Source IDFM - Escalier;475135;650744;6873392;true;true;48.958595523985515, 2.3273723261576875
50170032;1343997;2021-10-22T09:22:31+00:00;2021-10-22T09:22:31+00:00;1;SNCF;r. Place de la gare (secondaire 2);;Source IDFM;475190;657928;6836323;true;true;48.6257266250936, 2.4291311152372654
50170035;1343991;2021-10-22T09:22:31+00:00;2021-10-22T09:22:31+00:00;1;SNCF;193 Quai Andre Citroen;2;Source IDFM;476258;646451;6860167;true;true;48.83932682898352, 2.2704199925340744
50170040;1343981;2021-10-22T09:22:30+00:00;2021-10-22T09:22:30+00:00;1;SNCF;8 av. du Chateau du Loir;;Source IDFM;475024;645086;6866848;true;true;48.899292201132155, 2.2509601642053623
50170045;1343971;2021-10-22T09:22:29+00:00;2021-10-22T09:22:29+00:00;1;SNCF;Accès principal (Pl. Maréchal de Lattre de Tassigny);;Source IDFM;474565;646870;6863691;true;true;48.871052284443294, 2.2756879466939894
50170046;1343969;2021-10-22T09:22:28+00:00;2021-10-22T09:22:28+00:00;1;SNCF;Accès voie 1;;Source IDFM;474492;626150;6801717;true;true;48.31158437771156, 2.0038993112185106
50170053;1343955;2021-10-22T09:22:27+00:00;2021-10-22T09:22:27+00:00;1;SNCF;all. de la Gare;;Source IDFM;475646;672254;6826723;true;true;48.54014558908061, 2.6241348813904337
50170061;1343939;2021-10-22T09:22:25+00:00;2021-10-22T09:22:25+00:00;1;SNCF;all. du 8 mai 1945;;Source IDFM;476783;673549;6864012;true;true;48.87558728066675, 2.639370521782591
50170071;1343919;2021-10-22T09:22:22+00:00;2021-10-22T09:22:22+00:00;1;SNCF;av. Carnot;;Source IDFM;476058;676690;6796420;true;true;48.26769931120625, 2.685860202319599
50170085;1343891;2021-10-22T09:22:19+00:00;2021-10-22T09:22:19+00:00;1;SNCF;av. de la Gare;;Source  IDFM;476938;681743;6814480;true;true;48.43034471483792, 2.75319628780975
50170089;1343883;2021-10-22T09:22:18+00:00;2021-10-22T09:22:18+00:00;1;SNCF;av. de la Gare;;Source IDFM;475078;651460;6875239;true;true;48.9752581590394, 2.3369375907923997
50170095;1343871;2021-10-22T09:22:17+00:00;2021-10-22T09:22:17+00:00;1;SNCF;av. de la Gare;;Source IDFM;475036;693071;6862167;true;true;48.85950091535499, 2.9055603926133036
50170105;1343851;2021-10-22T09:22:14+00:00;2021-10-22T09:22:14+00:00;1;SNCF;av. de la Gare;;Source IDFM - Accès côté gauche bâtiment voyageur (voie 1 ou voie 2 par souterrain);474750;653871;6815150;true;true;48.434990154595425, 2.376353464612359
50170109;1343843;2021-10-22T09:22:13+00:00;2021-10-22T09:22:13+00:00;1;SNCF;av. de la Gare;;Source IDFM;475944;619678;6878979;true;true;49.005700043859555, 1.9021261078157752
50170114;1343833;2021-10-22T09:22:12+00:00;2021-10-22T09:22:12+00:00;1;SNCF;av. de la gare;;Source IDFM;476159;656023;6866572;true;true;48.8976503225929, 2.400165553442703
50170117;1343827;2021-10-22T09:22:12+00:00;2021-10-22T09:22:12+00:00;1;SNCF;av. de la Gare (accès latéral);;Source IDFM - Passage à gauche du bâtiment voyageur;474640;617503;6862743;true;true;48.859435697697755, 1.8755612643826731
50170124;1343813;2021-10-22T09:22:10+00:00;2021-10-22T09:22:10+00:00;1;SNCF;av. de la Libération;;Source IDFM;475441;682311;6815836;true;true;48.442559447564854, 2.7608191131717685
50170129;1343803;2021-10-22T09:22:09+00:00;2021-10-22T09:22:09+00:00;1;SNCF;av. de la Liberté (Accès Parking);;Source IDFM;475409;679990;6849507;true;true;48.74536856507228, 2.7278670116945176
50170137;1343787;2021-10-22T09:22:08+00:00;2021-10-22T09:22:08+00:00;1;SNCF;av. de Noël Duchesne (bâtiment voyageur);;Source IDFM - Accès côté droit bâtiment voyageur  - accès direct voie Evreux;474771;593204;6872486;true;true;48.943468301140314, 1.5419793393650112
50170144;1343773;2021-10-22T09:22:06+00:00;2021-10-22T09:22:06+00:00;1;SNCF;av. de Verdun;;Source IDFM;475479;645564;6858054;true;true;48.820250244646104, 2.258606032433078
50170148;1343765;2021-10-22T09:22:06+00:00;2021-10-22T09:22:06+00:00;1;SNCF;av. des Tilleuls;;Source IDFM - Escalier;475389;658460;6838776;true;true;48.647824979884895, 2.436111812299351
50170154;1343753;2021-10-22T09:22:04+00:00;2021-10-22T09:22:04+00:00;1;SNCF;av. du 8 mai 45;;Source IDFM;474952;656676;6851752;true;true;48.76441594395586, 2.4105808253538035
50170155;1343751;2021-10-22T09:22:04+00:00;2021-10-22T09:22:04+00:00;1;SNCF;av. du 8 mai 45 (Passerelle);;Source IDFM;474953;656624;6851714;true;true;48.76407069047341, 2.4098772599017337
50170157;1343747;2021-10-22T09:22:04+00:00;2021-10-22T09:22:04+00:00;1;SNCF;av. du Capitaine Freddy;;Source IDFM;476558;666269;6829464;true;true;48.56451804469989, 2.542844911046281
50170158;1343745;2021-10-22T09:22:04+00:00;2021-10-22T09:22:04+00:00;1;SNCF;av. du Chemin de Fer;;Source IDFM;476824;625545;6876172;true;true;48.98116809302047, 1.9828036540258658
50170162;1343737;2021-10-22T09:22:03+00:00;2021-10-22T09:22:03+00:00;1;SNCF;av. du Docteur Marie;1;Source IDFM;476251;653890;6849952;true;true;48.74803418772759, 2.372873577116893
50170165;1343731;2021-10-22T09:22:02+00:00;2021-10-22T09:22:02+00:00;1;SNCF;av. du Général de Gaulle;3;Source IDFM;476831;636030;6855957;true;true;48.800516299092735, 2.1290819594607435
50170168;1343725;2021-10-22T09:22:01+00:00;2021-10-22T09:22:01+00:00;1;SNCF;av. du Général De Gaulle;;Source IDFM;474852;628835;6874948;true;true;48.97053512430525, 2.02795248327773
50170170;1343721;2021-10-22T09:22:01+00:00;2021-10-22T09:22:01+00:00;1;SNCF;av. du Général De Gaulle;;Source IDFM;475357;655407;6875384;true;true;48.976847907833246, 2.39083658548454
50170181;1343699;2021-10-22T09:21:59+00:00;2021-10-22T09:21:59+00:00;1;SNCF;av. du Stade de France;;Source IDFM;475594;653255;6868867;true;true;48.91809306272424, 2.3621595169851495
50170187;1343687;2021-10-22T09:21:57+00:00;2021-10-22T09:21:57+00:00;1;SNCF;av. Gallieni;;Source IDFM;475921;690678;6872997;true;true;48.956862482986075, 2.872706815624694
50170198;1343665;2021-10-22T09:21:55+00:00;2021-10-22T09:21:55+00:00;1;SNCF;av. Jean Jaurès;;Source IDFM;476405;722373;6828430;true;true;48.555708711692574, 3.3031685964167483
50170199;1343663;2021-10-22T09:21:55+00:00;2021-10-22T09:21:55+00:00;1;SNCF;av. Jean Jaurès;;Source IDFM;475515;638519;6851972;true;true;48.764920114769694, 2.163540497319672
50170204;1343653;2021-10-22T09:21:54+00:00;2021-10-22T09:21:54+00:00;1;SNCF;av. Lavoisier;;Source IDFM - Accès direct au quai (côté droit bâtiment voyageur);474936;649443;6849994;true;true;48.74807895446869, 2.312389391933052
50170208;1343645;2021-10-22T09:21:53+00:00;2021-10-22T09:21:53+00:00;1;SNCF;av. Maurice Leroy;;Source IDFM;476267;666395;6826164;true;true;48.5348397373438, 2.544810365931128
50170209;1343643;2021-10-22T09:21:53+00:00;2021-10-22T09:21:53+00:00;1;SNCF;av. Menelotte;;Source IDFM - Escalier;474972;645716;6869628;true;true;48.924344400432496, 2.2591972625031747
50170217;1343627;2021-10-22T09:21:51+00:00;2021-10-22T09:21:51+00:00;1;SNCF;av.du Bois St Martin (direction Paris);;Source IDFM;475743;669127;6858205;true;true;48.823167313503944, 2.5795042177048733
50170218;1343625;2021-10-22T09:21:51+00:00;2021-10-22T09:21:51+00:00;1;SNCF;Bâtiment voyageur;;Source IDFM - Accès via bâtiment voyageur;474746;665602;6842398;true;true;48.68082257726528, 2.532768064033337
50170221;1343619;2021-10-22T09:21:51+00:00;2021-10-22T09:21:51+00:00;1;SNCF;Bâtiment voyageur (côté Courbevoie);;Source IDFM;474606;646389;6867481;true;true;48.90509425648947, 2.2686523930574936
50170223;1343615;2021-10-22T09:21:50+00:00;2021-10-22T09:21:50+00:00;1;SNCF;bd Angibout;;Source IDFM;476817;624155;6879107;true;true;49.0073950254457, 1.9632893636988888
50170229;1343603;2021-10-22T09:21:49+00:00;2021-10-22T09:21:49+00:00;1;SNCF;bd de Finlande;;Source IDFM;475666;645803;6870365;true;true;48.930979009111134, 2.260290248026329
50170231;1343599;2021-10-22T09:21:49+00:00;2021-10-22T09:21:49+00:00;1;SNCF;bd de la Résistance;;Source IDFM;476787;643738;6872584;true;true;48.95075519089418, 2.2318131351376564
50170235;1343591;2021-10-22T09:21:48+00:00;2021-10-22T09:21:48+00:00;1;SNCF;bd des Provinces Françaises (coté Université);2;Source IDFM;476035;642445;6867145;true;true;48.90173223796395, 2.21489834637432
50170238;1343585;2021-10-22T09:21:47+00:00;2021-10-22T09:21:47+00:00;1;SNCF;bd du général Martial Valin - Hôpital européen Georges Pompidou;2;Source IDFM;476259;646419;6860059;true;true;48.8383529286398, 2.269997635434947
50170239;1343583;2021-10-22T09:21:47+00:00;2021-10-22T09:21:47+00:00;1;SNCF;bd Grenelle / Quai Grenelle;1;Source IDFM;474833;647843;6861914;true;true;48.8551516231296, 2.2891700383716453
50170248;1343565;2021-10-22T09:21:45+00:00;2021-10-22T09:21:45+00:00;1;SNCF;bd Salvator Allende;;Source IDFM;475358;655314;6875332;true;true;48.97637386835224, 2.389571699315934
50170271;1343519;2021-10-22T09:21:41+00:00;2021-10-22T09:21:41+00:00;1;SNCF;Chemin pieton;;Source IDFM;476001;685115;6808737;true;true;48.378763588073575, 2.7989774403536907
50170296;1343469;2021-10-22T09:21:35+00:00;2021-10-22T09:21:35+00:00;1;SNCF;Gare Routière (ascenseur);;Source IDFM;474928;640078;6855772;true;true;48.79924139338884, 2.1842153252228034
50170302;1343457;2021-10-22T09:21:34+00:00;2021-10-22T09:21:34+00:00;1;SNCF;Impasse de Clagny;;Source IDFM;476832;636497;6856939;true;true;48.80939366212519, 2.135293008999922
50170312;1343437;2021-10-22T09:21:32+00:00;2021-10-22T09:21:32+00:00;1;SNCF;Entrée / Sortie;;Source  IDFM - Escalier et escalator;476912;639135;6855971;true;true;48.80094272584276, 2.1713497250854337
50170315;1343431;2021-10-22T09:21:31+00:00;2021-10-22T09:21:31+00:00;1;SNCF;Entrée / Sortie;;Source IDFM;475477;611089;6876172;true;true;48.97933106569381, 1.7853359310566839
50170321;1343419;2021-10-22T09:21:30+00:00;2021-10-22T09:21:30+00:00;1;SNCF;Entrée / Sortie;;Source IDFM;475722;620472;6877530;true;true;48.99277060859833, 1.9132500100107064
50170322;1343417;2021-10-22T09:21:30+00:00;2021-10-22T09:21:30+00:00;1;SNCF;Entrée / Sortie;;Source IDFM;476745;621007;6879093;true;true;49.00688980656935, 1.9202678337340873
50170326;1343409;2021-10-22T09:21:29+00:00;2021-10-22T09:21:29+00:00;1;SNCF;Entrée / Sortie;;Source IDFM;476761;627024;6853236;true;true;48.77508999110732, 2.0069479857515744
50170333;1343395;2021-10-22T09:21:27+00:00;2021-10-22T09:21:27+00:00;1;SNCF;Entrée / Sortie;;Source IDFM;474465;632489;6874858;true;true;48.97011996955561, 2.0778724096974592
50170335;1343391;2021-10-22T09:21:27+00:00;2021-10-22T09:21:27+00:00;1;SNCF;Entrée / Sortie;;Source IDFM;475150;633501;6880184;true;true;49.0181140236636, 2.09085646166715
50170347;1343367;2021-10-22T09:21:25+00:00;2021-10-22T09:21:25+00:00;1;SNCF;Entrée / Sortie;;Source IDFM;475459;640326;6869239;true;true;48.92036913497373, 2.1857007484632667
50170349;1343363;2021-10-22T09:21:24+00:00;2021-10-22T09:21:24+00:00;1;SNCF;Entrée / Sortie;;Source IDFM;475256;641294;6883243;true;true;49.04637784658088, 2.196965620206635
50170352;1343357;2021-10-22T09:21:24+00:00;2021-10-22T09:21:24+00:00;1;SNCF;Entrée / Sortie;;Source IDFM;475757;642306;6890845;true;true;49.114818202000414, 2.2097671135799635
50170357;1343347;2021-10-22T09:21:23+00:00;2021-10-22T09:21:23+00:00;1;SNCF;Entrée / Sortie;;Source IDFM;475735;645583;6868486;true;true;48.91406396085396, 2.2575288808641507
50170362;1343337;2021-10-22T09:21:22+00:00;2021-10-22T09:21:22+00:00;1;SNCF;Entrée / Sortie;;Source IDFM;476083;647489;6892790;true;true;49.13275026690792, 2.280511641740541
50170366;1343331;2021-10-22T09:21:21+00:00;2021-10-22T09:21:21+00:00;1;SNCF;Entrée / Sortie;;Source IDFM;476401;648009;6890584;true;true;49.112959423603925, 2.287908694019949
50170367;1343329;2021-10-22T09:21:21+00:00;2021-10-22T09:21:21+00:00;1;SNCF;Entrée / Sortie;;Source IDFM;476400;648015;6890673;true;true;49.11376007968708, 2.2879798766612467
50170369;1343325;2021-10-22T09:21:21+00:00;2021-10-22T09:21:21+00:00;1;SNCF;Entrée / Sortie;;Source IDFM;474756;648585;6834304;true;true;48.60689124327534, 2.302605245071018
50170372;1343319;2021-10-22T09:21:20+00:00;2021-10-22T09:21:20+00:00;1;SNCF;Entrée / Sortie;;Source IDFM;475131;649300;6874936;true;true;48.972366887845034, 2.3074695040711943
50170375;1343313;2021-10-22T09:21:19+00:00;2021-10-22T09:21:19+00:00;1;SNCF;Entrée / Sortie;;Source IDFM;475532;649983;6874258;true;true;48.966323853455, 2.316878508381918
50170378;1343307;2021-10-22T09:21:19+00:00;2021-10-22T09:21:19+00:00;1;SNCF;Entrée / Sortie;;Source IDFM;476492;654133;6866503;true;true;48.89689794716706, 2.374394974902863
50170388;1343287;2021-10-22T09:21:17+00:00;2021-10-22T09:21:17+00:00;1;SNCF;Entrée / Sortie;;Source IDFM;475733;657156;6849643;true;true;48.7454801241365, 2.417322669119243
50170392;1343279;2021-10-22T09:21:16+00:00;2021-10-22T09:21:16+00:00;1;SNCF;Entrée / Sortie;;Source IDFM;475838;657852;6855927;true;true;48.802041927223875, 2.426166858953793
50170393;1343277;2021-10-22T09:21:16+00:00;2021-10-22T09:21:16+00:00;1;SNCF;Entrée / Sortie;;Source IDFM;475390;658447;6838795;true;true;48.64799504226605, 2.435933506326494
50170394;1343275;2021-10-22T09:21:16+00:00;2021-10-22T09:21:16+00:00;1;SNCF;Entrée / Sortie;;Source IDFM;475391;658471;6838767;true;true;48.64774473487952, 2.4362619998447723
50170404;1343255;2021-10-22T09:21:14+00:00;2021-10-22T09:21:13+00:00;1;SNCF;Entrée / Sortie;;Source IDFM;475124;671980;6856309;true;true;48.806246074554274, 2.618486721294607
50170406;1343251;2021-10-22T09:21:13+00:00;2021-10-22T09:21:13+00:00;1;SNCF;Entrée / Sortie;;Source IDFM;475962;673830;6875145;true;true;48.97571281715296, 2.642514413361084
50170408;1343247;2021-10-22T09:21:13+00:00;2021-10-22T09:21:13+00:00;1;SNCF;Entrée / Sortie;;Source IDFM;475224;681595;6820795;true;true;48.487151295144834, 2.750926313447833
50170416;1343231;2021-10-22T09:21:11+00:00;2021-10-22T09:21:11+00:00;1;SNCF;Entrée / Sortie;;Source IDFM - Accès côté droit bâtiment voyageur;474785;585965;6870603;true;true;48.925295925978666, 1.4436810938198827
50170428;1343207;2021-10-22T09:21:08+00:00;2021-10-22T09:21:08+00:00;1;SNCF;Entrée / Sortie;;Source IDFM - Accès via gare routière;474510;645583;6872124;true;true;48.94677760436821, 2.257061870203578
50170447;1343169;2021-10-22T09:21:04+00:00;2021-10-22T09:21:04+00:00;1;SNCF;Entrée / Sortie;;Source IDFM;475155;646692;6875839;true;true;48.98027554904246, 2.271734058686882
50170453;1343157;2021-10-22T09:21:02+00:00;2021-10-22T09:21:02+00:00;1;SNCF;Parc du Moulin/ Rue Cartault/Rue Fernand Pelloutier;3;Source IDFM;476414;643757;6865056;true;true;48.88306289263402, 2.233070819512964
50170458;1343147;2021-10-22T09:21:01+00:00;2021-10-22T09:21:01+00:00;1;SNCF;Parking - chemin du Champ de Course;;Source IDFM;475090;625815;6826582;true;true;48.535224843247214, 1.9951133621248873
50170466;1343131;2021-10-22T09:20:59+00:00;2021-10-22T09:20:59+00:00;1;SNCF;Parking - Sud-Ouest;;Source IDFM;475892;690303;6848249;true;true;48.73429125258999, 2.8681504275797103
50170468;1343127;2021-10-22T09:20:58+00:00;2021-10-22T09:20:58+00:00;1;SNCF;Parking (Sud);;Source IDFM;474991;632245;6876973;true;true;48.98911147858267, 2.0742012467393858
50170482;1343099;2021-10-22T09:20:52+00:00;2021-10-22T09:20:52+00:00;1;SNCF;Parking rue Léon Geffroy;;Source IDFM;475687;656575;6853808;true;true;48.7829000363827, 2.4089974274664363
50170491;1343081;2021-10-22T09:20:47+00:00;2021-10-22T09:20:47+00:00;1;SNCF;pl. Anita Conti;;Source IDFM - Escalier vers voie 2;474816;645577;6876436;true;true;48.98555019525579, 2.2564256042875335
50170494;1343075;2021-10-22T09:20:45+00:00;2021-10-22T09:20:45+00:00;1;SNCF;pl. aux Etoiles;;Source IDFM;476696;652458;6868838;true;true;48.91777389526325, 2.3512881035260094
50170506;1343051;2021-10-22T09:20:40+00:00;2021-10-22T09:20:40+00:00;1;SNCF;pl. de la Gare;1;Source IDFM;476652;652273;6841973;true;true;48.67615316551755, 2.3517731337302745
50170508;1343047;2021-10-22T09:20:39+00:00;2021-10-22T09:20:39+00:00;1;SNCF;pl. de la Gare;;Source  IDFM;476916;654811;6841959;true;true;48.676209664899424, 2.386244233952641
50170515;1343033;2021-10-22T09:20:37+00:00;2021-10-22T09:20:37+00:00;1;SNCF;pl. de la Gare;;Source IDFM;475457;597356;6855996;true;true;48.79587138778426, 1.602635529645091
50170516;1343031;2021-10-22T09:20:37+00:00;2021-10-22T09:20:37+00:00;1;SNCF;pl. de la Gare;;Source IDFM;476730;602286;6859658;true;true;48.82956689120862, 1.6688977179438291
50170526;1343011;2021-10-22T09:20:34+00:00;2021-10-22T09:20:34+00:00;1;SNCF;pl. de la Gare;;Source IDFM;474959;646610;6857325;true;true;48.8137817176293, 2.2729426881324715
50170529;1343005;2021-10-22T09:20:33+00:00;2021-10-22T09:20:33+00:00;1;SNCF;pl. de la gare;;Source IDFM;476543;652074;6870808;true;true;48.93546029474692, 2.345825960352178
50170535;1342993;2021-10-22T09:20:32+00:00;2021-10-22T09:20:32+00:00;1;SNCF;pl. de la Gare;;Source IDFM;476478;656880;6840036;true;true;48.65905469251551, 2.4145379282700743
50170536;1342991;2021-10-22T09:20:32+00:00;2021-10-22T09:20:32+00:00;1;SNCF;pl. de la Gare;;Source IDFM;475734;657163;6849652;true;true;48.74556153329355, 2.4174169624435735
50170545;1342973;2021-10-22T09:20:30+00:00;2021-10-22T09:20:30+00:00;1;SNCF;pl. de la Gare;;Source IDFM;476840;668238;6871706;true;true;48.94453659734072, 2.5663863384341687
50170547;1342969;2021-10-22T09:20:30+00:00;2021-10-22T09:20:30+00:00;1;SNCF;pl. de la Gare;;Source IDFM;476839;668285;6871717;true;true;48.94463783238232, 2.567027144419634
50170548;1342967;2021-10-22T09:20:30+00:00;2021-10-22T09:20:30+00:00;1;SNCF;pl. de la Gare;;Source IDFM;476489;674301;6855094;true;true;48.795415567730785, 2.6501617345764985
50170549;1342965;2021-10-22T09:20:29+00:00;2021-10-22T09:20:29+00:00;1;SNCF;pl. de la Gare;;Source IDFM;475221;679742;6812911;true;true;48.41617001681935, 2.7262199038630786
50170551;1342961;2021-10-22T09:20:29+00:00;2021-10-22T09:20:29+00:00;1;SNCF;pl. de la Gare;;Source IDFM;475219;679760;6812964;true;true;48.41664738962434, 2.726460684601747
50170556;1342951;2021-10-22T09:20:28+00:00;2021-10-22T09:20:28+00:00;1;SNCF;pl. de la Gare;;Source IDFM;475922;690767;6873090;true;true;48.957700057198416, 2.8739200930155655
50170566;1342931;2021-10-22T09:20:26+00:00;2021-10-22T09:20:26+00:00;1;SNCF;pl. de la Gare;;Source IDFM;475762;702303;6880204;true;true;49.02173204699093, 3.0314870484087355
50170573;1342917;2021-10-22T09:20:25+00:00;2021-10-22T09:20:25+00:00;1;SNCF;pl. de la Gare;;Source IDFM - Accès côté droit bâtiment voyageur (côté voie 1);474849;701839;6873259;true;true;48.9592834224155, 3.025112955132714
50170584;1342895;2021-10-22T09:20:23+00:00;2021-10-22T09:20:23+00:00;1;SNCF;pl. de la Gare;;Source IDFM;475657;615818;6844304;true;true;48.69339762305757, 1.856237962071686
50170593;1342877;2021-10-22T09:20:21+00:00;2021-10-22T09:20:21+00:00;1;SNCF;pl. de la Gare;;Source IDFM;475897;647662;6829662;true;true;48.56506277706618, 2.2906519258465114
50170596;1342871;2021-10-22T09:20:20+00:00;2021-10-22T09:20:20+00:00;1;SNCF;pl. de la gare;;Source IDFM;476403;647985;6890640;true;true;49.11346095477954, 2.2875730774789442
50170600;1342863;2021-10-22T09:20:19+00:00;2021-10-22T09:20:19+00:00;1;SNCF;pl. de la Gare;;Source IDFM;475083;651640;6881628;true;true;49.03271949778324, 2.338665364388318
50170604;1342855;2021-10-22T09:20:19+00:00;2021-10-22T09:20:19+00:00;1;SNCF;pl. de la Gare;;Source IDFM;474674;653975;6804828;true;true;48.34213660466766, 2.3788571632184503
50170609;1342845;2021-10-22T09:20:18+00:00;2021-10-22T09:20:18+00:00;1;SNCF;pl. de la Gare (bâtiment voyageur);;Source IDFM - Accès quai via bâtiment voyageur;474706;580087;6788544;true;true;48.186225497450906, 1.3863646748730687
50170619;1342825;2021-10-22T09:20:16+00:00;2021-10-22T09:20:16+00:00;1;SNCF;pl. de la Gare (souterrain);;Source IDFM - Accès souterrain vers voie 2b;474737;647641;6826114;true;true;48.53314610339269, 2.2907992032917326
50170620;1342823;2021-10-22T09:20:16+00:00;2021-10-22T09:20:16+00:00;1;SNCF;pl. de la Gare (souterrain);;Source IDFM - chemin vers souterrain;474827;642115;6824088;true;true;48.51445159153896, 2.216226791042939
50170621;1342821;2021-10-22T09:20:15+00:00;2021-10-22T09:20:15+00:00;1;SNCF;pl. de la Gare (via bâtiment voyageur);;Source IDFM - Accès via bâtiment voyageur;474778;663672;6844444;true;true;48.6991194047007, 2.506379590953192
50170626;1342811;2021-10-22T09:20:14+00:00;2021-10-22T09:20:14+00:00;1;SNCF;pl. de la gare de Courbevoie/  r. Sébastopol;;Source IDFM;475027;644864;6866739;true;true;48.898293047289386, 2.2479463749072766
50170630;1342803;2021-10-22T09:20:14+00:00;2021-10-22T09:20:14+00:00;1;SNCF;pl. de la Liberation;;Source IDFM;475846;637309;6872094;true;true;48.94575459642674, 2.14411226221986
50170639;1342785;2021-10-22T09:20:12+00:00;2021-10-22T09:20:12+00:00;1;SNCF;pl. de la Résistance (Accès Quai B);2;Source IDFM;476238;648731;6862745;true;true;48.862695949190154, 2.3011714213033745
50170640;1342783;2021-10-22T09:20:12+00:00;2021-10-22T09:20:12+00:00;1;SNCF;pl. de l'Arrivée (via passerelle);;Source IDFM - Escalier vers passerelle;474781;663705;6844483;true;true;48.69947203596959, 2.506824669520552
50170644;1342775;2021-10-22T09:20:11+00:00;2021-10-22T09:20:11+00:00;1;SNCF;pl. de l'Europe;;Source IDFM;475354;612821;6876575;true;true;48.98319173725905, 1.8089111083683411
50170645;1342773;2021-10-22T09:20:11+00:00;2021-10-22T09:20:11+00:00;1;SNCF;pl. de l'Europe (bâtiment voyageur);;Source IDFM - Accès voie 2 via bâtiment voyageur;474840;685132;6811831;true;true;48.40659955515568, 2.7991007153584886
50170646;1342771;2021-10-22T09:20:10+00:00;2021-10-22T09:20:10+00:00;1;SNCF;pl. de l'Horloge;;Source IDFM;474815;629399;6883741;true;true;49.049657454708736, 2.0341864700245154
50170649;1342765;2021-10-22T09:20:10+00:00;2021-10-22T09:20:10+00:00;1;SNCF;pl. de Stalingrad;;Source IDFM - Escalier;475141;650781;6841239;true;true;48.66943943964332, 2.331594167732895
50170652;1342759;2021-10-22T09:20:09+00:00;2021-10-22T09:20:09+00:00;1;SNCF;pl. de Verdun;;Source IDFM;474884;622445;6896391;true;true;49.16258216591888, 1.9367374548667537
50170656;1342751;2021-10-22T09:20:08+00:00;2021-10-22T09:20:08+00:00;1;SNCF;pl. des Allées et Venues;;Source IDFM;474810;627694;6883553;true;true;49.047777393203695, 2.0108968914425116
50170663;1342737;2021-10-22T09:20:07+00:00;2021-10-22T09:20:07+00:00;1;SNCF;pl. du 19 Mars 1962;;Source IDFM;476650;669271;6832874;true;true;48.59534111291366, 2.5832862280855458
50170666;1342731;2021-10-22T09:20:06+00:00;2021-10-22T09:20:06+00:00;1;SNCF;pl. du 8 mai 1945;1;Source IDFM;476128;656080;6849236;true;true;48.74174731863454, 2.402731514446578
50170669;1342725;2021-10-22T09:20:06+00:00;2021-10-22T09:20:06+00:00;1;SNCF;pl. du 8 Mai 1945;;Source IDFM;475018;706002;6856433;true;true;48.80794213001807, 3.0817240778741617
50170670;1342723;2021-10-22T09:20:06+00:00;2021-10-22T09:20:06+00:00;1;SNCF;pl. du 8 Mai 1945;;Source IDFM;475019;706031;6856419;true;true;48.80781594909462, 3.0821187474315797
50170676;1342711;2021-10-22T09:20:04+00:00;2021-10-22T09:20:04+00:00;1;SNCF;pl. du 8 mai 1945 (bâtiment voyageur);;Source IDFM - Accès quai via bâtiment voyageur;474709;596294;6883014;true;true;49.038627417993595, 1.581574403426031
50170687;1342689;2021-10-22T09:20:02+00:00;2021-10-22T09:20:02+00:00;1;SNCF;pl. du Général de Gaulle;;Source IDFM - Accès via bâtiment voyageur;474550;662957;6870323;true;true;48.931817709459466, 2.4944130390748693
50170701;1342661;2021-10-22T09:19:59+00:00;2021-10-22T09:19:59+00:00;1;SNCF;pl. du Président Robert Lakota;;Source IDFM;476847;656909;6845493;true;true;48.70813863118395, 2.4143821717797413
50170709;1342645;2021-10-22T09:19:58+00:00;2021-10-22T09:19:58+00:00;1;SNCF;pl. Fernand Prud Homme;;Source IDFM;476429;613925;6838833;true;true;48.643943720940804, 1.8316217110772886
50170733;1342597;2021-10-22T09:19:53+00:00;2021-10-22T09:19:53+00:00;1;SNCF;pl. Maurice Berteaux (souterrain);;Source IDFM - Escalier vers souterrain;474912;638032;6865373;true;true;48.88538801561307, 2.154964183956618
50170737;1342589;2021-10-22T09:19:52+00:00;2021-10-22T09:19:52+00:00;1;SNCF;pl. Pierre Sémard;2;Source IDFM;476540;631907;6855828;true;true;48.798934042292586, 2.072975093613451
50170740;1342583;2021-10-22T09:19:51+00:00;2021-10-22T09:19:51+00:00;1;SNCF;pl. Pierre Sémard;;Source IDFM;475968;695804;6808844;true;true;48.379883156956176, 2.943331691352032
50170750;1342563;2021-10-22T09:19:49+00:00;2021-10-22T09:19:49+00:00;1;SNCF;pl. Salvator Allende;;Source IDFM;475361;655280;6875291;true;true;48.976002833963534, 2.3891115974039034
50170752;1342559;2021-10-22T09:19:49+00:00;2021-10-22T09:19:49+00:00;1;SNCF;pl.du 19 mars 1962;;Source IDFM - Escalier;475980;680639;6804065;true;true;48.336612386057425, 2.7387380226015803
50170758;1342547;2021-10-22T09:19:48+00:00;2021-10-22T09:19:48+00:00;1;SNCF;Quai André Citroën;3;Source IDFM;476260;646456;6860181;true;true;48.83945314593058, 2.2704863491335945
50170767;1342529;2021-10-22T09:19:46+00:00;2021-10-22T09:19:46+00:00;1;SNCF;r. Anatole France;;Source IDFM;475093;660082;6870465;true;true;48.93292266600921, 2.455160996740877
50170772;1342519;2021-10-22T09:19:45+00:00;2021-10-22T09:19:45+00:00;1;SNCF;r. Brancas;2;Source IDFM - Escalier;476680;641343;6858839;true;true;48.826939521436934, 2.201013505565856
50170778;1342507;2021-10-22T09:19:44+00:00;2021-10-22T09:19:44+00:00;1;SNCF;r. Charles de Gaulle;;Source IDFM;475416;652688;6876271;true;true;48.98462933776545, 2.353596063253417
50170783;1342497;2021-10-22T09:19:43+00:00;2021-10-22T09:19:43+00:00;1;SNCF;r. d'Ambreville;;Source IDFM;476848;660294;6832629;true;true;48.5926489405293, 2.4615757743366906
50170784;1342495;2021-10-22T09:19:42+00:00;2021-10-22T09:19:42+00:00;1;SNCF;r. d'Andrésy;;Source IDFM;474994;632322;6877289;true;true;48.99196090007882, 2.0752027050245245
50170794;1342475;2021-10-22T09:19:40+00:00;2021-10-22T09:19:40+00:00;1;SNCF;r. de la Cote Lecuyer;;Source IDFM;476746;620925;6879096;true;true;49.00690669261231, 1.9191465784281645
50170800;1342463;2021-10-22T09:19:39+00:00;2021-10-22T09:19:39+00:00;1;SNCF;r. de la Gare;;Source IDFM;476100;660294;6866399;true;true;48.89637218989544, 2.4584351026414337
50170801;1342461;2021-10-22T09:19:39+00:00;2021-10-22T09:19:39+00:00;1;SNCF;r. de la Gare;;Source IDFM;476101;660429;6866376;true;true;48.89617367064444, 2.460278504584819
50170807;1342449;2021-10-22T09:19:38+00:00;2021-10-22T09:19:38+00:00;1;SNCF;r. de la Gare;;Source IDFM;476823;687101;6838293;true;true;48.64468598405364, 2.824913299517083
50170811;1342441;2021-10-22T09:19:37+00:00;2021-10-22T09:19:37+00:00;1;SNCF;r. de la Gare;;Source IDFM - Escalier;475569;709055;6872288;true;true;48.950490687674765, 3.123632110551782
50170812;1342439;2021-10-22T09:19:37+00:00;2021-10-22T09:19:37+00:00;1;SNCF;r. de la Gare;;Source IDFM - Escalier vers souterrain;474821;670045;6829539;true;true;48.56537833851698, 2.594014724997009
50170815;1342433;2021-10-22T09:19:36+00:00;2021-10-22T09:19:36+00:00;1;SNCF;r. de la Gare;;Source IDFM;475591;645974;6832654;true;true;48.59183710934918, 2.267399176848166
50170818;1342427;2021-10-22T09:19:36+00:00;2021-10-22T09:19:36+00:00;1;SNCF;r. de la Gare;;Source IDFM;476667;656048;6891192;true;true;49.119027219425355, 2.397946179189932
50170825;1342413;2021-10-22T09:19:34+00:00;2021-10-22T09:19:34+00:00;1;SNCF;r. de la Gare (côté voie 2 / r. de la Bondé);;Source IDFM - Accès direct en bout de quai (voie 2);474788;654592;6807950;true;true;48.37026747294843, 2.3868565545171982
50170833;1342397;2021-10-22T09:19:33+00:00;2021-10-22T09:19:33+00:00;1;SNCF;r. de la Jonquiere / r. Fragonard;2;Source IDFM;476301;649936;6866277;true;true;48.89455292089757, 2.3171791927309995
50170838;1342387;2021-10-22T09:19:32+00:00;2021-10-22T09:19:32+00:00;1;SNCF;r. de la Papeterie;;Source IDFM;476007;661136;6831912;true;true;48.586250571958836, 2.4730580639104027
50170844;1342375;2021-10-22T09:19:30+00:00;2021-10-22T09:19:30+00:00;1;SNCF;r. de la République;;Source IDFM;476695;680313;6786858;true;true;48.18178283263893, 2.735117837273812
50170851;1342361;2021-10-22T09:19:29+00:00;2021-10-22T09:19:29+00:00;1;SNCF;r. de l'Abbé Rousseau;1;Source IDFM;476828;636518;6855434;true;true;48.79586110963969, 2.1358032162960248
50170863;1342337;2021-10-22T09:19:26+00:00;2021-10-22T09:19:26+00:00;1;SNCF;r. de Marne;;Source IDFM;475610;678264;6864677;true;true;48.88174399782923, 2.7036195161613565
50170868;1342327;2021-10-22T09:19:25+00:00;2021-10-22T09:19:25+00:00;1;SNCF;r. de Naples;;Source IDFM;475672;658234;6854509;true;true;48.78931404893521, 2.431506490269939
50170872;1342319;2021-10-22T09:19:24+00:00;2021-10-22T09:19:24+00:00;1;SNCF;r. de Paris;;Source IDFM;476757;682315;6848806;true;true;48.7391315995872, 2.7595154880485224
50170876;1342311;2021-10-22T09:19:23+00:00;2021-10-22T09:19:23+00:00;1;SNCF;r. de Paris (via passerelle);;Source IDFM - Escalier vers passerelle;474824;670165;6829339;true;true;48.563584810253154, 2.595654957469872
50170880;1342303;2021-10-22T09:19:22+00:00;2021-10-22T09:19:22+00:00;1;SNCF;r. de Riesseuc;1;Source  IDFM;476914;639131;6855946;true;true;48.8007175192864, 2.1712988427852573
50170886;1342291;2021-10-22T09:19:20+00:00;2021-10-22T09:19:20+00:00;1;SNCF;r. de Seine;;Source  IDFM;476919;654775;6842043;true;true;48.67696267234919, 2.3857464278147185
50170889;1342285;2021-10-22T09:19:20+00:00;2021-10-22T09:19:20+00:00;1;SNCF;r. de Vauboyen;3;Source IDFM;476808;640609;6851325;true;true;48.75929706147766, 2.192063348172016
50170890;1342283;2021-10-22T09:19:19+00:00;2021-10-22T09:19:19+00:00;1;SNCF;r. de Vauboyen;2;Source IDFM;476807;640597;6851312;true;true;48.7591790414078, 2.191901925099343
50170894;1342275;2021-10-22T09:19:19+00:00;2021-10-22T09:19:19+00:00;1;SNCF;r. de Verdun;;Source IDFM;475766;718471;6823721;true;true;48.51347133189375, 3.250092267913958
50170898;1342267;2021-10-22T09:19:18+00:00;2021-10-22T09:19:18+00:00;1;SNCF;r. de Vintue;;Source IDFM;475180;640515;6821770;true;true;48.49345536712225, 2.1948839957244553
50170910;1342243;2021-10-22T09:19:15+00:00;2021-10-22T09:19:15+00:00;1;SNCF;r. des Deux Gares;;Source IDFM;475866;606008;6876682;true;true;48.983193592151046, 1.7158200865791418
50170914;1342235;2021-10-22T09:19:14+00:00;2021-10-22T09:19:14+00:00;1;SNCF;r. des Galons;;Source IDFM;475939;644416;6857396;true;true;48.814234816728934, 2.243057638871085
50170918;1342227;2021-10-22T09:19:13+00:00;2021-10-22T09:19:13+00:00;1;SNCF;r. des Herbages;2;Source IDFM;476533;635455;6828238;true;true;48.551152516130074, 2.125433855657929
50170920;1342223;2021-10-22T09:19:13+00:00;2021-10-22T09:19:13+00:00;1;SNCF;r. des longues Raies;;Source IDFM;476582;686338;6809118;true;true;48.3822181985652, 2.8154820209848217
50170924;1342215;2021-10-22T09:19:12+00:00;2021-10-22T09:19:12+00:00;1;SNCF;r. des Sescois;;Source IDFM - Chemin d'accès vers voie 1;474684;677285;6819492;true;true;48.475292909572026, 2.692668523734028
50171135;1342197;2021-10-22T09:19:10+00:00;2021-10-22T09:19:10+00:00;1;SNCF;r. des Vignes;;Source IDFM;474724;646809;6862047;true;true;48.856263131298235, 2.2750621484638582
50171139;1342189;2021-10-22T09:19:09+00:00;2021-10-22T09:19:09+00:00;1;SNCF;r. d'Estienne D'orves (bâtiment voyageur secondaire);;Source IDFM;474678;646543;6868573;true;true;48.91492675322968, 2.2706155029419786
50171153;1342161;2021-10-22T09:19:07+00:00;2021-10-22T09:19:07+00:00;1;SNCF;r. du Château de Belesbat;;Source IDFM - Accès direct (chemin) en bout de voie 2;474753;653791;6815204;true;true;48.43547025420153, 2.375266164183326
50171174;1342119;2021-10-22T09:19:02+00:00;2021-10-22T09:19:02+00:00;1;SNCF;r. du Général de Gaulle;;Source IDFM;476045;716188;6874921;true;true;48.97402743542318, 3.221122538874758
50171178;1342111;2021-10-22T09:19:02+00:00;2021-10-22T09:19:02+00:00;1;SNCF;r. du gros Noyer;;Source IDFM;475415;645764;6877698;true;true;48.99691352367058, 2.2588185683338393
50171180;1342107;2021-10-22T09:19:01+00:00;2021-10-22T09:19:01+00:00;1;SNCF;r. du Lendemain 2ème accès;;Source IDFM - Escalier vers souterrain;474813;627841;6883716;true;true;49.049259449331934, 2.0128796815119254
50171188;1342091;2021-10-22T09:19:00+00:00;2021-10-22T09:18:59+00:00;1;SNCF;r. du Moulin de Senlis;;Source IDFM;475973;660325;6845590;true;true;48.70922989930426, 2.4607959877789547
50171190;1342087;2021-10-22T09:18:59+00:00;2021-10-22T09:18:59+00:00;1;SNCF;r. du Moulin de Senlis;;Source IDFM;475975;660492;6845481;true;true;48.70825977037267, 2.463075607821518
50171193;1342081;2021-10-22T09:18:59+00:00;2021-10-22T09:18:59+00:00;1;SNCF;r. du Petit Pas;;Source IDFM;475658;615856;6844275;true;true;48.69314175958155, 1.8567598917024366
50171201;1342065;2021-10-22T09:18:57+00:00;2021-10-22T09:18:57+00:00;1;SNCF;r. Dumont d'Urville;;Source IDFM - Escalier vers souterrain (accès voie 1bis et 2bis);474620;643300;6858001;true;true;48.81957846328184, 2.227780351038508
50171220;1342027;2021-10-22T09:18:53+00:00;2021-10-22T09:18:53+00:00;1;SNCF;r. Gallieni;;Source IDFM - Chemin d'accès vers voie 2;474817;645655;6876394;true;true;48.985179141964565, 2.257496641117625
50171222;1342023;2021-10-22T09:18:53+00:00;2021-10-22T09:18:53+00:00;1;SNCF;r. Gallieni (escalier);;Source IDFM;474818;645610;6876418;true;true;48.985391137335874, 2.2568787667924637
50171226;1342015;2021-10-22T09:18:52+00:00;2021-10-22T09:18:52+00:00;1;SNCF;r. Georges Clémenceau;;Source IDFM;476759;682315;6848840;true;true;48.73943739891506, 2.7595140799645175
50171231;1342005;2021-10-22T09:18:51+00:00;2021-10-22T09:18:51+00:00;1;SNCF;r. Jean Jaouen;;Source IDFM;475863;605123;6877283;true;true;48.988467112767104, 1.703596002549715
50171236;1341995;2021-10-22T09:18:50+00:00;2021-10-22T09:18:50+00:00;1;SNCF;r. Jean Mermoze;;Source IDFM;476639;623288;6892121;true;true;49.12429648745133, 1.949072517409953
50171238;1341991;2021-10-22T09:18:49+00:00;2021-10-22T09:18:49+00:00;1;SNCF;r. Jean Saunier (av. de la Gare);;Source IDFM;476085;647512;6892777;true;true;49.13263527430569, 2.2808283849499302
50171241;1341985;2021-10-22T09:18:49+00:00;2021-10-22T09:18:49+00:00;1;SNCF;r. Latérale;;Source IDFM;475574;639976;6875882;true;true;48.98007013071541, 2.179983715660415
50171243;1341981;2021-10-22T09:18:48+00:00;2021-10-22T09:18:48+00:00;1;SNCF;r. Louis Auguste Blanqui;;Source IDFM;476266;636432;6884834;true;true;49.06021955780165, 2.1302241955414396
50171245;1341977;2021-10-22T09:18:48+00:00;2021-10-22T09:18:48+00:00;1;SNCF;r. Louis Pasteur;;Source IDFM - Escalier;474835;644866;6893249;true;true;49.13665663022192, 2.244514134178013
50171251;1341965;2021-10-22T09:18:47+00:00;2021-10-22T09:18:47+00:00;1;SNCF;r. Maurice Berteaux;;Source IDFM;475463;640210;6869324;true;true;48.9211227045343, 2.184105964263369
50171253;1341961;2021-10-22T09:18:46+00:00;2021-10-22T09:18:46+00:00;1;SNCF;r. Nouvelle;;Source IDFM;474762;640431;6831166;true;true;48.57796647243486, 2.1924465967326876
50171261;1341945;2021-10-22T09:18:45+00:00;2021-10-22T09:18:45+00:00;1;SNCF;r. Pasteur;;Source IDFM - Escalier;475143;650762;6841198;true;true;48.669069224236075, 2.33134087032411
50171264;1341939;2021-10-22T09:18:44+00:00;2021-10-22T09:18:44+00:00;1;SNCF;r. Pasteur;;Source IDFM;475593;645974;6832624;true;true;48.59156726332276, 2.267402950986687
50171268;1341931;2021-10-22T09:18:43+00:00;2021-10-22T09:18:43+00:00;1;SNCF;r. Pierre Semard;;Source IDFM;476763;627002;6853230;true;true;48.775033543508776, 2.0066496700319827
50171272;1341923;2021-10-22T09:18:43+00:00;2021-10-22T09:18:43+00:00;1;SNCF;r. Racary;4;Source IDFM;476535;635499;6828226;true;true;48.55104895836737, 2.1260317938378095
50171276;1341915;2021-10-22T09:18:42+00:00;2021-10-22T09:18:42+00:00;1;SNCF;r. Raymond Poincaré;;Source IDFM - Ascenseur;475611;678602;6864758;true;true;48.882483746312715, 2.708224180165786
50171278;1341911;2021-10-22T09:18:41+00:00;2021-10-22T09:18:41+00:00;1;SNCF;r. Robert Pissonnier;;Source IDFM;475189;659696;6837232;true;true;48.63401541556752, 2.4530346318381344
50171283;1341901;2021-10-22T09:18:40+00:00;2021-10-22T09:18:40+00:00;1;SNCF;r. Saint-Denis;;Source IDFM - Escalier. Escalator et Ascenseur;474973;645728;6869574;true;true;48.92385983064923, 2.259367926301739
50171286;1341895;2021-10-22T09:18:40+00:00;2021-10-22T09:18:40+00:00;1;SNCF;r. Saint-Lazare;;Source IDFM;476009;661189;6831920;true;true;48.586325712033464, 2.473775926258169
50171293;1341881;2021-10-22T09:18:38+00:00;2021-10-22T09:18:38+00:00;1;SNCF;r. Séjourné;;Source IDFM;475929;674512;6825253;true;true;48.527014823163725, 2.6548098441468104
50171295;1341877;2021-10-22T09:18:38+00:00;2021-10-22T09:18:38+00:00;1;SNCF;r. Turgot;;Source IDFM;476648;638234;6871174;true;true;48.93757145328338, 2.1568739487420987
50171302;1341863;2021-10-22T09:18:36+00:00;2021-10-22T09:18:36+00:00;1;SNCF;rte Camille Pissarro;;Source IDFM;476885;664272;6873765;true;true;48.962843544506434, 2.512070259791248
50171310;1341847;2021-10-22T09:18:35+00:00;2021-10-22T09:18:35+00:00;1;SNCF;rte de Villemomble;;Source IDFM - Ascenseur;474695;661848;6866093;true;true;48.89371439473567, 2.479657563184552
50171312;1341843;2021-10-22T09:18:34+00:00;2021-10-22T09:18:34+00:00;1;SNCF;rte de Villemomble;;Source IDFM -Escalier vers souterrain;474694;661796;6866107;true;true;48.8938372090313, 2.478947113101411
50171313;1341841;2021-10-22T09:18:34+00:00;2021-10-22T09:18:34+00:00;1;SNCF;rte départementale;;Source IDFM - Chemin d'accès depuis route départementale vers voie 2;474719;650547;6882885;true;true;49.04393839667465, 2.3235717976042745
50171316;1341835;2021-10-22T09:18:34+00:00;2021-10-22T09:18:34+00:00;1;SNCF;rte des Huits Bouteilles;;Source IDFM;474927;640398;6856324;true;true;48.80423527875739, 2.1884943031307436
50171318;1341831;2021-10-22T09:18:33+00:00;2021-10-22T09:18:33+00:00;1;SNCF;rte d'Héricy;;Source  IDFM;476939;681721;6814492;true;true;48.43045205215399, 2.7528983793773927
50171320;1341827;2021-10-22T09:18:33+00:00;2021-10-22T09:18:33+00:00;1;SNCF;rte du Pont;;Source IDFM - Escalier;476880;626724;6871512;true;true;48.939402579646185, 1.999715736981242
50171322;1341823;2021-10-22T09:18:32+00:00;2021-10-22T09:18:32+00:00;1;SNCF;Sentier des Hauts Vignons (bd John Kennedy);;Source IDFM;475661;661584;6830520;true;true;48.5737560681526, 2.479256611502468
